Core,Coring device,Latitude,Longitude,Water depth (m),Ocean,Sample depth - upper (m),Sample depth - lower (m),calendar age estimate (cal ky BP),Publication,added by (name),date of addition,Orbulina universa,Globigerinoides conglobatus,Globigerinoides ruber total,Globoturborotalita tenella,Globigerinoides sacc total,Sphaeroidinella dehiscens,Globigerinella siphonifera (=aequilateralis),Globigerinella calida,Globigerina bulloides,Globigerina falconensis,Beela digitata,Globoturborotalita rubescens,Turborotalita quinqueloba,Neogloboquadrina pachyderma L,Neogloboquadrina pachyderma R,Neogloboquadrina dutertrei,Globoquadrina conglomerata,Globorotaloides hexagonus,Pulleniatina obliquiloculata,Globorotalia inflata,Globorotalia truncatulinoides L,Globorotalia truncatulinoides R,Globorotalia crassaformis,Globorotalia hirsuta,Globorotalia scitula,Globorotalia menardii + tumida,Candeina nitida ,Globigerinita glutinata,Total Planktics,%(1) or Raw(2)
KH92-1-3a,Piston,8.015666667,139.6401667,2830,West Caroline Basin,0.324,5.1,19.7,"Kimoto et al., 2003. Marine Micropaleontology","Huang, C.C. & Chen, M.T.",Jun-03,0.704934542,4.43101712,32.32628399,2.416918429,7.452165156,0,5.740181269,1.007049345,9.466263847,0.201409869,0.805639476,1.510574018,0.201409869,0,0,9.466263847,0,0.704934542,2.014098691,0,0,0.201409869,0.704934542,0,0.704934542,6.545820745,0.805639476,12.58811682,100,1
KH92-1-5a,Piston,3.531833333,141.8616667,2283,Eauripic-New Guinea Rise,0.222,5.15,20.3,"Kimoto et al., 2003. Marine Micropaleontology","Huang, C.C. & Chen, M.T.",Jun-03,0,0.5,31,1.5,3.5,0,18.5,0,5.5,1.5,0,0.5,0,0,0,3.5,0,0,4.5,0,0,0,0,0,0,3.5,0.5,25.5,100,1
KH90-3-P2,Piston,-1.170166667,160.007,2494,Ontong-Java Plateau,0.631,5.2,20.1,"Kimoto et al., 2003. Marine Micropaleontology","Huang, C.C. & Chen, M.T.",Jun-03,0,0.706357215,30.07063572,1.311806256,5.650857719,0,6.357214934,0.403632694,12.41170535,0.908173562,0.201816347,2.219979818,0,0,0,9.989909183,1.109989909,0.201816347,6.155398587,0,0,0,0,0,0,3.329969728,0.201816347,18.76892028,100,1
KH90-3-P2,Piston,-1.170166667,160.007,2494,Ontong-Java Plateau,0.677,5.25,21.9,"Kimoto et al., 2003. Marine Micropaleontology","Huang, C.C. & Chen, M.T.",Jun-03,0,0,31.89568706,0.702106319,4.914744233,0,7.321965898,0.300902708,13.74122367,0.200601805,0,1.705115346,0,0,0,5.616850552,0.501504514,0,5.115346038,0,0,0,0.300902708,0,0,3.410230692,0,24.27281846,100,1
MD972142,Piston,12.69,119.47,1557,South China Sea,2.775,5.3,19.25892857,"Chen, M.T.","Huang, C.C. & Chen, M.T.",Jun-03,0.806451613,0.537634409,18.27956989,4.032258065,7.52688172,0,5.913978495,14.24731183,9.677419355,0.537634409,0,1.344086022,0,0,0,18.5483871,0.537634409,0,6.720430108,0.537634409,0,0,0.268817204,0,0,1.88172043,0,8.602150538,100,1
MD972142,Piston,12.69,119.47,1557,South China Sea,2.815,5.35,19.61607143,"Chen, M.T.","Huang, C.C. & Chen, M.T.",Jun-03,2.011494253,0,17.24137931,2.298850575,9.195402299,0,5.172413793,10.05747126,9.770114943,0.574712644,0,2.011494253,0,0,0,18.3908046,0.574712644,0,6.32183908,0.287356322,0,0,1.724137931,0,0,2.873563218,0,11.49425287,100,1
MD972142,Piston,12.69,119.47,1557,South China Sea,2.895,5.4,20.33035714,"Chen, M.T.","Huang, C.C. & Chen, M.T.",Jun-03,0.959232614,0,16.30695444,1.438848921,10.07194245,0,4.79616307,11.03117506,7.434052758,1.438848921,0.959232614,2.158273381,0,0,0,15.10791367,0.959232614,0,10.79136691,0.71942446,0,0,0.959232614,0,0,3.836930456,0,11.03117506,100,1
MD972142,Piston,12.69,119.47,1557,South China Sea,2.975,5.45,21.05078125,"Chen, M.T.","Huang, C.C. & Chen, M.T.",Jun-03,0.848896435,0.339558574,17.99660441,3.395585739,8.998302207,0,4.244482173,12.90322581,4.753820034,2.716468591,0.679117148,2.20713073,0,0,0,16.12903226,0.679117148,0,7.130730051,0.169779287,0,0.509337861,3.056027165,0,0,2.716468591,0,10.52631579,100,1
MD972142,Piston,12.69,119.47,1557,South China Sea,3.055,5.5,21.86328125,"Chen, M.T.","Huang, C.C. & Chen, M.T.",Jun-03,0.520833333,0.260416667,21.35416667,3.90625,0,0,4.427083333,16.66666667,10.9375,1.041666667,2.34375,0.260416667,0,0,0,17.70833333,0.520833333,0,5.46875,0.520833333,0,0,3.90625,0,0,2.083333333,0,8.072916667,100,1
MD972142,Piston,12.69,119.47,1557,South China Sea,3.135,5.55,22.67578125,"Chen, M.T.","Huang, C.C. & Chen, M.T.",Jun-03,0.279329609,0.558659218,18.7150838,2.793296089,10.05586592,0,3.910614525,15.36312849,4.748603352,1.955307263,0.279329609,0.558659218,0,0,0,19.27374302,1.396648045,0,7.541899441,0.558659218,0,1.675977654,3.910614525,0,0.279329609,1.117318436,0,5.027932961,100,1
MD972148,Piston,19.8,117.54,2830,South China Sea,9.955,5.6,19.08405556,"Chen, M.T.","Huang, C.C. & Chen, M.T.",Jun-03,2.419354839,0,16.53225806,1.612903226,6.451612903,0,0.806451613,6.85483871,11.69354839,0,0,1.209677419,0,0,0,31.0483871,1.209677419,0,0.806451613,4.032258065,0,0,0,0,0,2.016129032,0,13.30645161,100,1
MD972148,Piston,19.8,117.54,2830,South China Sea,10.035,5.65,19.1735,"Chen, M.T.","Huang, C.C. & Chen, M.T.",Jun-03,2.173913043,0,18.11594203,0,6.52173913,0,1.449275362,5.434782609,5.072463768,0.724637681,0,0,0,0,0,42.39130435,0.362318841,0,1.811594203,1.811594203,0,0,0,0,0,0.362318841,0,13.76811594,100,1
MD972148,Piston,19.8,117.54,2830,South China Sea,10.115,5.7,19.26294444,"Chen, M.T.","Huang, C.C. & Chen, M.T.",Jun-03,0.900900901,0,16.66666667,0,4.054054054,0,1.801801802,5.405405405,4.954954955,0,0.45045045,1.801801802,0,0,0,47.2972973,0.45045045,0,1.351351351,0.900900901,0,0,0,0,0,3.153153153,0,10.81081081,100,1
MD972148,Piston,19.8,117.54,2830,South China Sea,10.195,5.75,19.35238889,"Chen, M.T.","Huang, C.C. & Chen, M.T.",Jun-03,2.336448598,0,12.14953271,0,6.074766355,0,0.46728972,2.336448598,5.140186916,0.46728972,0,0.934579439,0,0,0,50.46728972,0.46728972,0,0.934579439,3.738317757,0,0,0,0,0,2.336448598,0,12.14953271,100,1
MD972148,Piston,19.8,117.54,2830,South China Sea,10.275,5.8,19.44183333,"Chen, M.T.","Huang, C.C. & Chen, M.T.",Jun-03,2.788844622,0,8.764940239,1.195219124,8.764940239,0,1.593625498,7.569721116,5.179282869,0.398406375,0,2.390438247,0,0,0,45.81673307,0,0,1.992031873,6.772908367,0,0,1.593625498,0,0,1.593625498,0,3.585657371,100,1
MD972148,Piston,19.8,117.54,2830,South China Sea,10.435,5.85,19.62072222,"Chen, M.T.","Huang, C.C. & Chen, M.T.",Jun-03,1.229508197,0.409836066,13.1147541,0,6.147540984,0,0.819672131,2.459016393,3.278688525,0.819672131,0,0.409836066,0,0,0,22.13114754,0,0,1.639344262,25.81967213,0,0,1.229508197,0,0,2.868852459,0,17.62295082,100,1
MD972148,Piston,19.8,117.54,2830,South China Sea,10.515,1.62,19.71016667,"Chen, M.T.","Huang, C.C. & Chen, M.T.",Jun-03,1.185770751,0,15.01976285,1.581027668,7.509881423,0,0.790513834,3.95256917,7.114624506,0.395256917,0,3.162055336,0,0,0,28.85375494,0,0,2.766798419,11.06719368,0,0,0.790513834,0,0,4.347826087,0,11.46245059,100,1
MD972148,Piston,19.8,117.54,2830,South China Sea,10.595,1.66,19.79961111,"Chen, M.T.","Huang, C.C. & Chen, M.T.",Jun-03,2.118644068,0,15.6779661,0.847457627,4.237288136,0,0.847457627,8.474576271,3.813559322,0.847457627,0,2.118644068,0,0,0,36.44067797,1.271186441,0,4.237288136,7.627118644,0,0,0.423728814,0,0,2.542372881,0,8.474576271,100,1
MD972148,Piston,19.8,117.54,2830,South China Sea,10.675,1.7,19.88905556,"Chen, M.T.","Huang, C.C. & Chen, M.T.",Jun-03,0.921658986,0,8.755760369,1.843317972,5.529953917,0,0.460829493,5.069124424,5.99078341,0.921658986,0,0.921658986,0,0,0,45.16129032,0.460829493,0,1.843317972,5.99078341,0,0,1.382488479,0,0,2.764976959,0,11.98156682,100,1
MD972148,Piston,19.8,117.54,2830,South China Sea,10.755,1.74,19.9785,"Chen, M.T.","Huang, C.C. & Chen, M.T.",Jun-03,0.512820513,0,12.82051282,2.564102564,4.615384615,0,0,4.102564103,4.615384615,2.051282051,0,2.051282051,0,0,0,46.15384615,2.051282051,0,0.512820513,0.512820513,0,0,1.025641026,0,0,2.564102564,0,13.84615385,100,1
MD972148,Piston,19.8,117.54,2830,South China Sea,10.835,1.78,20.06794444,"Chen, M.T.","Huang, C.C. & Chen, M.T.",Jun-03,0.440528634,0.440528634,12.55506608,1.321585903,5.947136564,0,0.660792952,2.422907489,5.726872247,0.220264317,0,1.101321586,1.101321586,0,0,48.01762115,0,0,2.643171806,0.881057269,0,0,0.660792952,0,0,3.303964758,0,12.55506608,100,1
MD972148,Piston,19.8,117.54,2830,South China Sea,10.915,1.82,20.15738889,"Chen, M.T.","Huang, C.C. & Chen, M.T.",Jun-03,1.857585139,0,12.07430341,0.619195046,8.049535604,0,1.238390093,3.095975232,4.024767802,0,0.309597523,0.619195046,0.309597523,0,0,50.15479876,0.619195046,0,1.238390093,1.238390093,0,1.238390093,1.547987616,0,0,2.476780186,0,9.287925697,100,1
MD972148,Piston,19.8,117.54,2830,South China Sea,11.075,1.86,20.33627778,"Chen, M.T.","Huang, C.C. & Chen, M.T.",Jun-03,1.013513514,0,14.86486486,0.337837838,4.054054054,0,2.027027027,6.756756757,8.108108108,0.675675676,0.337837838,1.013513514,0,0,0,45.27027027,0.675675676,0,2.702702703,2.364864865,0,0.337837838,1.013513514,0,0,0.675675676,0,7.77027027,100,1
MD972148,Piston,19.8,117.54,2830,South China Sea,11.155,1.9,20.42572222,"Chen, M.T.","Huang, C.C. & Chen, M.T.",Jun-03,1.02739726,0,16.78082192,1.369863014,3.082191781,0,1.369863014,7.534246575,9.931506849,0.684931507,0.342465753,1.02739726,0,0,0,38.35616438,1.369863014,0,2.054794521,4.452054795,0,0.342465753,0.684931507,0,0,1.02739726,0,8.561643836,100,1
MD972148,Piston,19.8,117.54,2830,South China Sea,11.235,1.98,20.51516667,"Chen, M.T.","Huang, C.C. & Chen, M.T.",Jun-03,1.454545455,0,12.72727273,1.818181818,4.363636364,0,1.818181818,8,8.363636364,0,0,1.090909091,0,0,0,41.81818182,2.545454545,0,1.818181818,5.090909091,0.363636364,0,1.454545455,0,0,0.363636364,0,6.909090909,100,1
MD972148,Piston,19.8,117.54,2830,South China Sea,11.315,2.02,20.60461111,"Chen, M.T.","Huang, C.C. & Chen, M.T.",Jun-03,2.734375,0,14.84375,1.171875,6.640625,0.390625,1.171875,6.25,9.375,0.390625,0,0.390625,0,0,0,37.5,0.78125,0,2.34375,8.59375,0,0,0,0,0,1.171875,0,6.25,100,1
MD972148,Piston,19.8,117.54,2830,South China Sea,11.395,2.06,20.69405556,"Chen, M.T.","Huang, C.C. & Chen, M.T.",Jun-03,1.818181818,0,12,0.363636364,4.727272727,0,1.090909091,10.54545455,7.636363636,0.363636364,0,0.727272727,0,0,0,42.54545455,0.727272727,0,1.090909091,5.090909091,0,0,1.454545455,0,0,1.454545455,0,8.363636364,100,1
MD972148,Piston,19.8,117.54,2830,South China Sea,11.475,2.1,20.7835,"Chen, M.T.","Huang, C.C. & Chen, M.T.",Jun-03,0.884955752,0.442477876,11.0619469,0.884955752,8.407079646,0,0.884955752,11.50442478,8.407079646,1.327433628,0,1.327433628,0,0,0,44.24778761,1.327433628,0,1.769911504,0.884955752,0,0.884955752,1.327433628,0,0,0.884955752,0,3.539823009,100,1
MD972148,Piston,19.8,117.54,2830,South China Sea,11.555,2.14,20.87294444,"Chen, M.T.","Huang, C.C. & Chen, M.T.",Jun-03,1.872659176,0,11.61048689,1.123595506,4.494382022,0,1.498127341,5.617977528,9.36329588,0.374531835,0,0,0,0,0,48.31460674,1.498127341,0,1.123595506,0.74906367,0,0,1.872659176,0,0,1.498127341,0,8.988764045,100,1
MD972148,Piston,19.8,117.54,2830,South China Sea,11.635,2.18,20.96238889,"Chen, M.T.","Huang, C.C. & Chen, M.T.",Jun-03,0.491400491,0.245700246,11.79361179,0.491400491,3.931203931,0,0.982800983,7.862407862,12.53071253,0.245700246,0,0.982800983,0,0,0,45.7002457,1.228501229,0,1.965601966,0.737100737,0,0,0.737100737,0,0,1.71990172,0,8.353808354,100,1
MD972148,Piston,19.8,117.54,2830,South China Sea,11.715,3.66,21.05183333,"Chen, M.T.","Huang, C.C. & Chen, M.T.",Jun-03,1.146788991,0.229357798,11.00917431,0.229357798,4.587155963,0.229357798,0.458715596,5.963302752,8.944954128,0.458715596,0,0.688073394,0,0,0,48.85321101,2.752293578,0,2.981651376,0.917431193,0,0.917431193,0.917431193,0,0,1.605504587,0,7.110091743,100,1
MD972148,Piston,19.8,117.54,2830,South China Sea,11.795,3.76,21.14127778,"Chen, M.T.","Huang, C.C. & Chen, M.T.",Jun-03,0.306748466,0,10.42944785,2.147239264,3.987730061,0,0.306748466,3.374233129,6.748466258,0.920245399,0.306748466,0.613496933,0,0,0,49.38650307,2.760736196,0,2.147239264,0.613496933,0,0.613496933,2.760736196,0,0,1.533742331,0,11.04294479,100,1
MD972148,Piston,19.8,117.54,2830,South China Sea,11.875,3.86,21.23072222,"Chen, M.T.","Huang, C.C. & Chen, M.T.",Jun-03,1.337792642,0.334448161,12.04013378,1.003344482,5.016722408,0.334448161,1.003344482,3.344481605,9.698996656,0.668896321,0,0.668896321,0,0,0,48.82943144,1.337792642,0,1.672240803,0.334448161,0,0,1.337792642,0,0.334448161,1.003344482,0,9.698996656,100,1
MD972148,Piston,19.8,117.54,2830,South China Sea,11.955,3.96,21.32016667,"Chen, M.T.","Huang, C.C. & Chen, M.T.",Jun-03,0.925925926,0,12.73148148,0.925925926,5.324074074,0,1.62037037,5.555555556,9.953703704,0.925925926,0,1.851851852,0,0,0,45.13888889,1.388888889,0,1.388888889,0,0,0,0.925925926,0,0,3.472222222,0,7.87037037,100,1
MD972148,Piston,19.8,117.54,2830,South China Sea,12.035,4.06,21.40961111,"Chen, M.T.","Huang, C.C. & Chen, M.T.",Jun-03,1.666666667,0,8.095238095,0,6.428571429,0,1.428571429,3.80952381,10.23809524,0,0.238095238,0.714285714,0,0,0,51.9047619,1.19047619,0,2.380952381,0.238095238,0,0,1.19047619,0,0.238095238,4.523809524,0,5.714285714,100,1
MD972148,Piston,19.8,117.54,2830,South China Sea,12.115,4.16,21.49905556,"Chen, M.T.","Huang, C.C. & Chen, M.T.",Jun-03,2.244389027,0.249376559,14.4638404,0.748129676,5.735660848,0.249376559,0.997506234,2.992518703,7.2319202,0.997506234,0,0.249376559,0,0,0,50.6234414,1.246882793,0,2.244389027,0.498753117,0,0.498753117,0.748129676,0,0,2.244389027,0,5.735660848,100,1
MD972148,Piston,19.8,117.54,2830,South China Sea,12.195,4.26,21.5885,"Chen, M.T.","Huang, C.C. & Chen, M.T.",Jun-03,1.052631579,0,7.719298246,0.350877193,4.561403509,0,0,4.561403509,5.614035088,0,0,0.350877193,0,0,0,57.54385965,0,0,3.859649123,3.157894737,0,0,0,0,0.350877193,0.701754386,0,10.1754386,100,1
MD972148,Piston,19.8,117.54,2830,South China Sea,12.275,4.36,21.67794444,"Chen, M.T.","Huang, C.C. & Chen, M.T.",Jun-03,3.370786517,0.74906367,10.86142322,0.74906367,4.494382022,0,1.123595506,3.745318352,7.116104869,0.74906367,0,0,0,0,0,43.44569288,1.123595506,0,3.745318352,10.11235955,0,0,0,0,0,0,0,8.61423221,100,1
MD972148,Piston,19.8,117.54,2830,South China Sea,12.355,4.46,21.76738889,"Chen, M.T.","Huang, C.C. & Chen, M.T.",Jun-03,3.036437247,0,8.502024291,0.809716599,8.097165992,0,2.226720648,4.858299595,11.33603239,0.607287449,0,0.809716599,0,0,0,40.28340081,0.607287449,0,3.238866397,8.906882591,0,0,0,0,0,0.20242915,0,6.477732794,100,1
MD972148,Piston,19.8,117.54,2830,South China Sea,12.435,4.56,21.85683333,"Chen, M.T.","Huang, C.C. & Chen, M.T.",Jun-03,1.548672566,0.221238938,8.185840708,1.548672566,5.973451327,0,1.327433628,8.628318584,8.185840708,1.548672566,0,0.663716814,0,0,0,40.7079646,0.442477876,0,2.433628319,8.185840708,0,0.221238938,0,0,0,0.221238938,0,9.955752212,100,1
MD972148,Piston,19.8,117.54,2830,South China Sea,12.515,4.66,21.94627778,"Chen, M.T.","Huang, C.C. & Chen, M.T.",Jun-03,0.614754098,0,9.426229508,1.229508197,5.532786885,0,2.459016393,7.172131148,8.606557377,0.204918033,0.204918033,0.614754098,0,0,0,46.51639344,0.409836066,0,2.254098361,4.713114754,0.204918033,0.204918033,0,0,0,0.204918033,0,9.426229508,100,1
MD972148,Piston,19.8,117.54,2830,South China Sea,12.595,4.76,22.08542857,"Chen, M.T.","Huang, C.C. & Chen, M.T.",Jun-03,1.234567901,0,11.72839506,1.440329218,2.263374486,0,1.234567901,7.407407407,4.526748971,0.205761317,0.205761317,0.617283951,0,0,0,46.50205761,0.205761317,0,1.440329218,8.436213992,0,0,0,0.205761317,0,0.205761317,0,12.1399177,100,1
MD972148,Piston,19.8,117.54,2830,South China Sea,12.675,4.86,22.27428571,"Chen, M.T.","Huang, C.C. & Chen, M.T.",Jun-03,3.723404255,0,14.62765957,1.063829787,5.85106383,0,1.595744681,3.191489362,7.978723404,0,0.265957447,0.79787234,0,0,0,38.03191489,1.063829787,0.265957447,2.393617021,9.574468085,0,0,0,0,0.265957447,4.521276596,0,4.787234043,100,1
MD972148,Piston,19.8,117.54,2830,South China Sea,12.755,4.96,22.46314286,"Chen, M.T.","Huang, C.C. & Chen, M.T.",Jun-03,2.681992337,0.766283525,7.279693487,0.766283525,3.0651341,0,1.53256705,5.747126437,6.896551724,0.383141762,0,0,0,0,0,50.95785441,0.766283525,0,1.915708812,6.896551724,0,0,0,0,0,3.0651341,0,7.279693487,100,1
MD972148,Piston,19.8,117.54,2830,South China Sea,12.835,5.06,22.652,"Chen, M.T.","Huang, C.C. & Chen, M.T.",Jun-03,1.735357918,0.21691974,11.27982646,1.084598698,3.904555315,0.433839479,1.518438178,7.809110629,7.15835141,0.433839479,0.21691974,0.650759219,0,0,0,36.65943601,0.21691974,0,2.386117137,11.4967462,0,0,0.21691974,0,0,3.687635575,0,8.893709328,100,1
MD972148,Piston,19.8,117.54,2830,South China Sea,12.915,5.16,22.84085714,"Chen, M.T.","Huang, C.C. & Chen, M.T.",Jun-03,1.546391753,0.515463918,11.8556701,2.06185567,5.154639175,0,1.030927835,5.154639175,6.18556701,0,0,0.515463918,0,0,0,48.96907216,0.515463918,0,2.577319588,1.546391753,0,0,0,0,0,1.546391753,0,10.82474227,100,1
MD972151,Piston,8.73,109.87,1589,South China Sea,5.475,5.26,19.138,"Huang, C.C. & Chen, M.T.","Huang, C.C. & Chen, M.T.",Jun-03,1.2658,0.9494,17.7215,0,12.0253,0,1.5823,4.4304,3.7975,0.9494,0.6329,3.481,0,0,0,22.7848,1.5823,0,16.4557,0.3165,0,0,4.1139,0,0.3165,0.9494,0,6.6456,100,1
MD972151,Piston,8.73,109.87,1589,South China Sea,5.555,5.36,19.3,"Huang, C.C. & Chen, M.T.","Huang, C.C. & Chen, M.T.",Jun-03,3.3493,0,14.8325,0.4785,15.311,0,1.4354,2.8708,3.8278,0.4785,0,0.4785,0,0.4785,0,15.7895,1.9139,0,20.5742,2.8708,0,0.4785,3.3493,0,0.4785,3.3493,0,7.6555,100,1
MD972151,Piston,8.73,109.87,1589,South China Sea,5.635,5.46,19.462,"Huang, C.C. & Chen, M.T.","Huang, C.C. & Chen, M.T.",Jun-03,0.5935,0,25.2226,0,4.451,0,1.4837,5.638,6.5282,0.2967,0.5935,2.6706,0,0,0,18.3976,0.8902,0,21.9585,0.5935,0,0,1.1869,0,0.2967,1.7804,0,7.4184,100,1
MD972151,Piston,8.73,109.87,1589,South China Sea,5.715,5.56,19.624,"Huang, C.C. & Chen, M.T.","Huang, C.C. & Chen, M.T.",Jun-03,1.4851,0.495,22.7723,0.495,10.8911,0,2.9703,5.4455,5.9406,0,0,1.4851,0,0,0,14.3564,1.4851,0,11.8812,0.495,0,0,4.4554,0,0,2.4752,0,12.8713,100,1
MD972151,Piston,8.73,109.87,1589,South China Sea,5.795,5.61,19.786,"Huang, C.C. & Chen, M.T.","Huang, C.C. & Chen, M.T.",Jun-03,0.3984,0,17.9283,0,15.9363,0,1.1952,7.5697,3.9841,1.1952,0,2.7888,0,0,0,18.7251,1.5936,0,17.9283,1.5936,0,0,3.5857,0,0.3984,1.1952,0,3.9841,100,1
MD972151,Piston,8.73,109.87,1589,South China Sea,5.875,5.66,19.948,"Huang, C.C. & Chen, M.T.","Huang, C.C. & Chen, M.T.",Jun-03,0,0,24.8408,0,10.828,0,2.2293,6.3694,3.5032,0.6369,0,2.2293,0,0,0,19.7452,1.2739,0,16.879,0.6369,0,0,2.8662,0,0.6369,1.9108,0,5.414,100,1
MD972151,Piston,8.73,109.87,1589,South China Sea,5.955,5.76,20.11,"Huang, C.C. & Chen, M.T.","Huang, C.C. & Chen, M.T.",Jun-03,1.8939,0,22.7273,0,12.1212,0,1.5152,4.9242,3.7879,0,0,2.6515,0,0,0,19.697,3.7879,0,15.5303,2.2727,0,0.7576,2.2727,0,0,0.3788,0,5.6818,100,1
MD972151,Piston,8.73,109.87,1589,South China Sea,6.035,5.86,20.272,"Huang, C.C. & Chen, M.T.","Huang, C.C. & Chen, M.T.",Jun-03,1.1321,0.7547,26.4151,0.3774,12.8302,0,1.8868,6.0377,7.9245,0.7547,0,3.0189,0,0,0,14.717,1.5094,0,10.9434,0.3774,0,0,0.7547,0,1.1321,2.6415,0,6.7925,100,1
MD972151,Piston,8.73,109.87,1589,South China Sea,6.115,185.5,20.434,"Huang, C.C. & Chen, M.T.","Huang, C.C. & Chen, M.T.",Jun-03,1.2853,0.5141,19.7943,0,11.054,0,0.7712,9.7686,5.3985,0.2571,0.5141,3.3419,0,0,0,19.5373,1.0283,0,16.7095,0.2571,0,0,3.0848,0,0.2571,1.0283,0,5.3985,100,1
MD972151,Piston,8.73,109.87,1589,South China Sea,6.195,191.5,20.596,"Huang, C.C. & Chen, M.T.","Huang, C.C. & Chen, M.T.",Jun-03,1.7291,0.8646,23.0548,0,11.5274,0,1.4409,5.7637,4.0346,0.2882,0,2.8818,0,0,0,21.6138,0.5764,0,16.7147,0.2882,0,0,2.0173,0,0,1.4409,0,5.7637,100,1
MD972151,Piston,8.73,109.87,1589,South China Sea,6.275,195.5,20.758,"Huang, C.C. & Chen, M.T.","Huang, C.C. & Chen, M.T.",Jun-03,0.8287,0,21.547,0,12.1547,0,2.7624,7.4586,5.2486,0,0.2762,0.5525,0,0,0,22.9282,1.3812,0,15.7459,0,0,0.2762,3.3149,0,0.2762,0.8287,0,4.4199,100,1
MD972151,Piston,8.73,109.87,1589,South China Sea,6.355,197.5,20.92,"Huang, C.C. & Chen, M.T.","Huang, C.C. & Chen, M.T.",Jun-03,2.1097,0.4219,26.1603,0.4219,12.6582,0,3.7975,5.0633,2.9536,0,0,1.6878,0,0,0,21.097,2.1097,0,15.1899,0,0,0,0.4219,0,0.4219,2.5316,0,2.9536,100,1
MD972151,Piston,8.73,109.87,1589,South China Sea,6.435,198.5,21.082,"Huang, C.C. & Chen, M.T.","Huang, C.C. & Chen, M.T.",Jun-03,1.5945,0,22.3235,0,18.6788,0,1.3667,6.1503,3.4169,0,0,1.3667,0,0,0,19.1344,1.139,0,17.0843,0.2278,0,0.2278,1.139,0,0.2278,0.9112,0,5.0114,100,1
MD972151,Piston,8.73,109.87,1589,South China Sea,6.515,201.5,22.56933333,"Huang, C.C. & Chen, M.T.","Huang, C.C. & Chen, M.T.",Jun-03,1.0152,0,24.8731,1.0152,5.5838,0,3.0457,7.6142,5.0761,0.5076,0,1.0152,0,0,0,14.2132,1.0152,0,29.4416,2.5381,0,0,0,0,0.5076,0,0,2.5381,100,1
MD012394,Piston,13.78,110.25,2097,SCS,5.09,203.5,19.06984127,"Yu, P.S. & Chen, M.T.","Huang, C.C. & Chen, M.T.",Jul-03,0.7519,0,19.1729,3.0075,4.1353,0,1.8797,4.5113,3.3835,0.7519,0.7519,1.1278,0,0,0,39.0977,0.3759,0,2.6316,3.3835,0,0,0,0,4.5113,2.6316,0,7.8947,100,1
MD012394,Piston,13.78,110.25,2097,SCS,5.14,206.5,19.33015873,"Yu, P.S. & Chen, M.T.","Huang, C.C. & Chen, M.T.",Jul-03,0.828683022,0,19.06081254,1.104944121,6.629865279,0,2.209988518,4.41987676,6.07734308,0.552522199,1.104944121,1.38120522,0,0,0,32.04418172,0,0,4.972398959,1.65746632,0,0,0,0,4.143615661,6.629865279,0,7.182287201,100,1
MD012394,Piston,13.78,110.25,2097,SCS,5.19,210.5,19.59047619,"Yu, P.S. & Chen, M.T.","Huang, C.C. & Chen, M.T.",Jul-03,0,0,21.2291,2.2346,5.8659,0.2793,2.2346,4.4693,3.6313,0.838,0.2793,2.2346,0,0,0,32.6816,0.2793,0,4.7486,3.0726,0,0,0,0,3.352,6.9832,0,5.5866,100,1
MD012394,Piston,13.78,110.25,2097,SCS,5.24,118,19.85079365,"Yu, P.S. & Chen, M.T.","Huang, C.C. & Chen, M.T.",Jul-03,1.0823,0,20.7792,2.5974,3.4632,0,2.381,6.4935,3.8961,0.4329,0.4329,1.2987,0,0,0,36.3636,0,0,4.7619,3.0303,0,0,0,0,3.0303,3.4632,0,6.4935,100,1
MD012394,Piston,13.78,110.25,2097,SCS,5.29,122,20.11111111,"Yu, P.S. & Chen, M.T.","Huang, C.C. & Chen, M.T.",Jul-03,1.646045494,1.234559224,21.81068017,4.115264353,2.469118447,0,0.411486271,2.88070513,3.2921914,0,0,1.234559224,0,0,0,35.80241831,0,0,3.703677671,4.115264353,0,0,0,0,2.88070513,4.526750624,0,9.876574201,100,1
MD012394,Piston,13.78,110.25,2097,SCS,5.34,125,20.37142857,"Yu, P.S. & Chen, M.T.","Huang, C.C. & Chen, M.T.",Jul-03,0.93750757,1.562512617,18.43754795,4.687537852,3.750030281,0,1.562512617,6.874954578,4.375035328,0.312502523,0.312502523,0.625005047,0,0,0,33.74996972,0,0,4.687537852,2.187517664,0,0,0,0,3.750030281,6.250050469,0,5.937547945,100,1
MD012394,Piston,13.78,110.25,2097,SCS,5.39,128,20.63174603,"Yu, P.S. & Chen, M.T.","Huang, C.C. & Chen, M.T.",Jul-03,1.2295,1.6393,21.3115,2.0492,3.6885,0,2.459,4.5082,4.918,0.4098,0.4098,0.8197,0,0,0,33.1967,0,0,4.5082,2.0492,0,0,0.4098,0,4.0984,6.1475,0,6.1475,100,1
MD012394,Piston,13.78,110.25,2097,SCS,5.44,132,20.89206349,"Yu, P.S. & Chen, M.T.","Huang, C.C. & Chen, M.T.",Jul-03,1.3201,0.6601,23.1023,2.3102,5.2805,0,2.6403,5.2805,5.2805,1.3201,0.6601,0.33,0,0.33,0,30.033,0.6601,0,4.9505,1.6502,0,0,0,0,3.3003,3.9604,0,6.9307,100,1
MD012394,Piston,13.78,110.25,2097,SCS,5.49,135,21.15238095,"Yu, P.S. & Chen, M.T.","Huang, C.C. & Chen, M.T.",Jul-03,1.6667,0.3333,23.6667,1.6667,7,0,1.6667,2.6667,3,0.6667,0,0.6667,0,0,0,29.6667,0.6667,0,4.3333,1.6667,0,0.6667,0,0,3.6667,7.3333,0.3333,8.6667,100,1
MD012394,Piston,13.78,110.25,2097,SCS,5.54,138,21.41269841,"Yu, P.S. & Chen, M.T.","Huang, C.C. & Chen, M.T.",Jul-03,2.312188145,0.289061235,23.98846169,1.156043784,3.468231929,0,1.156043784,3.468231929,7.803446406,1.734065675,0.867083127,1.156043784,0,0,0,28.32367617,1.156043784,0,2.890210037,0.578021892,0,0,0.578021892,0,4.335214478,5.491358839,0,9.248551425,100,1
MD012394,Piston,13.78,110.25,2097,SCS,5.59,142,21.67301587,"Yu, P.S. & Chen, M.T.","Huang, C.C. & Chen, M.T.",Jul-03,3.194875679,0,20.76674207,1.597487999,6.389751358,0,0.638935008,3.514393343,6.389751358,0.958452672,0.958452672,0.638935008,0,0.319517664,0,29.7124341,0,0,3.194875679,3.194875679,0,0,0,0,1.916905344,8.945692029,0,7.667721694,100,1
MD012394,Piston,13.78,110.25,2097,SCS,5.64,145,21.93333333,"Yu, P.S. & Chen, M.T.","Huang, C.C. & Chen, M.T.",Jul-03,0.939,0,26.2911,1.4085,3.7559,0,1.4085,2.8169,4.2254,0.4695,0.939,1.4085,0,0,0,27.6995,0,0,6.1033,1.8779,0,0,0,0,4.2254,7.5117,0,8.9202,100,1
MD012394,Piston,13.78,110.25,2097,SCS,5.69,147,22.19365079,"Yu, P.S. & Chen, M.T.","Huang, C.C. & Chen, M.T.",Jul-03,2.158235115,0,28.05755829,2.877713726,5.755427452,0,1.438856863,3.597091978,6.115116578,0.359689126,0,2.5180246,0,0,0,28.05755829,0,0,2.158235115,0.359689126,0,0,0,0,3.956881463,5.395637966,0,7.194284315,100,1
MD012394,Piston,13.78,110.25,2097,SCS,5.74,99,22.45396825,"Yu, P.S. & Chen, M.T.","Huang, C.C. & Chen, M.T.",Jul-03,2.821316614,0.313479624,22.88401254,1.567398119,5.956112853,0,2.507836991,7.523510972,4.388714734,1.253918495,0.313479624,3.448275862,0,0,0,21.94357367,0,0,5.642633229,2.821316614,0,0,0.313479624,0,1.880877743,6.269592476,0,8.150470219,100,1
MD012394,Piston,13.78,110.25,2097,SCS,5.79,101,22.71428571,"Yu, P.S. & Chen, M.T.","Huang, C.C. & Chen, M.T.",Jul-03,1.4327,0,16.0458,1.1461,7.4499,0,1.4327,5.7307,4.8711,0.8596,0.5731,2.8653,0,0,0,25.788,0,0,5.1576,1.7192,0,0.5731,3.7249,0,1.7192,7.4499,0,11.4613,100,1
MD012394,Piston,13.78,110.25,2097,SCS,5.84,104,22.97460317,"Yu, P.S. & Chen, M.T.","Huang, C.C. & Chen, M.T.",Jul-03,2.203875031,0.550918482,23.69140521,0.826427999,6.611524543,0,1.377447032,4.683159028,5.785096544,1.101937516,0.550918482,1.101937516,0,0,0,24.51793376,0,0,3.305812547,4.132240546,0,0,1.928365515,0,1.928365515,7.713462059,0,7.988971575,100,1
31-KL,Giant piston core,18.75,115.87,3360,SCS,1.61,111,19,"Chen et al., 1998. Paleoceanography","Huang, C.C. & Chen, M.T.",Jul-03,0.609756098,0,18.90243902,0.304878049,6.097560976,0,0.914634146,2.743902439,4.268292683,0.914634146,0,0.914634146,0,0,5.792682927,42.98780488,0.914634146,0,1.524390244,2.134146341,0,0,1.829268293,0,0,1.219512195,0,7.926829268,100,1
31-KL,Giant piston core,18.75,115.87,3360,SCS,1.65,115,19.25,"Chen et al., 1998. Paleoceanography","Huang, C.C. & Chen, M.T.",Jul-03,0.995024876,0.995024876,15.92039801,0.995024876,6.965174129,0,0.497512438,0.995024876,6.467661692,0,0,0,0,0,4.47761194,38.30845771,0.995024876,0,3.482587065,8.457711443,0,0,1.990049751,0,0.497512438,1.990049751,0,5.970149254,100,1
31-KL,Giant piston core,18.75,115.87,3360,SCS,1.69,119,19.5,"Chen et al., 1998. Paleoceanography","Huang, C.C. & Chen, M.T.",Jul-03,2.040816327,0.510204082,10.20408163,1.020408163,5.102040816,0,0,1.020408163,5.612244898,0,0,0.510204082,0,0,5.102040816,53.57142857,0,1.020408163,3.571428571,4.591836735,0,0,2.040816327,0,0,0.510204082,0,3.571428571,100,1
31-KL,Giant piston core,18.75,115.87,3360,SCS,1.73,105,19.75,"Chen et al., 1998. Paleoceanography","Huang, C.C. & Chen, M.T.",Jul-03,1.577287066,0,11.9873817,0,5.362776025,0,1.261829653,5.047318612,5.047318612,2.208201893,0,1.261829653,0,0,4.416403785,44.16403785,0,0.315457413,4.731861199,1.577287066,0,0,0.630914826,0,0,2.839116719,0,7.570977918,100,1
31-KL,Giant piston core,18.75,115.87,3360,SCS,1.77,108,20,"Chen et al., 1998. Paleoceanography","Huang, C.C. & Chen, M.T.",Jul-03,2.06185567,0.343642612,9.621993127,0.343642612,2.06185567,0.343642612,0.687285223,2.06185567,7.216494845,0.343642612,0.343642612,0,0,0,3.436426117,53.95189003,1.718213058,0,2.405498282,6.18556701,0,0,1.030927835,0,0.343642612,0.687285223,0,4.810996564,100,1
31-KL,Giant piston core,18.75,115.87,3360,SCS,1.81,111,20.25,"Chen et al., 1998. Paleoceanography","Huang, C.C. & Chen, M.T.",Jul-03,0.487804878,0,10.73170732,0.975609756,3.902439024,0,0.975609756,0.975609756,7.804878049,0,0.487804878,0,0,0,2.43902439,52.19512195,0.487804878,0,0.487804878,10.24390244,0,0,0.487804878,0,0,0.487804878,0,6.829268293,100,1
31-KL,Giant piston core,18.75,115.87,3360,SCS,1.85,114,20.5,"Chen et al., 1998. Paleoceanography","Huang, C.C. & Chen, M.T.",Jul-03,1.477832512,0,11.33004926,0.985221675,5.418719212,0,0,1.97044335,5.418719212,1.477832512,0,0,0,0,4.926108374,45.81280788,0,0,1.97044335,11.8226601,0,0,0,0,0,2.463054187,0,4.926108374,100,1
31-KL,Giant piston core,18.75,115.87,3360,SCS,1.89,117,20.75,"Chen et al., 1998. Paleoceanography","Huang, C.C. & Chen, M.T.",Jul-03,0.574712644,0.574712644,10.91954023,0.574712644,2.873563218,0,1.724137931,2.873563218,10.91954023,1.149425287,0,0.574712644,0,0,2.873563218,39.08045977,0,0,2.873563218,11.49425287,0,0,0,0,0,2.298850575,0,8.620689655,100,1
31-KL,Giant piston core,18.75,115.87,3360,SCS,1.97,120,21.25,"Chen et al., 1998. Paleoceanography","Huang, C.C. & Chen, M.T.",Jul-03,1.498127341,0.74906367,15.73033708,0,4.868913858,0,0.74906367,1.872659176,6.741573034,0.74906367,0.74906367,0,0,0,2.247191011,39.70037453,0.374531835,0.374531835,3.370786517,13.8576779,0,0,0.74906367,0,0.374531835,0.74906367,0,4.494382022,100,1
31-KL,Hydraulic piston core,18.75,115.87,3360,SCS,2.01,79,21.5,"Chen et al., 1998. Paleoceanography","Huang, C.C. & Chen, M.T.",Jul-03,1.290322581,1.290322581,10.32258065,1.290322581,3.225806452,0,0.64516129,1.935483871,3.225806452,1.290322581,0.64516129,0,0,0,3.870967742,40,0,0,2.580645161,16.12903226,0,0,1.290322581,0,1.290322581,3.870967742,0,5.806451613,100,1
31-KL,Hydraulic piston core,18.75,115.87,3360,SCS,2.05,82,21.75,"Chen et al., 1998. Paleoceanography","Huang, C.C. & Chen, M.T.",Jul-03,1.470588235,0.980392157,17.64705882,0,3.921568627,0,1.470588235,3.921568627,5.882352941,0.980392157,0,0,0,0,1.960784314,39.70588235,1.960784314,0,3.921568627,10.78431373,0,0,0.980392157,0,0.490196078,0.490196078,0,3.431372549,100,1
31-KL,Hydraulic piston core,18.75,115.87,3360,SCS,2.09,86,22,"Chen et al., 1998. Paleoceanography","Huang, C.C. & Chen, M.T.",Jul-03,1.754385965,0.877192982,12.28070175,0.877192982,6.578947368,0,1.315789474,1.754385965,3.070175439,0.877192982,0,0,0,0,4.824561404,38.15789474,1.315789474,0,4.385964912,13.15789474,0,0,1.754385965,0,0.438596491,0.438596491,0,6.140350877,100,1
31-KL,Hydraulic piston core,18.75,115.87,3360,SCS,2.13,89,22.25,"Chen et al., 1998. Paleoceanography","Huang, C.C. & Chen, M.T.",Jul-03,1.041666667,0.520833333,7.291666667,1.041666667,4.166666667,0.520833333,1.041666667,3.125,5.729166667,0.520833333,0,0,0,0,4.6875,45.83333333,0,0,4.166666667,14.58333333,0,0.520833333,1.5625,0,0.520833333,0,0,3.125,100,1
31-KL,Hydraulic piston core,18.75,115.87,3360,SCS,2.17,90,22.5,"Chen et al., 1998. Paleoceanography","Huang, C.C. & Chen, M.T.",Jul-03,0,0.476190476,5.714285714,0.476190476,3.333333333,0,0.476190476,3.333333333,2.857142857,0.952380952,0,0,0,0,6.666666667,45.71428571,0,0,1.904761905,14.28571429,0,0.476190476,0.952380952,0,1.428571429,1.428571429,0,9.523809524,100,1
17938-2,Hydraulic piston core,19.78,117.53,2840,SCS,3.65,94,19.17,"Chen et al., 1999. Marine Geology","Huang, C.C. & Chen, M.T.",Jul-03,0.301204819,0,10.24096386,1.204819277,5.120481928,0.301204819,0.602409639,3.313253012,6.325301205,0.301204819,0,2.409638554,0,0,0,51.80722892,0,0,2.108433735,6.626506024,0,0.301204819,0.301204819,0,0.301204819,0,0,8.43373494,100,1
17938-2,Hydraulic piston core,19.78,117.53,2840,SCS,3.75,98,19.39,"Chen et al., 1999. Marine Geology","Huang, C.C. & Chen, M.T.",Jul-03,2.140672783,0.611620795,12.2324159,1.529051988,3.975535168,0,0.611620795,3.058103976,6.727828746,0.917431193,0,1.529051988,0,0,0.611620795,45.25993884,0.305810398,0,2.752293578,6.116207951,0,0,0,0,0.917431193,1.834862385,0,8.868501529,100,1
17938-2,Hydraulic piston core,19.78,117.53,2840,SCS,3.85,101,19.55,"Chen et al., 1999. Marine Geology","Huang, C.C. & Chen, M.T.",Jul-03,2.153846154,0.615384615,15.07692308,0.923076923,4.923076923,0,1.230769231,6.153846154,7.076923077,0.615384615,0,1.846153846,0,0,0,48.30769231,0,0,1.538461538,3.692307692,0,0,0.307692308,0,0.923076923,0.615384615,0,4,100,1
17938-2,Hydraulic piston core,19.78,117.53,2840,SCS,3.95,104,19.72,"Chen et al., 1999. Marine Geology","Huang, C.C. & Chen, M.T.",Jul-03,0.632911392,0.210970464,16.03375527,2.953586498,6.962025316,0,1.687763713,4.008438819,8.64978903,0.421940928,0.421940928,0.632911392,0,0,0.421940928,39.66244726,0,0,3.58649789,7.172995781,0,0,0.421940928,0,0.421940928,0,0,5.696202532,100,1
17938-2,Hydraulic piston core,19.78,117.53,2840,SCS,4.05,109,19.88,"Chen et al., 1999. Marine Geology","Huang, C.C. & Chen, M.T.",Jul-03,1.965601966,0.245700246,15.47911548,2.457002457,1.474201474,0,1.228501229,3.43980344,4.422604423,0.737100737,0,0.245700246,0,0,0,49.63144963,0,0,2.211302211,5.651105651,0,0,0.737100737,0,0.245700246,1.71990172,0,8.108108108,100,1
17938-2,Piston core,19.78,117.53,2840,SCS,4.15,37,20.05,"Chen et al., 1999. Marine Geology","Huang, C.C. & Chen, M.T.",Jul-03,0.71942446,0.35971223,22.30215827,1.438848921,1.438848921,0,1.079136691,3.956834532,10.79136691,0.71942446,0,0.35971223,0,0,0.35971223,42.44604317,0,0,1.798561151,3.597122302,0,0,0.35971223,0,0.35971223,0.71942446,0,7.194244604,100,1
17938-2,Piston core,19.78,117.53,2840,SCS,4.25,260,20.21,"Chen et al., 1999. Marine Geology","Huang, C.C. & Chen, M.T.",Jul-03,1.545253863,0.220750552,22.9580574,2.869757174,2.869757174,0,0.662251656,3.53200883,9.492273731,1.103752759,0,0.441501104,0,0,0,38.41059603,0,0.220750552,3.752759382,0.220750552,0,0,0,0,1.545253863,1.766004415,0,8.388520971,100,1
17938-2,Piston core,19.78,117.53,2840,SCS,4.35,276,20.38,"Chen et al., 1999. Marine Geology","Huang, C.C. & Chen, M.T.",Jul-03,2.448979592,0,16.73469388,0,2.448979592,0,0.408163265,4.489795918,7.346938776,1.632653061,0,2.448979592,0,0,0,43.67346939,0,0.816326531,3.673469388,2.040816327,0,0,0,0,2.448979592,2.040816327,0,7.346938776,100,1
17938-2,Piston core,19.78,117.53,2840,SCS,4.45,169,20.55,"Chen et al., 1999. Marine Geology","Huang, C.C. & Chen, M.T.",Jul-03,1.179245283,0.235849057,13.91509434,0.471698113,3.773584906,0,1.41509434,2.122641509,4.009433962,0.235849057,0,2.594339623,0,0,0,56.36792453,0,0,0.70754717,3.773584906,0,0.235849057,0,0,0.471698113,1.179245283,0,7.311320755,100,1
17938-2,Piston core,19.78,117.53,2840,SCS,4.55,141,20.71,"Chen et al., 1999. Marine Geology","Huang, C.C. & Chen, M.T.",Jul-03,1.648351648,0,21.42857143,1.098901099,2.747252747,0,1.098901099,3.846153846,7.142857143,0.549450549,0,0.549450549,0,0,0.549450549,38.46153846,0,0,1.098901099,6.593406593,0,0,0,0,0,1.648351648,0,11.53846154,100,1
17938-2,Piston core,19.78,117.53,2840,SCS,4.65,23,20.88,"Chen et al., 1999. Marine Geology","Huang, C.C. & Chen, M.T.",Jul-03,3.856041131,0,17.48071979,0.771208226,7.712082262,0,2.313624679,3.598971722,5.398457584,0.257069409,0,0.257069409,0,0,0.257069409,38.81748072,0,0.514138817,0.771208226,1.285347044,0,0,0,0,0.514138817,2.313624679,0,13.88174807,100,1
17938-2,Piston core,19.78,117.53,2840,SCS,4.75,157,21.04,"Chen et al., 1999. Marine Geology","Huang, C.C. & Chen, M.T.",Jul-03,2.033898305,0,10.16949153,0.677966102,4.745762712,0,1.016949153,2.372881356,4.406779661,0.338983051,0,3.728813559,0,0,0.338983051,48.81355932,0,0.338983051,2.033898305,3.389830508,0,0,0.338983051,0,0.338983051,2.372881356,0,12.54237288,100,1
17938-2,Piston core,19.78,117.53,2840,SCS,4.85,16,21.21,"Chen et al., 1999. Marine Geology","Huang, C.C. & Chen, M.T.",Jul-03,0.373134328,1.492537313,11.94029851,1.119402985,7.089552239,0,1.492537313,2.23880597,5.597014925,1.492537313,0.373134328,1.119402985,0,0,0,19.40298507,0.373134328,0,1.492537313,20.52238,0,0,5.22388,0,0,2.985074627,0,15.67164179,100,1
17938-2,Piston core,19.78,117.53,2840,SCS,4.95,23,21.37,"Chen et al., 1999. Marine Geology","Huang, C.C. & Chen, M.T.",Jul-03,1.340482574,0.268096515,10.72386059,0.268096515,2.949061662,0,1.072386059,4.289544236,3.753351206,0.536193029,0,0.536193029,0,0,1.072386059,47.1849866,0.268096515,0,2.144772118,9.383378016,0,0,0,0,0.536193029,0.804289544,0,12.86863271,100,1
17938-2,Piston core,19.78,117.53,2840,SCS,5.05,22,21.54,"Chen et al., 1999. Marine Geology","Huang, C.C. & Chen, M.T.",Jul-03,1.366120219,0,16.66666667,0.546448087,4.918032787,0,1.366120219,3.551912568,6.010928962,0.273224044,0,2.459016393,0,0,1.366120219,50.54644809,0.273224044,0.819672131,1.366120219,0.546448087,0,0,0.546448087,0,0,1.639344262,0,5.737704918,100,1
17938-2,Piston core,19.78,117.53,2840,SCS,5.15,18,21.71,"Chen et al., 1999. Marine Geology","Huang, C.C. & Chen, M.T.",Jul-03,1.315789474,0,14.47368421,0.657894737,7.894736842,0,2.302631579,2.631578947,4.276315789,0.657894737,0,1.315789474,0,0,0.986842105,48.68421053,0,0,1.644736842,0.657894737,0,0,0.657894737,0,1.315789474,0.986842105,0,9.539473684,100,1
17938-2,Piston core,19.78,117.53,2840,SCS,5.25,,21.87,"Chen et al., 1999. Marine Geology","Huang, C.C. & Chen, M.T.",Jul-03,2.610441767,0.200803213,13.65461847,0.602409639,6.024096386,0,3.012048193,2.208835341,4.21686747,0,0,0.803212851,0,0,0.803212851,48.3935743,0.602409639,0,1.606425703,5.220883534,0,0,2.008032129,0,0.602409639,0,0,7.429718876,100,1
17938-2,Piston core,19.78,117.53,2840,SCS,5.35,,22.04,"Chen et al., 1999. Marine Geology","Huang, C.C. & Chen, M.T.",Jul-03,1.877133106,0.341296928,10.58020478,2.218430034,5.119453925,0,0.853242321,3.071672355,6.484641638,0.341296928,0,0.853242321,0,0,0.341296928,50.51194539,0.341296928,0,2.730375427,6.484641638,0,0.170648464,0.853242321,0,1.535836177,0.341296928,0,4.948805461,100,1
17938-2,Piston core,19.78,117.53,2840,SCS,5.45,,22.2,"Chen et al., 1999. Marine Geology","Huang, C.C. & Chen, M.T.",Jul-03,0.408163265,0.816326531,13.26530612,1.020408163,5.714285714,0,4.081632653,3.06122449,13.06122449,0.612244898,0,1.632653061,0,0,1.020408163,42.85714286,0,0,0.612244898,0.612244898,0,0,0.204081633,0,0.204081633,0.816326531,0,10,100,1
17938-2,Piston core,19.78,117.53,2840,SCS,5.55,,22.37,"Chen et al., 1999. Marine Geology","Huang, C.C. & Chen, M.T.",Jul-03,1.244813278,0.414937759,10.37344398,0.414937759,4.979253112,0,1.659751037,2.489626556,6.22406639,0,0,1.659751037,0,0,2.489626556,49.79253112,0,0,7.053941909,0,0,0,1.659751037,0,1.244813278,0.829875519,0,7.468879668,100,1
17938-2,Piston core,19.78,117.53,2840,SCS,5.6,,22.45,"Chen et al., 1999. Marine Geology","Huang, C.C. & Chen, M.T.",Jul-03,1.019462465,0.092678406,11.58480074,0.556070436,6.394810009,0,1.297497683,2.873030584,7.784986098,0.370713624,0.092678406,0.370713624,0,0,0,54.03151066,0.092678406,0.185356812,2.224281742,0,0,0.092678406,1.760889713,0,0.46339203,0.556070436,0,8.155699722,100,1
17938-2,Piston core,19.78,117.53,2840,SCS,5.65,,22.53,"Chen et al., 1999. Marine Geology","Huang, C.C. & Chen, M.T.",Jul-03,0.566572238,0,9.065155807,0.566572238,4.532577904,0,1.133144476,3.116147309,5.099150142,0.566572238,0,1.983002833,0,0,0.283286119,60.33994334,0,0,0.849858357,0.283286119,0,0.283286119,1.416430595,0,0.849858357,1.983002833,0,7.082152975,100,1
17938-2,Piston core,19.78,117.53,2840,SCS,5.75,,22.7,"Chen et al., 1999. Marine Geology","Huang, C.C. & Chen, M.T.",Jul-03,1.10864745,0,12.19512195,0.44345898,7.317073171,0,1.10864745,2.43902439,5.986696231,0.22172949,0.22172949,0.22172949,0,0,0,55.21064302,0.44345898,0.44345898,1.55210643,0,0,0,0.22172949,0,0.66518847,1.55210643,0,8.647450111,100,1
17938-2,Piston core,19.78,117.53,2840,SCS,5.85,,22.87,"Chen et al., 1999. Marine Geology","Huang, C.C. & Chen, M.T.",Jul-03,0.699300699,0.41958042,6.713286713,0.13986014,1.818181818,0,0.559440559,3.216783217,4.055944056,0.13986014,0,0.41958042,0,0,0.559440559,60.6993007,0.27972028,0.13986014,1.538461538,12.02797203,0,0,0.699300699,0,0.27972028,0.27972028,0,5.314685315,100,1
MD012416,Piston core,51.268,167.7255,2317,"Pacific, NW",184.5,,19.11,Kiefer et al. 2003 submitted to GEOLOGY,Thorsten Kiefer,37859,0,0,0,0,0,0,0,0,15.85760518,0,0,0,0,82.20064725,1.941747573,0,0,0,0,0,0,0,0,0,0,0,0,0,309,2
MD012416,Piston core,51.268,167.7255,2317,"Pacific, NW",190.5,,19.47,Kiefer et al. 2003 submitted to GEOLOGY,Thorsten Kiefer,37859,0,0,0,0,0,0,0,0,14.52054795,0,0,0,0,83.83561644,1.643835616,0,0,0,0,0,0,0,0,0,0,0,0,0,365,2
MD012416,Piston core,51.268,167.7255,2317,"Pacific, NW",194.5,,19.72,Kiefer et al. 2003 submitted to GEOLOGY,Thorsten Kiefer,37859,0,0,0,0,0,0,0,0,15.98984772,0,0,0,0,82.74111675,1.015228426,0,0,0,0,0,0,0,0,0,0,0,0,0.253807107,394,2
MD012416,Hydraulic piston core,51.268,167.7255,2317,"Pacific, NW",196.5,,19.84,Kiefer et al. 2003 submitted to GEOLOGY,Thorsten Kiefer,37859,0,0,0,0,0,0,0,0,18.15789474,0,0,0,0,80.52631579,0.789473684,0,0,0,0,0,0,0,0,0,0,0,0,0.263157895,380,2
MD012416,Hydraulic piston core,51.268,167.7255,2317,"Pacific, NW",197.5,,19.9,Kiefer et al. 2003 submitted to GEOLOGY,Thorsten Kiefer,37859,0,0,0,0,0,0,0,0,18.2464455,0,0,0,0,79.85781991,1.421800948,0,0,0,0,0,0,0,0,0,0,0,0,0.473933649,422,2
MD012416,Hydraulic piston core,51.268,167.7255,2317,"Pacific, NW",200.5,,20.09,Kiefer et al. 2003 submitted to GEOLOGY,Thorsten Kiefer,37859,0,0,0,0,0,0,0,0,16,0,0,0,0,82.15384615,1.230769231,0,0,0,0,0,0,0,0,0,0,0,0,0.615384615,325,2
MD012416,Hydraulic piston core,51.268,167.7255,2317,"Pacific, NW",202.5,,20.21,Kiefer et al. 2003 submitted to GEOLOGY,Thorsten Kiefer,37859,0,0,0,0,0,0,0,0,15.26717557,0,0,0,0,83.20610687,1.272264631,0,0,0,0,0,0,0,0,0,0,0,0,0.254452926,393,2
MD012416,Hydraulic piston core,51.268,167.7255,2317,"Pacific, NW",205.5,,20.4,Kiefer et al. 2003 submitted to GEOLOGY,Thorsten Kiefer,37859,0,0,0,0,0,0,0,0,11.17318436,0,0,0,0,85.75418994,2.793296089,0,0,0,0,0,0,0,0,0,0.279329609,0,0,0,358,2
MD012416,Hydraulic piston core,51.268,167.7255,2317,"Pacific, NW",209.5,,20.64,Kiefer et al. 2003 submitted to GEOLOGY,Thorsten Kiefer,37859,0,0,0,0,0,0,0,0,16.3141994,0,0,0,0,81.26888218,2.114803625,0,0,0,0,0,0,0,0,0,0,0,0,0.302114804,331,2
ODP Site 883D,Hydraulic piston core,51.199,167.768,2385,"Pacific, NW",116,,19.33,Kiefer et al. (2001) Paleoceanography 14(3): 350-359,Thorsten Kiefer,37859,0,0,0,0,0,0,0,0,8.9693155,0,0,0,0,89.45712038,1.494885917,0,0,0,0,0,0,0,0,0,0.078678206,0,0,0,1271,2
ODP Site 883D,Hydraulic piston core,51.199,167.768,2385,"Pacific, NW",120,,20.03,Kiefer et al. (2001) Paleoceanography 14(3): 350-359,Thorsten Kiefer,37859,0,0,0,0,0,0,0,0,11.17166213,0,0,0,0,88.01089918,0.817438692,0,0,0,0,0,0,0,0,0,0,0,0,0,367,2
ODP Site 883D,Hydraulic piston core,51.199,167.768,2385,"Pacific, NW",123,,20.4,Kiefer et al. (2001) Paleoceanography 14(3): 350-359,Thorsten Kiefer,37859,0,0,0,0,0,0,0,0,13.12217195,0,0,0,0,85.74660633,1.131221719,0,0,0,0,0,0,0,0,0,0,0,0,0,442,2
ODP Site 883D,Hydraulic piston core,51.199,167.768,2385,"Pacific, NW",126,,20.68,Kiefer et al. (2001) Paleoceanography 14(3): 350-359,Thorsten Kiefer,37859,0,0,0,0,0,0,0,0,12.64108352,0,0,0,0,86.68171558,0.677200903,0,0,0,0,0,0,0,0,0,0,0,0,0,443,2
ODP Site 883D,Hydraulic piston core,51.199,167.768,2385,"Pacific, NW",130,,21.07,Kiefer et al. (2001) Paleoceanography 14(3): 350-359,Thorsten Kiefer,37859,0,0,0,0,0,0,0,0,12.84153005,0,0,0,0.273224044,85.51912568,0.819672131,0,0,0,0,0,0,0,0,0,0,0,0,0.546448087,366,2
ODP Site 883D,Hydraulic piston core,51.199,167.768,2385,"Pacific, NW",133,,21.5,Kiefer et al. (2001) Paleoceanography 14(3): 350-359,Thorsten Kiefer,37859,0,0,0,0,0,0,0,0,12.85714286,0,0,0,0,85.23809524,1.904761905,0,0,0,0,0,0,0,0,0,0,0,0,0,420,2
ODP Site 883D,Hydraulic piston core,51.199,167.768,2385,"Pacific, NW",136,,21.74,Kiefer et al. (2001) Paleoceanography 14(3): 350-359,Thorsten Kiefer,37859,0,0,0,0,0,0,0,0,8.791208791,0.21978022,0,0,0,90.32967033,0.659340659,0,0,0,0,0,0,0,0,0,0,0,0,0,455,2
ODP Site 883D,Hydraulic piston core,51.199,167.768,2385,"Pacific, NW",140,,22.05,Kiefer et al. (2001) Paleoceanography 14(3): 350-359,Thorsten Kiefer,37859,0,0,0,0,0,0,0,0,5.617977528,0,0,0,0,92.58426966,1.797752809,0,0,0,0,0,0,0,0,0,0,0,0,0,445,2
ODP Site 883D,Hydraulic piston core,51.199,167.768,2385,"Pacific, NW",143,,22.24,Kiefer et al. (2001) Paleoceanography 14(3): 350-359,Thorsten Kiefer,37859,0,0,0,0,0,0,0,0,7.272727273,0,0,0,0,92.55411255,0.173160173,0,0,0,0,0,0,0,0,0,0,0,0,0,1155,2
ODP Site 883D,Hydraulic piston core,51.199,167.768,2385,"Pacific, NW",145,,22.37,Kiefer et al. (2001) Paleoceanography 14(3): 350-359,Thorsten Kiefer,37859,0,0,0,0,0,0,0,0,8.823529412,0,0,0,0,89.36651584,1.583710407,0,0,0,0,0,0,0,0,0,0.226244344,0,0,0,442,2
DGKS9603,Hydraulic piston core,28.148,127.271,1100,"Pacific, East China Sea",169,,18.99105,"Li et al. 2001, Paleo3, 176, 133-146",Thorsten Kiefer,37859,1.013024602,0.675349735,25.18089725,0,5.981669079,0.192957067,1.543656536,1.350699469,2.990834539,2.026049204,0,3.087313073,3.28027014,0,2.508441872,23.34780511,0,0,4.438012542,2.026049204,0,2.797877472,2.122527738,0.578871201,0,1.157742402,0,2.122527738,2073,2
DGKS9603,Hydraulic piston core,28.148,127.271,1100,"Pacific, East China Sea",171,,19.16491,"Li et al. 2001, Paleo3, 176, 133-146",Thorsten Kiefer,37859,1.261523532,0.776322174,24.06598738,0,6.21057739,0.242600679,1.649684619,1.552644347,3.202328967,1.843765163,0,3.008248423,3.493449782,0,2.134885978,22.70742358,0,0,4.609412906,2.134885978,0,3.008248423,2.231926249,0.388161087,0,1.164483261,0,2.231926249,2061,2
DGKS9603,Hydraulic piston core,28.148,127.271,1100,"Pacific, East China Sea",173,,19.33876,"Li et al. 2001, Paleo3, 176, 133-146",Thorsten Kiefer,37859,1.537722249,0.672753484,23.54637194,0,5.574243152,0.192215281,1.826045171,1.249399327,3.555982701,1.537722249,0,3.45987506,3.267659779,0,2.210475733,23.16194137,0,0,4.805382028,2.018260452,0,3.171552138,2.306583373,0.288322922,0,1.153291687,0,2.498798654,2081,2
DGKS9603,Hydraulic piston core,28.148,127.271,1100,"Pacific, East China Sea",175,,19.51261,"Li et al. 2001, Paleo3, 176, 133-146",Thorsten Kiefer,37859,1.218062983,0.534759358,22.22222222,0,4.456327986,0.178253119,1.307189542,1.01010101,9.031491384,1.723113488,0,9.26916221,4.931669638,0,1.544860368,20.61794415,0,0,3.505644682,1.426024955,0,2.139037433,1.604278075,0.118835413,0,0.950683304,0,2.495543672,3366,2
DGKS9603,Hydraulic piston core,28.148,127.271,1100,"Pacific, East China Sea",177,,19.68578,"Li et al. 2001, Paleo3, 176, 133-146",Thorsten Kiefer,37859,1.016138673,0.478182905,22.17573222,0,4.482964734,0.209205021,1.374775852,0.95636581,8.846383742,1.673640167,0,9.683203825,5.319784818,0,1.673640167,21.09982068,0,0,3.885236103,1.554094441,0,1.972504483,1.673640167,0.239091452,0,0.806933652,0,2.450687388,3346,2
DGKS9603,Hydraulic piston core,28.148,127.271,1100,"Pacific, East China Sea",180,,19.94243,"Li et al. 2001, Paleo3, 176, 133-146",Thorsten Kiefer,37859,0.962116657,0.661455201,22.60974143,0.120264582,4.209260373,0.180396873,1.262778112,1.022248948,8.65904991,1.322910403,0,8.779314492,4.990980156,0,1.74383644,21.70775707,0,0,4.509921828,1.74383644,0,2.044497895,1.563439567,0.300661455,0,0.841852075,0,2.044497895,3326,2
DGKS9603,,28.148,127.271,1100,"Pacific, East China Sea",182,,20.11354,"Li et al. 2001, Paleo3, 176, 133-146",Thorsten Kiefer,37859,1.177240026,0.523217789,22.82537606,0,4.185742315,0.130804447,1.177240026,1.308044474,8.109875736,1.24264225,0,8.37148463,4.316546763,0,1.700457816,22.82537606,0,0,4.708960105,1.831262263,0,2.419882276,1.504251145,0.261608895,0,0.784826684,0,2.027468934,3058,2
DGKS9603,,28.148,127.271,1100,"Pacific, East China Sea",184,,20.28464,"Li et al. 2001, Paleo3, 176, 133-146",Thorsten Kiefer,37859,1.377952756,0.459317585,22.70341207,0,4.527559055,0.098425197,1.443569554,1.049868766,7.283464567,1.049868766,0,8.13648294,5.052493438,0,1.57480315,22.50656168,0,0,4.724409449,2.034120735,0,2.165354331,1.57480315,0.32808399,0,0.885826772,0,1.837270341,3048,2
DGKS9603,,28.148,127.271,1100,"Pacific, East China Sea",186,,20.45575,"Li et al. 2001, Paleo3, 176, 133-146",Thorsten Kiefer,37859,1.207571802,0.391644909,22.38903394,0,4.830287206,0.130548303,1.305483029,1.240208877,6.657963446,1.174934726,0,8.355091384,5.417754569,0,1.82767624,22.12793734,0,0,5.548302872,1.892950392,0,2.023498695,1.436031332,0.391644909,0,0.815926893,0,1.697127937,3064,2
DGKS9603,,28.148,127.271,1100,"Pacific, East China Sea",188,,20.62685,"Li et al. 2001, Paleo3, 176, 133-146",Thorsten Kiefer,37859,1.436265709,0.502692998,21.32854578,0,4.667863555,0,1.938958707,1.220825853,6.535008977,1.57989228,0,7.612208259,5.888689408,0,1.938958707,21.11310592,0,0,4.021543986,1.938958707,0,2.36983842,1.795332136,0.323159785,0,1.220825853,0,2.010771993,2785,2
DGKS9603,,28.148,127.271,1100,"Pacific, East China Sea",191,,20.88351,"Li et al. 2001, Paleo3, 176, 133-146",Thorsten Kiefer,37859,1.294378698,0.443786982,21.00591716,0,4.881656805,0,1.849112426,1.035502959,6.213017751,1.405325444,0,8.357988166,6.360946746,0,1.775147929,20.85798817,0,0,4.437869822,2.144970414,0,2.218934911,1.923076923,0.517751479,0,1.072485207,0,1.701183432,2704,2
DGKS9603,,28.148,127.271,1100,"Pacific, East China Sea",193,,21.05461,"Li et al. 2001, Paleo3, 176, 133-146",Thorsten Kiefer,37859,1.066477071,0.4976893,20.40526129,0,4.62140064,0,1.635264842,1.208674014,6.68325631,1.493067899,0,8.674013509,6.398862424,0,1.56416637,20.90295059,0,0,4.479203697,2.204052613,0,1.990757199,1.56416637,0.426590828,0,1.137575542,0,1.848560256,2813,2
DGKS9603,,28.148,127.271,1100,"Pacific, East China Sea",195,,21.22572,"Li et al. 2001, Paleo3, 176, 133-146",Thorsten Kiefer,37859,1.044568245,0.348189415,20.4735376,0,4.526462396,0,1.462395543,1.323119777,6.337047354,1.323119777,0,8.774373259,6.545961003,0,1.323119777,19.56824513,0,0,4.944289694,2.228412256,0,2.298050139,1.740947075,0.557103064,0,1.183844011,0,2.228412256,2872,2
DGKS9603,,28.148,127.271,1100,"Pacific, East China Sea",197,,21.39682,"Li et al. 2001, Paleo3, 176, 133-146",Thorsten Kiefer,37859,0.810263336,0.540175557,20.25658339,0,4.794058069,0,1.215395003,1.417960837,6.617150574,1.417960837,0,8.912896691,6.482106685,0,1.620526671,19.78392978,0,0,4.996623903,1.89061445,0,2.025658339,1.823092505,0.472653612,0,0.911546253,0,2.76839973,2962,2
DGKS9603,,28.148,127.271,1100,"Pacific, East China Sea",199,,21.56792,"Li et al. 2001, Paleo3, 176, 133-146",Thorsten Kiefer,37859,0.889967638,0.485436893,21.76375405,0,4.692556634,0,1.132686084,1.294498382,5.987055016,1.45631068,0,8.414239482,5.825242718,0,1.45631068,20.46925566,0,0,4.854368932,2.184466019,0,2.103559871,1.941747573,0.323624595,0,1.132686084,0,2.669902913,2472,2
DGKS9603,,28.148,127.271,1100,"Pacific, East China Sea",201,,21.73903,"Li et al. 2001, Paleo3, 176, 133-146",Thorsten Kiefer,37859,1.177856302,0.863761288,20.02355713,0,4.868472713,0,1.256380055,1.491951315,5.967805261,0.942285041,0,8.480565371,6.124852768,0,1.334903808,19.31684335,0,0,5.732234001,2.27718885,0,3.455045151,1.648998822,0.392618767,0.039261877,1.020808795,0,2.51276011,2547,2
DGKS9603,,28.148,127.271,1100,"Pacific, East China Sea",204,,21.99569,"Li et al. 2001, Paleo3, 176, 133-146",Thorsten Kiefer,37859,1.21836926,0.749765698,20.52483599,0,5.248359888,0,1.21836926,1.499531396,6.747891284,1.499531396,0,8.528584817,5.435801312,0,1.312089972,19.40018744,0,0,4.779756326,2.436738519,0,2.905342081,1.780693533,0.281162137,0,1.171508903,0,2.624179944,2134,2
DGKS9603,,28.148,127.271,1100,"Pacific, East China Sea",206,,22.16679,"Li et al. 2001, Paleo3, 176, 133-146",Thorsten Kiefer,37859,1.272149023,0.817810086,20.62698773,0,5.361199455,0,1.453884598,1.363016811,5.361199455,1.635620173,0,5.724670604,5.54293503,0,1.635620173,20.35438437,0,0,5.224897774,2.453430259,0,2.998636983,1.908223535,0.454338937,0,1.226715129,0,2.907769196,2201,2
DGKS9603,,28.148,127.271,1100,"Pacific, East China Sea",208,,22.3379,"Li et al. 2001, Paleo3, 176, 133-146",Thorsten Kiefer,37859,1.232314012,0.730260155,19.80830671,0,5.568233683,0,1.643085349,1.55180283,5.659516203,1.825650388,0,6.1159288,6.02464628,0,1.825650388,19.35189411,0,0,5.842081241,2.373345504,0,2.555910543,2.373345504,0.319488818,0,1.323596531,0,3.01232314,2191,2
DGKS9603,,28.148,127.271,1100,"Pacific, East China Sea",210,,22.509,"Li et al. 2001, Paleo3, 176, 133-146",Thorsten Kiefer,37859,1.289282836,1.128122482,16.51893634,0,8.702659146,0,1.853344077,0.644641418,8.8638195,1.7727639,0,6.526994359,5.882352941,0,2.336825141,16.43835616,0,0,5.076551168,1.047542305,0,2.578565673,0.564061241,0.644641418,0,1.853344077,0,3.384367446,2482,2
DGKS9603,,28.148,127.271,1100,"Pacific, East China Sea",212,,22.66922,"Li et al. 2001, Paleo3, 176, 133-146",Thorsten Kiefer,37859,1.257588899,0.78057242,19.51431049,0,7.198612316,0,1.387684302,1.040763226,8.759757155,1.821335646,0,4.249783174,6.85169124,0,2.341717259,18.73373807,0,0,4.770164788,2.081526453,0,2.515177797,1.214223764,0.346921075,0,1.300954033,0,2.688638335,2306,2
DGKS9603,,28.148,127.271,1100,"Pacific, East China Sea",215,,22.90955,"Li et al. 2001, Paleo3, 176, 133-146",Thorsten Kiefer,37859,1.360544218,0.680272109,19.9829932,0,6.207482993,0,1.19047619,1.19047619,7.993197279,1.530612245,0,4.336734694,6.887755102,0,1.955782313,19.72789116,0,0,5.357142857,1.700680272,0,2.636054422,1.360544218,0.340136054,0,1.147959184,0,2.465986395,2352,2
ODP506B,,0.61,-86.092,2711,"Pacific, eastern equ.",97,,19.79,"Martnez et al. 2003, Paleoceanography 18, doi: 10.1029/2002PA000877",Thorsten Kiefer,37859,0.714285714,0.238095238,4.761904762,0,0.714285714,0,1.904761905,1.428571429,17.38095238,0,0.238095238,0.238095238,0,0,6.19047619,49.04761905,0,0,1.19047619,5.476190476,0,0,0,0,0,6.904761905,0,3.571428571,100,1
ODP506B,,0.61,-86.092,2711,"Pacific, eastern equ.",100,,20.094,"Martnez et al. 2003, Paleoceanography 18, doi: 10.1029/2002PA000877",Thorsten Kiefer,37859,1.057082452,0,4.4397463,0.845665962,0.21141649,0,1.268498943,1.268498943,12.26215645,0,0,0.422832981,0,0,6.976744186,50.31712474,0,0,1.057082452,8.456659619,0,0,0.634249471,0,0,7.399577167,0,3.382663848,100,1
ODP506B,,0.61,-86.092,2711,"Pacific, eastern equ.",102,,20.55,"Martnez et al. 2003, Paleoceanography 18, doi: 10.1029/2002PA000877",Thorsten Kiefer,37859,0.280898876,0,3.370786517,0.561797753,0.561797753,0,0.842696629,0.561797753,12.07865169,0,0,0.561797753,0,0,7.02247191,49.15730337,0,0.280898876,0.842696629,9.550561798,0,0,0,0,0,9.831460674,0,4.494382022,100,1
ODP506B,,0.61,-86.092,2711,"Pacific, eastern equ.",110,,21.614,"Martnez et al. 2003, Paleoceanography 18, doi: 10.1029/2002PA000877",Thorsten Kiefer,37859,0.313479624,0,5.015673981,0.940438871,0,0,0.313479624,0,8.150470219,0.313479624,0,0,0,0,2.507836991,59.87460815,0,0,0.313479624,6.269592476,0,0,0.626959248,0,0,10.03134796,0,5.329153605,100,1
ODP506B,,0.61,-86.092,2711,"Pacific, eastern equ.",114,,22.222,"Martnez et al. 2003, Paleoceanography 18, doi: 10.1029/2002PA000877",Thorsten Kiefer,37859,1.675977654,0,5.027932961,0.279329609,1.396648045,0,1.675977654,0,10.05586592,0,0,0.279329609,0,0,3.072625698,59.21787709,0,0,1.396648045,4.189944134,0,0,0,0,0,10.33519553,0,1.396648045,100,1
ODP506B,,0.61,-86.092,2711,"Pacific, eastern equ.",118,,22.83,"Martnez et al. 2003, Paleoceanography 18, doi: 10.1029/2002PA000877",Thorsten Kiefer,37859,2.906976744,0,3.488372093,0.290697674,1.162790698,0,1.162790698,0,13.08139535,0,0,0.290697674,0,0,2.61627907,54.06976744,0,0,0.581395349,3.488372093,0,0,0.290697674,0,0,11.04651163,0,5.523255814,100,1
ODP677B,,1.202,-83.737,3461,"Pacific, eastern equ.",104,,19.200588,"Martnez et al. 2003, Paleoceanography 18, doi: 10.1029/2002PA000877",Thorsten Kiefer,37859,0.867052023,0,7.514450867,0.289017341,0.578034682,0,0,0,6.358381503,0,1.156069364,0.289017341,0,0,7.803468208,58.09248555,0,0,0.289017341,1.734104046,0,0,0.289017341,0,0,9.248554913,0,5.49132948,100,1
ODP677B,,1.202,-83.737,3461,"Pacific, eastern equ.",107,,19.495294,"Martnez et al. 2003, Paleoceanography 18, doi: 10.1029/2002PA000877",Thorsten Kiefer,37859,1.661129568,0,3.65448505,0,0.664451827,0,0.332225914,0.664451827,5.647840532,0,0,0,0,0,9.302325581,61.46179402,0,0,0.332225914,2.657807309,0,0,0,0,0,10.63122924,0,2.990033223,100,1
ODP677B,,1.202,-83.737,3461,"Pacific, eastern equ.",110,,19.79,"Martnez et al. 2003, Paleoceanography 18, doi: 10.1029/2002PA000877",Thorsten Kiefer,37859,2.077151335,0,5.637982196,0,0.59347181,0,0.59347181,0,6.528189911,0,0,0,0,0,5.637982196,63.79821958,0,0,0.59347181,3.857566766,0,0,0,0,0,7.121661721,0,3.560830861,100,1
ODP677B,,1.202,-83.737,3461,"Pacific, eastern equ.",113,,20.888,"Martnez et al. 2003, Paleoceanography 18, doi: 10.1029/2002PA000877",Thorsten Kiefer,37859,1.347708895,0,6.738544474,0,1.347708895,0,0,0.269541779,6.738544474,0,0,0.539083558,0,0,6.738544474,52.83018868,0,0,0.539083558,4.851752022,0,0,0.269541779,0,0.269541779,13.74663073,0,3.773584906,100,1
ODP677B,,1.202,-83.737,3461,"Pacific, eastern equ.",116,,21.986,"Martnez et al. 2003, Paleoceanography 18, doi: 10.1029/2002PA000877",Thorsten Kiefer,37859,1.954397394,0,3.583061889,0.325732899,1.302931596,0,0.977198697,0,4.885993485,0,0,0,0,0,5.211726384,63.19218241,0,0,1.302931596,2.605863192,0,0,0.325732899,0,0,11.07491857,0,3.25732899,100,1
ODP677B,,1.202,-83.737,3461,"Pacific, eastern equ.",119,,23.084,"Martnez et al. 2003, Paleoceanography 18, doi: 10.1029/2002PA000877",Thorsten Kiefer,37859,0.634920635,0,4.761904762,0,0,0,0.317460317,2.222222222,6.031746032,0,0,0,0,0,8.571428571,51.74603175,0,0,1.904761905,3.80952381,0,0,0.317460317,0,0,14.92063492,0,4.761904762,100,1
ODP846B,,-3.05,-90.49,3307,"Pacific, eastern equ.",78,,19.79,"Martnez et al. 2003, Paleoceanography 18, doi: 10.1029/2002PA000877",Thorsten Kiefer,37859,1.666666667,0,1.333333333,0,1,0,1.333333333,0.666666667,12.33333333,0.333333333,0,0,0,0,2.666666667,46.66666667,0,0.333333333,0,26.33333333,0,0,0,0,0,3.666666667,0,1.666666667,100,1
ODP846B,,-3.05,-90.49,3307,"Pacific, eastern equ.",81,,20.104,"Martnez et al. 2003, Paleoceanography 18, doi: 10.1029/2002PA000877",Thorsten Kiefer,37859,0.583090379,0,0.583090379,0,0.583090379,0,0.29154519,0,26.53061224,0,0,0,0,0,4.081632653,48.68804665,0,0,0,11.95335277,0,0,0,0,0,5.247813411,0,1.457725948,100,1
ODP846B,,-3.05,-90.49,3307,"Pacific, eastern equ.",85,,20.418,"Martnez et al. 2003, Paleoceanography 18, doi: 10.1029/2002PA000877",Thorsten Kiefer,37859,0.666666667,0.333333333,1.333333333,0.333333333,0,0,0.666666667,0,19.33333333,0,0,0.333333333,0,0,6.666666667,40,0,0,0.333333333,22.66666667,0,0,0.666666667,0,0,4,0,2.666666667,100,1
ODP846B,,-3.05,-90.49,3307,"Pacific, eastern equ.",88,,20.58,"Martnez et al. 2003, Paleoceanography 18, doi: 10.1029/2002PA000877",Thorsten Kiefer,37859,0.235294118,0,0.941176471,0,0.470588235,0,0.470588235,0.470588235,21.41176471,0,0,0,0,0,12.23529412,40.23529412,0,0,0.235294118,16.23529412,0,0,0,0,0,2.588235294,0,3.529411765,99.05882353,1
ODP846B,,-3.05,-90.49,3307,"Pacific, eastern equ.",89,,20.732,"Martnez et al. 2003, Paleoceanography 18, doi: 10.1029/2002PA000877",Thorsten Kiefer,37859,2.250803859,0,2.250803859,0,0.964630225,0,0,0.321543408,13.82636656,0.321543408,0,0,0,0,3.8585209,36.33440514,0,0.643086817,0.643086817,32.79742765,0,0,0.964630225,0,0,4.823151125,0,0,100,1
ODP846B,,-3.05,-90.49,3307,"Pacific, eastern equ.",93,,21.046,"Martnez et al. 2003, Paleoceanography 18, doi: 10.1029/2002PA000877",Thorsten Kiefer,37859,1.650165017,0,1.320132013,0,0.330033003,0,0,0.330033003,18.48184818,0,0.330033003,0,0.330033003,0,2.310231023,52.47524752,0,0.330033003,0.330033003,15.18151815,0,0,0,0,0,4.620462046,0,1.98019802,100,1
ODP846B,,-3.05,-90.49,3307,"Pacific, eastern equ.",97,,21.36,"Martnez et al. 2003, Paleoceanography 18, doi: 10.1029/2002PA000877",Thorsten Kiefer,37859,1.661129568,0,1.661129568,0,0.332225914,0,0.664451827,0,10.29900332,0,0.332225914,0,0,0,4.983388704,59.46843854,0,0.664451827,0,13.28903654,0,0,0,0,0,3.986710963,0,2.325581395,100,1
ODP846B,,-3.05,-90.49,3307,"Pacific, eastern equ.",100,,21.87,"Martnez et al. 2003, Paleoceanography 18, doi: 10.1029/2002PA000877",Thorsten Kiefer,37859,1.226993865,0,1.840490798,0,0.613496933,0,0.306748466,0.920245399,15.03067485,0,0,0,0,0,13.80368098,51.22699387,0,0,0.306748466,9.509202454,0,0,0,0,0,3.067484663,0,1.533742331,99.38650307,1
ODP846B,,-3.05,-90.49,3307,"Pacific, eastern equ.",104,,22.382,"Martnez et al. 2003, Paleoceanography 18, doi: 10.1029/2002PA000877",Thorsten Kiefer,37859,3.986710963,0,2.325581395,0,1.993355482,0,0,0,12.62458472,0,0,0,0.664451827,0,2.325581395,60.79734219,0,0.664451827,0.332225914,10.96345515,0,0,0,0,0,0.996677741,0,1.993355482,100,1
ODP846B,,-3.05,-90.49,3307,"Pacific, eastern equ.",108,,22.966,"Martnez et al. 2003, Paleoceanography 18, doi: 10.1029/2002PA000877",Thorsten Kiefer,37859,5,0,1.923076923,0,0,0,0,0,6.153846154,0,0,0,0,0,4.230769231,60.76923077,0,0,0,15,0,0,0,0,0,4.230769231,0,2.692307692,100,1
TR163-11,,6.45,-85.822,1950,"Pacific, eastern equ.",36,,19.79,"Martnez et al. 2003, Paleoceanography 18, doi: 10.1029/2002PA000877",Thorsten Kiefer,37859,0.330033003,0,3.300330033,0,0.660066007,0,1.650165017,0,11.22112211,0,0,0,0,0,7.260726073,42.24422442,0,0.99009901,0.330033003,0,0,0,0,0,0,30.0330033,0,1.650165017,100,1
TR163-33,,-1.913,-82.568,2230,"Pacific, eastern equ.",76,,19.79,"Martnez et al. 2003, Paleoceanography 18, doi: 10.1029/2002PA000877",Thorsten Kiefer,37859,1.129943503,0,1.694915254,0.282485876,0.282485876,0,0.847457627,0,18.07909605,0,0,0,0,0,9.039548023,53.95480226,0,0,0,9.322033898,0,0,0.564971751,0,0.282485876,1.694915254,0,2.824858757,100,1
TR163-33,,-1.913,-82.568,2230,"Pacific, eastern equ.",78,,19.98625,"Martnez et al. 2003, Paleoceanography 18, doi: 10.1029/2002PA000877",Thorsten Kiefer,37859,0.666666667,0,2,0,0.333333333,0,0.333333333,0,21,0,0,0,0,0,8.666666667,42,0,0,0,17.66666667,0,0,0,0,0,4,0.333333333,3,100,1
TR163-33,,-1.913,-82.568,2230,"Pacific, eastern equ.",82,,20.37875,"Martnez et al. 2003, Paleoceanography 18, doi: 10.1029/2002PA000877",Thorsten Kiefer,37859,1,0,1.333333333,0,0.333333333,0,1,0.333333333,20.66666667,0,0,0.333333333,0,0,7.666666667,48.33333333,0,0,0.666666667,11.33333333,0,0,1,0,0.333333333,2,0,3.666666667,100,1
TR163-33,,-1.913,-82.568,2230,"Pacific, eastern equ.",84,,20.575,"Martnez et al. 2003, Paleoceanography 18, doi: 10.1029/2002PA000877",Thorsten Kiefer,37859,0.964630225,0,2.572347267,0,0.643086817,0,0.643086817,0,13.18327974,0,0,0,0,0,6.752411576,51.12540193,0,0,0,19.2926045,0,0,0,0,0.643086817,2.572347267,0,1.607717042,100,1
TR163-33,,-1.913,-82.568,2230,"Pacific, eastern equ.",86,,20.77125,"Martnez et al. 2003, Paleoceanography 18, doi: 10.1029/2002PA000877",Thorsten Kiefer,37859,3.086419753,0.308641975,3.395061728,0,0.617283951,0,0,0,19.13580247,0,0,0,0.308641975,0,6.172839506,45.0617284,0,0.308641975,0.308641975,16.35802469,0,0,0,0,0,2.469135802,0,2.469135802,100,1
TR163-33,,-1.913,-82.568,2230,"Pacific, eastern equ.",88,,20.9675,"Martnez et al. 2003, Paleoceanography 18, doi: 10.1029/2002PA000877",Thorsten Kiefer,37859,0.563380282,0,0.281690141,0,1.126760563,0,0.281690141,0,23.94366197,0,0,0,0,0,7.605633803,45.91549296,0,0,0,11.83098592,0,0,0.281690141,0,0.281690141,2.816901408,0,5.070422535,100,1
TR163-33,,-1.913,-82.568,2230,"Pacific, eastern equ.",90,,21.16375,"Martnez et al. 2003, Paleoceanography 18, doi: 10.1029/2002PA000877",Thorsten Kiefer,37859,3,0,1,0.333333333,0,0,0.666666667,0,16.66666667,0,0,0,0,0,9.333333333,44.66666667,0,0,0.333333333,20,0,0,0.333333333,0,0,1.666666667,0,2,100,1
TR163-33,,-1.913,-82.568,2230,"Pacific, eastern equ.",92,,21.36,"Martnez et al. 2003, Paleoceanography 18, doi: 10.1029/2002PA000877",Thorsten Kiefer,37859,2.201257862,0,2.830188679,0,0.628930818,0,0,0,20.12578616,0,0,0,0.314465409,0,3.144654088,36.16352201,0,0,0.628930818,28.30188679,0,0,0,0,0,3.773584906,0,1.886792453,100,1
PC17,,21.358,-158.19,503,"Pacific, off Hawaii",370,,19.91,"Lee & Slowey 1999, Nature 397, 512-514",Thorsten Kiefer,37860,0,1.28,33.46,10.6,12.07,0,2.19,2.74,2.56,7.68,0,7.68,0,0,0,0.18,0.18,0.18,0,0.18,1.28,1.65,0,0,1.46,4.02,0,8.96,100,1
PC17,,21.36,-158.19,503,"Pacific, off Hawaii",374,,21.44,"Lee & Slowey 1999, Nature 397, 512-514",Thorsten Kiefer,37860,0,1.72,33.66,5.16,14,0,0.74,2.21,2.46,6.88,0,9.34,0,0,0,0,0.98,0.98,0,0.25,2.95,1.72,0,0,1.72,3.2,0.25,8.6,100.02,1
PC17,,21.36,-158.19,503,"Pacific, off Hawaii",378,,22.96,"Lee & Slowey 1999, Nature 397, 512-514",Thorsten Kiefer,37860,0,2.4,29.33,6.97,17.55,0,1.2,3.37,1.68,7.21,0.24,6.73,0,0,0,0.24,0.24,0.24,0,0,1.92,1.68,0,0,1.2,1.44,0.24,12.74,99.99,1
GIK17940-2,,20.11666667,117.3833333,1727,"Pacific, South China Sea",875,,19.1,"Wang et al. 1999, Marine Geology 156, 245-284",Thorsten Kiefer,37860,0.3,0.1,12.1,3.1,2.9,0,0.5,4.1,15.1,0.8,0.6,0,0.8,0.2,9.6,25,0,0,1.3,0.5,0,0.3,0.3,0,1.9,0.9,0,14.4,97.7,1
GIK17940-2,,20.11666667,117.3833333,1727,"Pacific, South China Sea",885,,19.77,"Wang et al. 1999, Marine Geology 156, 245-284",Thorsten Kiefer,37860,0.7,0.2,11.7,3.5,2.4,0,0.5,3.3,14.9,0.8,0.2,0,0.5,0.1,10.4,23.6,0,0,1.4,3.7,0,0.1,1,0,1.1,1.6,0,14.6,98.8,1
GIK17940-2,,20.11666667,117.3833333,1727,"Pacific, South China Sea",895,,20.44,"Wang et al. 1999, Marine Geology 156, 245-284",Thorsten Kiefer,37860,0.1,0.1,14.6,2,3.1,0,0.4,4.6,13,0.6,0.5,0,0.8,0,8.6,25.4,0,0,1.9,3,0,0.3,0.7,0,1.3,1.1,0,12.4,97.6,1
GIK17940-2,,20.11666667,117.3833333,1727,"Pacific, South China Sea",905,,21.1,"Wang et al. 1999, Marine Geology 156, 245-284",Thorsten Kiefer,37860,0.8,0,15.5,1.9,3.4,0,0.9,3.2,13.9,0.9,0.1,0,0.9,0.2,9.1,23.5,0,0,2.8,2.9,0,0,0.6,0,1.2,0.7,0,13.1,99,1
GIK17940-2,,20.11666667,117.3833333,1727,"Pacific, South China Sea",915,,21.77,"Wang et al. 1999, Marine Geology 156, 245-284",Thorsten Kiefer,37860,1.4,0,21.8,2.3,3.7,0,0.9,2.7,14.5,1.3,0.2,0,0.3,0.4,10.4,19.9,0,0,1.8,0.5,0,0,0.6,0,1.1,0.8,0,11.6,100,1
GIK17940-2,,20.11666667,117.3833333,1727,"Pacific, South China Sea",925,,22.44,"Wang et al. 1999, Marine Geology 156, 245-284",Thorsten Kiefer,37860,2.3,0,14.7,1.1,3.5,0,1.2,0.9,11.4,1.7,0,0,1,0.1,9.8,24.4,0,0,0.7,1.6,0,0,0.8,0,1.5,1.8,0,13.4,95.4,1
GIK17940-2,,20.11666667,117.3833333,1727,"Pacific, South China Sea",935,,23.06,"Wang et al. 1999, Marine Geology 156, 245-284",Thorsten Kiefer,37860,0.6,0.3,14.6,1.7,3.9,0,1.1,3.3,15,1.1,0.5,0,0.9,0.2,9.1,27.2,0,0,0.9,0.1,0,0.3,1.5,0,0.8,1.3,0,12.6,100.9,1
GIK17954,,14.79666667,111.525,1520,"Pacific, South China Sea",102.5,,19.881,"Wang et al. 1999, Marine Geology 156, 245-284",Thorsten Kiefer,37860,0.6,0,30.3,0.5,7.9,0.3,1.9,3.4,7.7,0,2.7,0.2,0,0,11.6,11.8,0,0,3.2,2.1,0,0,0.3,0,3.5,2.9,0.2,8.6,99.7,1
GIK17954,,14.79666667,111.525,1520,"Pacific, South China Sea",112.5,,21.306,"Wang et al. 1999, Marine Geology 156, 245-284",Thorsten Kiefer,37860,2.1,0.3,29.1,0.8,8.4,1,1.8,2.3,6.5,0,1.7,0.7,0,0,14,13.9,0,0,3.4,0.8,0,0,0.7,0,1.9,4.3,0,6.7,100.4,1
GIK17954,,14.79666667,111.525,1520,"Pacific, South China Sea",122.5,,22.731,"Wang et al. 1999, Marine Geology 156, 245-284",Thorsten Kiefer,37860,0.8,0.6,28.5,0,10.9,2.5,4.3,4.9,6.6,0.6,1.3,0.2,0,0.2,12.4,8.9,0,0,3.8,0.9,0,0.8,1.9,0.2,1.1,2.3,0,7.4,101.1,1
6706-2,,42.16,-124.94,1120,"Pacific, NE",259,,16-22,"Ortiz, J.D., A.C. Mix, S. Hostetler, and M. Kashgarian, 1997, The California Current of the Last Glacial Maximum at 42oN: Reconstruction Based on Multiple Proxies, Paleoceanography, 12, 191-206, 1997",Thorsten Kiefer,37860,0,0,0,0,0,0,0,0,38.8,0,0,0,3.3,54,0.9,0.9,0,0,0,0,0,0,0,0,0,0,0,2.1,100,1
W8709A-13PC,,42.12,-125.75,2717,"Pacific, NE",275,,16-22,"Ortiz, J.D., A.C. Mix, S. Hostetler, and M. Kashgarian, 1997, The California Current of the Last Glacial Maximum at 42oN: Reconstruction Based on Multiple Proxies, Paleoceanography, 12, 191-206, 1997",Thorsten Kiefer,37860,0,0,0,0,0,0,0,0,35.4,0,0,0,4.2,51.5,3.3,0,0,0,0,0,0,0,0,0,0.4,0,0,5.3,100.1,1
W8809A-53GC,,42.75,-126.26,2408,"Pacific, NE",168,,16-22,"Ortiz, J.D., A.C. Mix, S. Hostetler, and M. Kashgarian, 1997, The California Current of the Last Glacial Maximum at 42oN: Reconstruction Based on Multiple Proxies, Paleoceanography, 12, 191-206, 1997",Thorsten Kiefer,37860,0,0,0,0,0,0,0,0,42.6,0,0,0,5.3,41.5,2.1,2.4,0,0,0,0,0,0,0,0,0,0,0,5.9,100.1,1
W8809A-21GC ,,42.14,-126.91,2799,"Pacific, NE",140,,16-22,"Ortiz, J.D., A.C. Mix, S. Hostetler, and M. Kashgarian, 1997, The California Current of the Last Glacial Maximum at 42oN: Reconstruction Based on Multiple Proxies, Paleoceanography, 12, 191-206, 1997",Thorsten Kiefer,37860,0,0,0,0,0,0,0,0,23.7,0,0,0,7.4,54.4,3.5,1.1,0,0,0,0,0,0,0,0,1.1,0,0,8.5,100.1,1
W8709A-08PC,,42.26,-127.68,3111,"Pacific, NE",22,,16-22,"Ortiz, J.D., A.C. Mix, S. Hostetler, and M. Kashgarian, 1997, The California Current of the Last Glacial Maximum at 42oN: Reconstruction Based on Multiple Proxies, Paleoceanography, 12, 191-206, 1997",Thorsten Kiefer,37860,0,0,1.1,0,0,0,0,0,26.6,0,0,0,4.2,54.2,4.5,3.1,0,0,0,0.3,0,0,0,0,0.3,0,0,5.9,100.2,1
W8809A-29GC,,41.8,-129,3136,"Pacific, NE",156,,16-22,"Ortiz, J.D., A.C. Mix, S. Hostetler, and M. Kashgarian, 1997, The California Current of the Last Glacial Maximum at 42oN: Reconstruction Based on Multiple Proxies, Paleoceanography, 12, 191-206, 1997",Thorsten Kiefer,37860,0,0,0,0,0,0,0,0,43.3,0,0,0,9.2,38.3,3.3,0.8,0,0,0,0,0,0,0,0,0.8,0,0,4.2,99.9,1
W8809A-31GC,,41.68,-130.01,3136,"Pacific, NE",15,,16-22,"Ortiz, J.D., A.C. Mix, S. Hostetler, and M. Kashgarian, 1997, The California Current of the Last Glacial Maximum at 42oN: Reconstruction Based on Multiple Proxies, Paleoceanography, 12, 191-206, 1997",Thorsten Kiefer,37860,0.9,0,0,0,0,0,0,0,36.8,0,0,0,10.7,40.2,3.8,0.5,0,0,0,0,0,0,0,0,1.1,0,0,5.8,100,1
W8909A-57GC,,41.58,-130.62,3330,"Pacific, NE",22,,16-22,"Ortiz, J.D., A.C. Mix, S. Hostetler, and M. Kashgarian, 1997, The California Current of the Last Glacial Maximum at 42oN: Reconstruction Based on Multiple Proxies, Paleoceanography, 12, 191-206, 1997",Thorsten Kiefer,37860,0.6,0,0,0,0,0,0,0,45.2,0,0,0,4.7,37,3.6,1.8,0,0,0,0,0,0,0,0,0,0,0,7.1,100,1
W8709A-01BC,,41.54,-131.96,3680,"Pacific, NE",21,,16-22,"Ortiz, J.D., A.C. Mix, S. Hostetler, and M. Kashgarian, 1997, The California Current of the Last Glacial Maximum at 42oN: Reconstruction Based on Multiple Proxies, Paleoceanography, 12, 191-206, 1997",Thorsten Kiefer,37860,0.2,0,0,0,0,0,0,0,27.5,0,0,0,0,42.8,25,4.7,0,0,0,0,0,0,0,0,0,0,0,0,100.2,1
W8909A-48GC,,41.33,-132.67,3670,"Pacific, NE",17,,16-22,"Ortiz, J.D., A.C. Mix, S. Hostetler, and M. Kashgarian, 1997, The California Current of the Last Glacial Maximum at 42oN: Reconstruction Based on Multiple Proxies, Paleoceanography, 12, 191-206, 1997",Thorsten Kiefer,37860,0.6,0,0,0,0,0,0,0,32.4,0,0,0,1,35.2,26.3,3.8,0,0,0,0,0,0,0,0,0,0,0,0,99.9,1
CHAT 1K,,-41.58333333,-171.5,3556,Pacific SW,40,,19.9,"Weaver et al., 1998, Paleoceanography 13, 70-83",Thorsten Kiefer,37861,0.651465798,0,0.325732899,0,0,0,0,0.325732899,14.00651466,2.605863192,0,0,3.25732899,0.325732899,28.66449511,2.605863192,0,0,0,34.2019544,5.211726384,0,3.583061889,0,0.325732899,0,0,3.908794788,307,2
CHAT 1K,,-41.58333333,-171.5,3556,Pacific SW,50,,23.28888889,"Weaver et al., 1998, Paleoceanography 13, 70-83",Thorsten Kiefer,37861,0.257069409,0,0.257069409,0,0,0,0,0,18.25192802,3.856041131,0,0,3.341902314,0,32.90488432,5.141388175,0,0,0,22.62210797,5.655526992,0.257069409,4.627249357,0,0,0,0,2.827763496,389,2
RC8-94,,-27.283,-102.083,233,Pacific,16,,,Data contributed by A.C. Mix,Michal Kucera,37877,23,300,650,130,19,0,18,38,61,90,8,15,0,0,0,0,3,12,0,20,118,44,62,0,0,6,2,303,1950,2
RC9-124,,-28.75,172.6,234,Pacific,40,,,Data contributed by A.C. Mix,Michal Kucera,37877,6,37,110,11,15,0,36,10,132,230,2,0,5,0,130,14,0,0,1,186,32,3,82,12,1,0,0,50,1108,2
RC9-126,,-33.233,168.733,235,Pacific,30,,,Data contributed by A.C. Mix,Michal Kucera,37877,18,0,70,3,3,0,23,3,246,140,0,1,7,3,272,48,0,0,3,321,42,1,37,0,0,0,0,40,1284,2
RC10-97,,0.917,-134.317,236,Pacific,44,,,Data contributed by A.C. Mix,Michal Kucera,37877,0,0,10,0,7,0,14,0,19,0,4,0,0,0,100,188,17,1,178,5,1,0,11,0,0,220,0,20,795,2
RC10-11,,-11.183,-162.917,237,Pacific,20,,,Data contributed by A.C. Mix,Michal Kucera,37877,2,61,390,46,53,1,31,12,8,0,2,17,0,0,0,2,0,0,9,0,0,0,0,0,0,6,0,330,973,2
RC10-16,,33.083,158,238,Pacific,9,,,Data contributed by A.C. Mix,Michal Kucera,37877,11,0,8,0,0,0,0,1,49,2,0,0,1,1,61,80,0,0,0,177,1,8,10,0,2,0,0,2,415,2
RC11-21,,1.817,-140.05,239,Pacific,40,,,Data contributed by A.C. Mix,Michal Kucera,37877,1,0,8,1,5,0,3,1,9,1,1,3,0,0,15,56,4,1,47,1,0,0,38,0,0,87,0,1,283,2
RC11-21,,-6.133,-140.85,240,Pacific,15,,,Data contributed by A.C. Mix,Michal Kucera,37877,1,18,100,35,46,0,28,4,58,2,2,10,0,0,3,42,51,3,69,0,0,0,6,0,0,60,0,160,700,2
RC11-22,,-14.817,-139.967,241,Pacific,30,,,Data contributed by A.C. Mix,Michal Kucera,37877,2,14,442,73,59,1,18,16,17,2,0,20,0,0,0,1,4,7,2,0,0,0,1,1,0,13,2,285,1000,2
RC11-23,,-8.8,-110.8,242,Pacific,45,,,Data contributed by A.C. Mix,Michal Kucera,37877,6,17,92,1,42,0,11,3,50,0,1,3,1,0,58,94,22,21,30,2,0,0,1,0,0,84,0,170,715,2
RC12-10,,-26,169.2,243,Pacific,40,,,Data contributed by A.C. Mix,Michal Kucera,37877,21,85,253,10,37,0,42,22,102,180,3,0,1,0,40,23,0,0,2,197,13,8,75,2,4,8,0,111,1243,2
RC12-36,,15.1,124.133,244,Pacific,20,,,Data contributed by A.C. Mix,Michal Kucera,37877,4,76,268,16,107,12,21,12,35,3,3,4,0,0,0,16,0,0,7,0,0,4,4,0,0,7,1,40,649,2
RC13-17,,19.083,-170.067,245,Pacific,30,,,Data contributed by A.C. Mix,Michal Kucera,37877,2,33,29,0,7,40,1,1,6,0,3,0,0,0,1,3,1,1,3,6,5,5,8,0,0,90,0,1,262,2
RC13-81,,-19.017,-124.233,246,Pacific,10,,,Data contributed by A.C. Mix,Michal Kucera,37877,4,231,831,46,103,3,44,21,40,0,5,4,0,0,0,4,38,8,16,0,2,3,16,0,0,113,1,618,2176,2
RC13-11,,-1.65,-103.633,247,Pacific,50,,,Data contributed by A.C. Mix,Michal Kucera,37877,3,0,12,0,4,0,4,0,31,1,0,1,0,0,272,121,2,2,9,47,0,0,9,0,0,53,0,15,586,2
V 18-31,,-2.85,-126.2,248,Pacific,25,,,Data contributed by A.C. Mix,Michal Kucera,37877,0,0,19,0,1,0,1,0,11,0,0,2,0,0,45,69,3,0,30,0,0,0,3,0,0,78,0,17,279,2
V 18-31,,3.167,-118.467,249,Pacific,15,,,Data contributed by A.C. Mix,Michal Kucera,37877,0,1,6,0,9,0,3,0,2,0,1,0,0,0,11,154,2,0,15,0,0,0,1,0,0,91,0,4,300,2
V 19-29,,-3.583,-83.933,250,Pacific,120,,,Data contributed by A.C. Mix,Michal Kucera,37877,1,0,2,0,3,0,1,0,330,0,1,1,52,67,271,241,0,0,0,213,0,0,1,0,0,3,0,10,1197,2
V 19-53,,-17.017,-113.517,251,Pacific,45,,,Data contributed by A.C. Mix,Michal Kucera,37877,0,53,2,0,9,5,2,1,3,0,0,0,0,0,1,23,65,0,101,0,0,1,8,0,0,264,0,30,568,2
V 19-55,,-17,-114.183,252,Pacific,23,,,Data contributed by A.C. Mix,Michal Kucera,37877,2,62,425,44,97,2,33,11,68,0,2,12,0,0,0,25,85,3,91,5,0,0,3,0,0,199,0,630,1838,2
V 19-64,,-16.933,-121.2,253,Pacific,15,,,Data contributed by A.C. Mix,Michal Kucera,37877,1,59,301,29,53,2,16,7,24,1,1,4,0,0,0,2,20,4,14,0,0,0,2,0,0,36,1,340,919,2
V 19-65,,-16.65,-124.383,254,Pacific,15,,,Data contributed by A.C. Mix,Michal Kucera,37877,2,96,517,11,73,7,29,16,19,0,2,4,0,0,0,9,50,11,36,1,0,1,5,0,0,98,1,530,1536,2
V 19-96,,0.867,172,255,Pacific,15,,,Data contributed by A.C. Mix,Michal Kucera,37877,0,9,29,1,30,0,12,0,33,0,0,0,0,0,2,41,2,0,87,0,0,0,4,0,0,26,0,34,310,2
V 20-11,,47.95,168.783,256,Pacific,20,,,Data contributed by A.C. Mix,Michal Kucera,37877,0,0,1,0,0,0,0,0,14,0,0,0,26,380,7,0,0,0,0,0,0,0,0,0,0,0,0,0,428,2
V 21-30,,-1.217,-89.683,257,Pacific,250,,,Data contributed by A.C. Mix,Michal Kucera,37877,7,1,41,2,4,0,1,0,663,0,0,5,50,4,270,233,0,0,0,219,0,0,1,0,2,18,0,30,1551,2
V 21-33,,-3.8,-92.083,258,Pacific,45,,,Data contributed by A.C. Mix,Michal Kucera,37877,2,0,2,0,1,0,1,0,74,0,0,0,0,0,129,212,0,0,4,118,0,0,1,0,0,21,0,36,601,2
V 21-14,,37.683,163.033,259,Pacific,70,,,Data contributed by A.C. Mix,Michal Kucera,37877,1,0,2,0,0,0,0,0,27,0,0,0,2,16,70,6,0,0,1,224,0,10,0,0,0,0,0,44,405,2
V 28-20,,2.767,-173.933,260,Pacific,20,,,Data contributed by A.C. Mix,Michal Kucera,37877,0,26,186,16,58,1,28,10,125,0,0,46,0,0,0,3,8,0,73,0,0,0,1,0,0,7,1,220,810,2
V 28-20,,0.95,-179.417,261,Pacific,40,,,Data contributed by A.C. Mix,Michal Kucera,37877,2,12,284,14,77,0,48,5,94,1,1,11,0,0,0,49,23,0,144,0,0,0,12,0,1,46,0,197,1024,2
V 28-23,,-5.5,166.75,262,Pacific,20,,,Data contributed by A.C. Mix,Michal Kucera,37877,0,15,350,10,70,0,20,16,70,1,1,14,0,0,0,54,1,1,26,0,0,2,4,0,4,15,0,232,908,2
V 28-23,,1.017,160.483,263,Pacific,35,,,Data contributed by A.C. Mix,Michal Kucera,37877,0,6,79,4,22,0,21,7,39,1,0,6,0,0,0,21,4,0,36,0,0,0,3,0,0,20,1,63,333,2
V 28-23,,3.25,159.183,264,Pacific,30,,,Data contributed by A.C. Mix,Michal Kucera,37877,0,7,59,2,14,0,23,5,30,0,0,2,0,0,0,30,5,0,52,0,0,1,5,0,1,23,0,56,322,2
V 28-24,,11.067,138.533,265,Pacific,20,,,Data contributed by A.C. Mix,Michal Kucera,37877,2,54,978,45,178,2,48,4,100,1,4,17,0,0,1,42,0,9,8,0,0,1,0,0,0,33,3,140,1681,2
V  28294,,28.433,139.967,266,Pacific,4,,,Data contributed by A.C. Mix,Michal Kucera,37877,28,5,400,28,98,1,43,7,272,305,6,5,2,4,265,90,0,0,26,188,4,152,75,0,19,3,0,182,2218,2
V  28304,,28.533,134.133,267,Pacific,45,,,Data contributed by A.C. Mix,Michal Kucera,37877,5,42,186,4,82,0,29,17,167,65,11,1,1,2,162,123,0,1,23,113,0,51,14,1,3,2,0,90,1204,2
V28-310,,25.417,125.633,268,Pacific,40,,,Data contributed by A.C. Mix,Michal Kucera,37877,2,16,149,65,9,0,3,63,71,8,6,40,1,0,2,44,0,0,44,1,0,6,3,0,0,3,0,341,883,2
V 32126,,35.317,177.9,269,Pacific,25,,,Data contributed by A.C. Mix,Michal Kucera,37877,9,0,11,0,0,0,4,0,182,0,2,0,9,8,205,17,0,0,0,179,0,14,0,0,1,0,0,17,663,2
V32-128,,36.467,177.167,270,Pacific,32,,,Data contributed by A.C. Mix,Michal Kucera,37877,12,0,5,0,0,0,0,0,174,0,1,0,16,74,429,7,0,0,0,240,0,19,0,0,0,0,0,13,1008,2
V  32139,,31.567,151.1,271,Pacific,1,,,Data contributed by A.C. Mix,Michal Kucera,37877,6,3,21,0,3,0,3,0,30,5,1,0,0,0,40,15,0,0,3,237,5,15,6,1,3,2,3,0,404,2
RC10-62,,3.333,-101.717,301,Pacific,51,,,Data contributed by A.C. Mix,Michal Kucera,37877,1,0,16,1,7,0,2,2,10,1,0,2,0,0,6,105,0,0,8,4,0,0,6,0,0,43,0,16,230,2
RC13110,,0.1,-95.65,302,Pacific,54,,,Data contributed by A.C. Mix,Michal Kucera,37877,0,0,12,0,1,0,1,1,31,1,0,0,2,0,16,212,0,0,0,20,0,0,14,0,6,10,0,7,334,2
RC13115,,-1.633,-104.833,303,Pacific,61,,,Data contributed by A.C. Mix,Michal Kucera,37877,2,1,15,0,4,0,4,1,26,1,0,0,0,0,16,174,2,1,10,22,0,0,7,0,0,76,0,9,371,2
V19-29,,-3.583,-83.933,304,Pacific,120,,,Data contributed by A.C. Mix,Michal Kucera,37877,7,0,2,0,3,0,9,9,286,0,1,1,38,30,161,391,0,0,1,217,0,0,5,0,0,11,0,22,1194,2
VNTRO1-8,,0.033,-110.483,305,Pacific,41,,,Data contributed by A.C. Mix,Michal Kucera,37877,5,0,14,1,9,0,3,0,25,2,0,0,0,0,53,235,2,0,7,21,0,6,42,0,1,54,0,7,487,2
Y69-106p,,2.983,-86.55,306,Pacific,30,,,Data contributed by A.C. Mix,Michal Kucera,37877,3,0,19,3,1,0,1,2,35,4,1,3,3,0,27,100,0,2,1,5,0,0,0,0,5,31,0,39,291,2
Y69-71P,,0.1,-86.483,307,Pacific,180,,,Data contributed by A.C. Mix,Michal Kucera,37877,1,0,14,0,2,0,0,2,66,0,1,1,0,0,25,141,0,0,2,42,0,0,0,0,2,19,0,12,330,2
Y71-3-2,,7.167,-85.15,308,Pacific,20,,,Data contributed by A.C. Mix,Michal Kucera,37877,2,0,32,0,2,0,7,0,35,0,0,0,0,0,1,114,0,2,2,0,0,0,1,0,0,72,0,40,310,2
y71-9-101,,-6.383,-106.933,309,Pacific,63,,,Data contributed by A.C. Mix,Michal Kucera,37877,1,0,23,0,13,0,3,5,15,0,1,0,0,0,3,151,0,0,6,10,0,0,3,0,0,39,0,31,304,2
Y71-6-12,,-16.44,-77.56,310,Pacific,49,,,Data contributed by A.C. Mix,Michal Kucera,37877,4,0,14,0,0,0,1,0,90,1,1,0,15,117,64,119,0,10,1,201,0,0,0,0,7,2,0,21,674,2
RR9702A-63TC,,-18.085,-79.04,311,Pacific,16,,,Data contributed by A.C. Mix,Michal Kucera,37877,5,0,18,1,0,0,4,2,95,0,3,0,0,22,37,55,0,14,5,182,1,2,0,0,10,2,0,30,490,2
Y71-6-12,,-16.443,-77.563,312,Pacific,46,,,Data contributed by A.C. Mix,Michal Kucera,37877,4,0,13,1,1,0,1,4,110,2,0,2,1,35,36,46,0,7,1,135,0,0,0,0,4,0,0,0,407,2
Y71-6-12,,-16.443,-77.563,313,Pacific,50,,,Data contributed by A.C. Mix,Michal Kucera,37877,4,0,14,0,0,0,1,0,90,1,1,0,15,120,62,73,0,10,1,201,0,0,0,0,7,2,0,21,629,2
Y71-6-12,,-16.443,-77.563,314,Pacific,56,,,Data contributed by A.C. Mix,Michal Kucera,37877,12,0,6,1,0,1,1,0,43,1,1,1,1,34,23,56,1,2,0,126,1,0,2,0,4,0,0,10,330,2
RR9702A-69TC,,-16.007,-76.378,315,Pacific,70,,,Data contributed by A.C. Mix,Michal Kucera,37877,1,0,13,0,0,0,0,6,112,4,0,0,48,69,9,24,0,3,0,80,0,0,0,0,23,0,0,23,415,2
RR9702A-69TC,,-16.007,-76.378,316,Pacific,80,,,Data contributed by A.C. Mix,Michal Kucera,37877,8,0,7,0,0,0,0,0,35,0,0,0,8,39,100,37,0,7,0,98,0,0,0,0,8,0,0,9,356,2