Latitude,Longitude,Symbiont-barren Non-Spinose,Symbiont-barren Spinose,Symbiont-facultative Non-Spinose,Symbiont-obligate Spinose,SST
-55.33,65.467,0.972727272727273,0.0181818181818182,0.006060606060606,0.003030303030303,-1.0921789754574516
-53.038,119.735,0.582716049382716,0.279012345679012,0.133333333333333,0.0,0.14268307333354088
-51.08,129.97,0.472972972972973,0.368243243243243,0.131756756756757,0.0101351351351351,1.5944253322242055
-50.87,-9.867,0.986111111111111,0.0111111111111111,0.0,0.0027777777777777,0.9881629556265537
-50.7167,13.4333,0.959247648902821,0.0313479623824451,0.0094043887147335,0.0,1.0521164778624
-49.92,-15.57,0.590977443609023,0.0827067669172932,0.321804511278196,0.0,3.0096039526628973
-49.378,94.832,0.308474576271186,0.433898305084746,0.233898305084746,0.0,3.135081455868186
-49.33,127.12,0.233576642335766,0.456204379562044,0.237226277372263,0.0291970802919708,2.8325601495288986
-49.0,-4.6,0.981627296587926,0.010498687664042,0.0078740157480314,0.0,4.930561625617879
-48.008,114.478,0.225225225225225,0.515315315315315,0.207207207207207,0.0,3.254855326535756
-47.988,95.037,0.301003344481605,0.444816053511706,0.22742474916388,0.0,3.9014743130150995
-47.77,123.1,0.1,0.61025641025641,0.223076923076923,0.0051282051282051,4.1170251113029535
-47.533,114.423,0.294605809128631,0.477178423236515,0.180497925311203,0.0041493775933609,3.9563046739437944
-47.128,95.08,0.262247838616715,0.461095100864553,0.236311239193084,0.0,3.9014743130150995
-46.75,-0.05,0.27445652173913,0.25,0.445652173913043,0.0027173913043478,4.561776033525804
-46.6,7.625,0.444852941176471,0.397058823529412,0.128676470588235,0.0036764705882352,4.518629540160534
-46.53,125.57,0.178484107579462,0.452322738386308,0.246943765281174,0.0268948655256724,4.881776873413944
-46.448,114.417,0.176829268292683,0.510162601626016,0.215447154471545,0.0142276422764228,4.687789655482603
-46.13,-10.9,0.652542372881356,0.208474576271186,0.130508474576271,0.0050847457627118,6.436960448672826
-46.1,-13.23,0.449035812672176,0.366391184573003,0.15702479338843,0.0110192837465565,6.526165013755439
-46.02,44.367,0.325396825396825,0.396825396825397,0.259259259259259,0.0,3.387141160854263
-45.42,121.12,0.0883977900552486,0.632596685082873,0.196132596685083,0.0303867403314917,5.534708166444976
-45.022,95.082,0.289473684210526,0.35,0.307894736842105,0.0,5.370202087476989
-45.0,45.767,0.345108695652174,0.361413043478261,0.271739130434783,0.0,5.98140498662136
-44.77,92.417,0.260162601626016,0.411924119241192,0.279132791327913,0.010840108401084,6.1024577190005385
-44.47,-6.633,0.160857908847185,0.544235924932976,0.211796246648794,0.0134048257372654,7.387443696904137
-43.953,114.368,0.175438596491228,0.387914230019493,0.313840155945419,0.0448343079922027,6.819532222410479
-43.78,46.2,0.415929203539823,0.389380530973451,0.18141592920354,0.0044247787610619,7.915932373100004
-43.63,51.267,0.430051813471503,0.316062176165803,0.248704663212435,0.0,7.748908764040587
-43.18,-3.25,0.0674846625766871,0.595092024539877,0.259713701431493,0.0020449897750511,7.209913013204401
-43.03,57.35,0.221311475409836,0.147540983606557,0.622950819672131,0.0,7.593602812347429
-42.58,-17.8,0.155555555555556,0.526984126984127,0.193650793650794,0.0253968253968254,8.798182533620661
-41.37,114.13,0.0562770562770563,0.506493506493507,0.363636363636364,0.012987012987013,8.314676241138685
-39.38,104.37,0.159663865546218,0.277310924369748,0.357142857142857,0.109243697478992,9.538692025375191
-39.2,13.5,0.191176470588235,0.208823529411765,0.364705882352941,0.161764705882353,12.883467782659983
-38.98,29.933,0.381410256410257,0.0544871794871795,0.512820512820513,0.0128205128205128,14.11061430448496
-38.57,140.62,0.160869565217391,0.226086956521739,0.38695652173913,0.121739130434783,10.722819072094428
-38.03,83.483,0.24822695035461,0.265957446808511,0.209219858156028,0.180851063829787,10.39936688249732
-37.63,37.867,0.28804347826087,0.078804347826087,0.584239130434783,0.0190217391304348,13.922620546966417
-37.15,43.5,0.341549295774648,0.109154929577465,0.401408450704225,0.126760563380282,13.297344462956257
-36.75,120.9,0.242647058823529,0.147058823529412,0.448529411764706,0.117647058823529,12.266555057420712
-36.48,69.55,0.483018867924528,0.128301886792453,0.275471698113208,0.0452830188679245,12.72663214455667
-36.12,41.85,0.0648148148148148,0.0154320987654321,0.867283950617284,0.0339506172839506,14.324517454685898
-35.88,15.917,0.337539432176656,0.0694006309148265,0.570977917981073,0.0063091482649842,15.854996650552245
-34.92,67.583,0.287096774193548,0.0483870967741936,0.548387096774194,0.0387096774193548,14.577071704694594
-34.33,54.217,0.190217391304348,0.0380434782608696,0.730978260869565,0.0298913043478261,15.40619502156791
-33.8,112.98,0.0554382644146768,0.129968695398952,0.478996796738497,0.251019219569016,15.427070652329261
-33.35,16.433,0.209452479338843,0.0357880755608028,0.602002164502165,0.1086186540732,15.044289292598007
-33.23,15.983,0.181494661921708,0.117437722419929,0.540925266903915,0.106761565836299,15.099537043234697
-33.2,15.0,0.25748502994012,0.0449101796407186,0.51497005988024,0.125748502994012,15.099537043234697
-32.38,84.85,0.252525252525253,0.0841750841750842,0.353535353535354,0.208754208754209,14.91727333788242
-31.63,83.8,0.136622390891841,0.0588235294117647,0.383301707779886,0.280834914611006,15.64964055296552
-31.57,114.12,0.0212014134275618,0.0212014134275618,0.858657243816255,0.0671378091872792,16.93693602499657
-31.53,99.25,0.10467706013363,0.144766146993319,0.204899777282851,0.407572383073497,14.359801328020692
-31.05,82.85,0.190769230769231,0.0215384615384615,0.470769230769231,0.209230769230769,15.743290242576004
-30.58,13.283,0.243243243243243,0.039039039039039,0.504504504504505,0.165165165165165,15.092415109067652
-30.57,114.45,0.0358126721763085,0.0495867768595041,0.46831955922865,0.429752066115702,17.41717365293559
-30.2,91.717,0.11704834605598,0.124681933842239,0.170483460559796,0.458015267175573,15.326889658148245
-29.73,79.567,0.0995850622406639,0.0622406639004149,0.282157676348548,0.400414937759336,17.091730861061684
-29.52,9.583,0.476997578692494,0.0048426150121065,0.479418886198547,0.0338983050847458,15.112230061549992
-28.883,92.833,0.077319587628866,0.0592783505154639,0.268041237113402,0.407216494845361,16.067547906272576
-28.07,95.967,0.0559210526315789,0.0625,0.292763157894737,0.407894736842105,15.809529548121668
-28.017,95.183,0.0779661016949152,0.0135593220338983,0.440677966101695,0.284745762711864,15.809529548121668
-25.49,11.307,0.476396570397112,0.0601301444043321,0.197266004813478,0.0246604693140794,16.36139536917806
-23.05,64.9,0.014760147601476,0.047970479704797,0.191881918819188,0.675276752767528,20.57578996914239
-22.98,7.017,0.298816568047337,0.0473372781065089,0.292899408284024,0.289940828402367,16.615901445580608
-22.4,57.633,0.0140515222482436,0.0046838407494145,0.234192037470726,0.690866510538642,21.433162112861673
-22.13,68.767,0.010752688172043,0.043010752688172,0.166666666666667,0.736559139784946,20.567692209276256
-21.98,68.483,0.0515021459227468,0.0085836909871244,0.15450643776824,0.682403433476395,20.831045138392568
-21.83,10.8,0.699481865284974,0.103626943005181,0.13160621761658,0.0601036269430052,18.46682896461984
-21.42,112.8,0.0241691842900302,0.117824773413897,0.323262839879154,0.531722054380665,23.117794374674315
-20.58,63.533,0.0588235294117647,0.0849673202614379,0.313725490196078,0.509803921568627,21.452046476378698
-19.92,41.6,0.114058355437666,0.0212201591511936,0.270557029177719,0.575596816976127,23.747683780390588
-16.23,58.633,0.0294117647058824,0.0481283422459893,0.229946524064171,0.692513368983957,22.557243325071582
-15.59,58.852,0.0267857142857143,0.0476190476190476,0.342261904761905,0.577380952380953,22.718605385096435
-13.61,59.638,0.0634441087613293,0.0483383685800604,0.317220543806647,0.558912386706949,23.089587529002127
-12.85,59.872,0.0537634408602151,0.032258064516129,0.309139784946237,0.602150537634409,23.32270277545117
-12.38,61.617,0.0566037735849057,0.0314465408805031,0.305031446540881,0.591194968553459,23.298080999044686
-4.3,64.817,0.0869565217391305,0.016304347826087,0.690217391304348,0.179347826086957,25.22184390775082
-4.217,41.55,0.0699481865284974,0.106217616580311,0.295336787564767,0.523316062176166,23.795762342047148
-2.833,66.3,0.144876325088339,0.0035335689045936,0.72791519434629,0.102473498233216,25.391445187827266
-2.807,61.203,0.119186046511628,0.0145348837209302,0.424418604651163,0.415697674418605,25.281590585501554
-0.7667,-26.0333,0.248743718592965,0.0402010050251256,0.293969849246231,0.334170854271357,22.88489529854492
-0.633,69.45,0.0986547085201794,0.0269058295964126,0.62780269058296,0.237668161434978,25.35327447407189
-0.05,-24.1667,0.207436399217221,0.0469667318982387,0.426614481409002,0.209393346379648,22.780135173763192
0.3,-14.8,0.0822368421052632,0.0,0.440789473684211,0.473684210526316,22.353065488720755
0.85,-32.85,0.0168067226890756,0.0140056022408964,0.184873949579832,0.784313725490196,23.092344303721386
0.917,-43.77,0.0119047619047619,0.0,0.241071428571429,0.74702380952381,23.241352275974418
1.0,1.983,0.0679886685552408,0.0141643059490085,0.614730878186969,0.30028328611898,22.967343892951938
1.05,-13.63,0.228915662650602,0.0060240963855421,0.430722891566265,0.307228915662651,22.986229157870707
1.417,-9.083,0.255506607929515,0.0066079295154185,0.63215859030837,0.0991189427312775,22.911726332132574
1.683,-41.52,0.112462006079027,0.0,0.346504559270517,0.531914893617021,22.89226433247269
1.75,-16.05,0.0708117443868739,0.001727115716753,0.412780656303972,0.50259067357513,23.11805558134832
1.967,-37.07,0.0198675496688742,0.0044150110375275,0.169977924944812,0.799116997792495,23.009355743147733
2.0,-5.25,0.205188679245283,0.0542452830188679,0.224056603773585,0.511792452830189,23.396821355463647
2.1,-35.6,0.0314465408805031,0.0062893081761006,0.169811320754717,0.779874213836478,23.296884400628784
2.217,-45.4,0.0268817204301075,0.0026881720430107,0.201612903225806,0.768817204301075,23.163939103639276
3.05,-11.82,0.262295081967213,0.0054644808743169,0.278688524590164,0.453551912568306,23.99130774156055
3.383,-20.12,0.155495978552279,0.0,0.372654155495979,0.447721179624665,24.18807326986478
3.65,-18.3,0.403470715835141,0.0043383947939262,0.44468546637744,0.13882863340564,24.193181628094727
3.65,-15.05,0.323033707865169,0.0,0.556179775280899,0.120786516853933,24.10955267145223
3.705,-7.722,0.0030581039755351,0.0152905198776758,0.284403669724771,0.685015290519878,23.695744949949592
3.867,65.517,0.0934579439252336,0.0373831775700935,0.383177570093458,0.481308411214953,25.68945304346799
4.233,-47.75,0.0159574468085106,0.0,0.194148936170213,0.789893617021277,23.323414702018432
4.967,-45.97,0.0152284263959391,0.0050761421319796,0.0862944162436548,0.888324873096447,23.230011682813167
5.2833,-17.0667,0.672185430463576,0.0132450331125828,0.211920529801325,0.0894039735099338,24.42189639853439
5.317,-33.03,0.0411764705882353,0.0117647058823529,0.217647058823529,0.720588235294118,23.369161240533835
5.833,-18.08,0.28448275862069,0.0,0.477011494252874,0.224137931034483,24.420088848497887
6.033,-18.25,0.11890243902439,0.0,0.259146341463415,0.603658536585366,24.380099958750545
6.267,-17.92,0.319298245614035,0.0,0.48421052631579,0.171929824561404,24.391015074508267
7.28,72.805,0.0502645502645503,0.14021164021164,0.378306878306878,0.423280423280423,25.455802651673803
7.433,61.067,0.121951219512195,0.0926829268292683,0.448780487804878,0.336585365853659,24.492766163611712
8.117,62.783,0.0647668393782383,0.0984455958549223,0.380829015544041,0.455958549222798,24.35626802662239
8.233,-37.87,0.0053763440860215,0.0053763440860215,0.134408602150538,0.846774193548387,22.664437150950427
8.467,-30.13,0.408130081300813,0.0065040650406504,0.417886178861789,0.149593495934959,22.560668047621657
8.983,51.733,0.0253521126760563,0.197183098591549,0.487323943661972,0.287323943661972,
9.317,-43.0,0.0323886639676113,0.0,0.202429149797571,0.748987854251012,22.603617348983644
9.567,-18.18,0.210526315789474,0.106960950764007,0.264855687606112,0.405772495755518,24.01659963312284
9.582,72.763,0.0558510638297872,0.146276595744681,0.279255319148936,0.50531914893617,25.074780800690142
10.032,-76.96,0.237931034482759,0.0034482758620689,0.241379310344828,0.510344827586207,
10.183,-77.22,0.0402998776009792,0.0062321501427988,0.213372093023256,0.728233374133007,23.288731859769378
10.55,-57.3167,0.0158415841584158,0.0,0.142574257425743,0.831683168316832,22.73452307835316
10.7,-65.2,0.0775,0.33,0.29,0.2975,
10.983,-81.15,0.0608695652173913,0.0,0.378260869565217,0.556521739130435,23.209294111339588
11.117,-80.4,0.009771986970684,0.0521172638436482,0.198697068403909,0.687296416938111,22.865799337290394
11.25,-78.15,0.0867768595041322,0.0041322314049586,0.363636363636364,0.537190082644628,22.882235969095472
11.433,56.233,0.197674418604651,0.063953488372093,0.569767441860465,0.168604651162791,22.534911083324367
11.533,-60.52,0.0034013605442176,0.0,0.139455782312925,0.85374149659864,22.095309933110368
11.75,-80.43,0.012012012012012,0.033033033033033,0.165165165165165,0.750750750750751,22.865799337290394
11.767,-81.1,0.0287539936102236,0.0031948881789137,0.21405750798722,0.70926517571885,23.01813730997105
11.85,46.75,0.029520295202952,0.180811808118081,0.564575645756458,0.217712177121771,23.254439843594735
11.91,-75.04,0.297619047619048,0.0029761904761904,0.211309523809524,0.476190476190476,23.282011820457214
12.05,63.15,0.0092879256965944,0.0804953560371517,0.510835913312693,0.386996904024768,23.44255565677399
12.25,-76.63,0.197860962566845,0.0026737967914438,0.451871657754011,0.339572192513369,22.801664273851678
12.383,-18.92,0.222222222222222,0.0020964360587002,0.49685534591195,0.253668763102725,23.427106087887502
12.4,-77.77,0.102857142857143,0.0,0.277142857142857,0.617142857142857,22.711313411902687
12.617,45.633,0.0034602076124567,0.207612456747405,0.570934256055363,0.217993079584775,
12.75,-45.63,0.0205338809034908,0.0,0.15605749486653,0.809034907597536,21.840827826694056
12.858,70.255,0.0491803278688525,0.0819672131147541,0.368852459016393,0.467213114754098,24.654459321283383
12.867,48.4,0.0064308681672025,0.157556270096463,0.54983922829582,0.286173633440514,23.561680898397263
12.88,-74.85,0.106796116504854,0.0,0.533980582524272,0.352750809061489,22.921111907134733
13.25,-40.67,0.0572207084468665,0.0027247956403269,0.147138964577657,0.773841961852861,20.99537315961394
13.367,-74.3,0.153846153846154,0.0,0.58974358974359,0.230769230769231,22.465373474480423
13.433,53.45,0.0112994350282486,0.175141242937853,0.559322033898305,0.254237288135593,23.466114347042357
13.483,-81.63,0.0432692307692308,0.0096153846153846,0.350961538461539,0.596153846153846,
13.733,-51.12,0.145631067961165,0.0121359223300971,0.383495145631068,0.424757281553398,22.15294710367189
13.933,-72.37,0.0838709677419355,0.0064516129032258,0.419354838709677,0.47741935483871,22.31531314812119
14.0,-74.88,0.0498338870431894,0.0,0.40531561461794,0.534883720930233,22.309064423313195
14.15,88.083,0.136222910216718,0.0061919504643962,0.489164086687307,0.325077399380805,24.618279436622096
14.167,-18.58,0.221458753709199,0.195204549950544,0.241871018793274,0.13633234421365,22.551974350236605
14.267,-75.58,0.0784313725490196,0.0,0.509803921568627,0.395424836601307,22.360407286413647
14.3,51.0,0.0196078431372549,0.184313725490196,0.580392156862745,0.211764705882353,23.619581700322062
14.4,-21.15,0.162528216704289,0.0022573363431151,0.64334085778781,0.18961625282167,21.424751115760234
14.45,-77.23,0.0493827160493827,0.0041152263374485,0.39917695473251,0.522633744855967,22.488775065791707
14.695,-77.17,0.0134408602150538,0.0349462365591398,0.201612903225806,0.725806451612903,22.488775065791707
14.763,70.058,0.0725806451612903,0.0564516129032258,0.540322580645161,0.306451612903226,24.4603194144
14.933,-73.92,0.0571428571428571,0.0040816326530612,0.322448979591837,0.608163265306122,22.267494872162395
15.017,-23.23,0.0672043010752688,0.0860215053763441,0.252688172043011,0.591397849462366,20.47038803291729
15.483,-40.52,0.0231788079470199,0.0165562913907285,0.119205298013245,0.811258278145695,20.37616584176676
15.617,-71.67,0.0226537216828479,0.0097087378640776,0.216828478964401,0.747572815533981,22.42404872272656
15.857,-74.79,0.0261627906976744,0.0261627906976744,0.258720930232558,0.651162790697675,22.525318733141773
16.383,-17.92,0.252232142857143,0.176339285714286,0.328125,0.234375,21.46294578243478
16.533,-28.85,0.109489051094891,0.024330900243309,0.255474452554745,0.583941605839416,19.496297764102245
16.567,-79.53,0.0247519224019655,0.0130739287195686,0.223724514214607,0.735761462620848,22.86562718272187
17.0,-74.4,0.0513595166163142,0.0151057401812689,0.190332326283988,0.737160120845922,23.544152503672713
17.033,-76.6,0.0323450134770889,0.0350404312668464,0.180592991913747,0.714285714285714,23.78070632523444
17.033,-71.23,0.0355987055016181,0.0129449838187702,0.190938511326861,0.757281553398058,23.235795021427574
17.2,-35.83,0.0569306930693069,0.0049504950495049,0.217821782178218,0.685643564356436,19.311923893192844
17.267,-48.42,0.0083102493074792,0.0249307479224377,0.135734072022161,0.81994459833795,20.841323333970063
17.483,-40.67,0.0509259259259259,0.025462962962963,0.173611111111111,0.715277777777778,19.855000113817574
17.567,-63.57,0.0,0.020253164556962,0.10379746835443,0.873417721518987,22.362449916794716
17.883,58.083,0.0230263157894737,0.384868421052632,0.378289473684211,0.210526315789474,22.700228822416253
19.193,66.29,0.0258899676375405,0.0355987055016181,0.491909385113269,0.440129449838188,23.486623685581424
19.4,-78.55,0.0323529411764706,0.0029411764705882,0.152941176470588,0.791176470588235,24.04537689286106
19.883,-25.53,0.0798816568047337,0.029585798816568,0.266272189349112,0.582840236686391,18.506831317208754
20.7,-31.45,0.0441988950276243,0.0110497237569061,0.165745856353591,0.74585635359116,18.245731108769796
20.7332,-59.2,0.0526315789473684,0.0025062656641604,0.0651629072681704,0.837092731829574,21.834738680448396
21.3,-69.67,0.0079522862823061,0.0337972166998012,0.151093439363817,0.783300198807157,23.09919630246828
21.472,67.298,0.0033112582781456,0.165562913907285,0.413907284768212,0.417218543046358,23.596008409940588
22.467,-20.07,0.0838574423480084,0.0314465408805031,0.163522012578616,0.664570230607966,17.90120104623358
22.6,-72.6,0.0051282051282051,0.0205128205128205,0.138461538461538,0.784615384615385,23.318290078288115
22.967,-38.2,0.0160320641282565,0.002004008016032,0.062124248496994,0.887775551102205,18.846040669294783
23.033,-43.8,0.0097402597402597,0.0876623376623377,0.123376623376623,0.727272727272727,19.676431200805645
23.333,-46.48,0.0031948881789137,0.073482428115016,0.108626198083067,0.801916932907348,20.16817332130761
23.767,-92.47,0.0148809523809524,0.0208333333333333,0.1875,0.693452380952381,20.778027110405
23.9333,-75.75,0.0028248587570621,0.0932203389830508,0.107344632768362,0.731638418079096,
24.283,-53.07,0.0041580041580041,0.0103950103950104,0.0374220374220374,0.927234927234927,21.35843539496689
24.5,-16.95,0.35672514619883,0.130604288499025,0.228070175438597,0.243664717348928,
24.8,-75.9333,0.0029761904761904,0.12202380952381,0.133928571428571,0.720238095238095,
24.967,-28.933,0.11864406779661,0.0063559322033898,0.313559322033898,0.514830508474576,17.44147762598368
25.933,-26.58,0.060126582278481,0.0,0.253164556962025,0.522151898734177,17.178714734972985
26.783,-46.7,0.0124223602484472,0.046583850931677,0.111801242236025,0.791925465838509,20.516543602434087
27.917,-43.63,0.0441988950276243,0.06353591160221,0.129834254143646,0.701657458563536,20.1099011165064
27.967,-34.133,0.0188235294117647,0.0070588235294117,0.127058823529412,0.769411764705883,18.395540172743434
28.0,-38.783,0.0331632653061224,0.0637755102040816,0.211734693877551,0.604591836734694,19.239215415178492
28.483,-65.05,0.026530612244898,0.0122448979591837,0.102040816326531,0.775510204081633,22.401601469506954
29.017,-41.4,0.0250569476082005,0.0455580865603645,0.14123006833713,0.724373576309795,19.918510083992786
29.283,-79.92,0.0096711798839458,0.02321083172147,0.37137330754352,0.584139264990329,22.743155047961984
29.483,-19.62,0.166153846153846,0.0184615384615385,0.107692307692308,0.68,16.281375246257447
29.617,-36.92,0.0421286031042129,0.0088691796008869,0.241685144124169,0.592017738359202,18.90878908506321
29.7667,-76.8,0.0163934426229508,0.0327868852459016,0.373770491803279,0.537704918032787,22.567678935736076
29.8,-15.1,0.0738916256157636,0.0246305418719212,0.142857142857143,0.692118226600985,15.90592762235963
30.0,-51.87,0.04149377593361,0.0269709543568465,0.149377593360996,0.701244813278008,21.272109656487462
30.7833,-67.6667,0.0403022670025189,0.141057934508816,0.123425692695214,0.589420654911839,21.47839100698556
31.383,-11.62,0.145129224652087,0.153081510934394,0.133200795228628,0.510934393638171,15.655645442591315
31.433,-64.17,0.0941828254847646,0.0941828254847646,0.260387811634349,0.481994459833795,20.97986851412006
31.65,-75.35,0.0378590078328982,0.0300261096605744,0.16710182767624,0.656657963446475,22.253909486920143
31.8333,-74.35,0.0823529411764706,0.0666666666666667,0.264705882352941,0.468627450980392,21.854185625417678
32.217,-64.72,0.0568181818181818,0.102272727272727,0.119318181818182,0.650568181818182,20.29721472117225
32.283,-65.12,0.0483870967741936,0.0483870967741936,0.190322580645161,0.612903225806451,20.283691602290503
32.6,-69.5,0.102493074792244,0.185595567867036,0.274238227146814,0.362880886426593,20.416457718447155
32.65,-52.3,0.438034188034188,0.0790598290598291,0.25,0.194444444444444,20.602004273775123
33.3,-48.27,0.0801963993453355,0.0687397708674305,0.330605564648118,0.440261865793781,19.98218276795189
33.333,-27.367,0.109409190371991,0.142231947483589,0.192560175054705,0.485776805251641,17.004351521909996
34.2,-16.87,0.131756756756757,0.0506756756756757,0.209459459459459,0.533783783783784,15.199732989204978
34.667,-61.45,0.104622871046229,0.13625304136253,0.236009732360097,0.389294403892944,18.986427741849138
34.75,-57.25,0.0987341772151899,0.0177215189873418,0.389873417721519,0.313924050632911,19.11317728818571
35.583,-43.9,0.149367088607595,0.0658227848101266,0.283544303797468,0.410126582278481,18.503146747833345
35.7167,-67.3333,0.128440366972477,0.243119266055046,0.282110091743119,0.305045871559633,19.010479208346005
35.7667,-69.0833,0.0742753623188406,0.0579710144927536,0.396739130434783,0.405797101449275,19.565037905182628
35.7833,-68.9333,0.167958656330749,0.178294573643411,0.302325581395349,0.289405684754522,19.258091926892973
36.1333,-68.9167,0.175824175824176,0.178571428571429,0.370879120879121,0.244505494505495,19.042508733388324
36.15,-69.15,0.090702947845805,0.133786848072562,0.267573696145125,0.428571428571429,19.393358004048523
36.2167,-69.4,0.149038461538462,0.161057692307692,0.278846153846154,0.348557692307692,19.393358004048523
36.8498,-21.017,0.130097087378641,0.112621359223301,0.231067961165049,0.444660194174757,15.436057800407788
36.9,-54.03,0.153645833333333,0.135416666666667,0.505208333333333,0.140625,17.714128498566055
37.65,-72.95,0.423841059602649,0.0309050772626932,0.474613686534216,0.0640176600441501,19.769921089981278
38.283,-68.53,0.485370051635112,0.0378657487091222,0.419965576592083,0.0533562822719449,17.856830763395664
38.75,-67.55,0.140495867768595,0.0165289256198347,0.639118457300276,0.176308539944904,17.628541656964853
38.917,-57.13,0.442896935933148,0.0167130919220056,0.392757660167131,0.116991643454039,16.213684856368904
39.1332,-42.65,0.27789046653144,0.0730223123732252,0.40973630831643,0.162271805273834,15.081503379080665
39.617,-13.55,0.439169139465875,0.181008902077151,0.228486646884273,0.127596439169139,13.3932939130523
39.717,-20.15,0.20959595959596,0.0883838383838384,0.257575757575758,0.383838383838384,14.483179837473049
40.55,-26.0,0.253164556962025,0.227848101265823,0.209563994374121,0.250351617440225,13.263632056419816
40.767,-64.6,0.560679611650485,0.0145631067961165,0.383495145631068,0.0388349514563107,13.797098029530101
41.517,-45.13,0.255639097744361,0.142857142857143,0.362781954887218,0.218045112781955,12.6779273282885
41.533,-25.72,0.21256038647343,0.251207729468599,0.236714975845411,0.193236714975845,12.424094110571506
42.267,-60.5,0.558730158730159,0.13015873015873,0.295238095238095,0.0095238095238095,9.574010142276121
42.467,-54.9,0.621749408983452,0.066193853427896,0.271867612293144,0.0354609929078014,10.881612656904057
42.7,-17.07,0.398416886543536,0.0686015831134565,0.324538258575198,0.147757255936675,12.931040035925909
42.75,-43.23,0.401041666666667,0.1953125,0.2421875,0.135416666666667,10.772760350522185
42.85,-25.15,0.248134328358209,0.205223880597015,0.227611940298507,0.240671641791045,11.46376915950343
43.8,-14.68,0.421800947867299,0.0047393364928909,0.369668246445498,0.175355450236967,12.200484802810752
44.017,-24.53,0.428544937428897,0.224617747440273,0.164386234357224,0.0610386803185438,9.610705631445363
44.167,-39.87,0.348235294117647,0.108235294117647,0.416470588235294,0.0964705882352941,7.5782668200205645
44.2,-14.9,0.507592190889371,0.0433839479392625,0.206073752711497,0.216919739696312,11.777766828191067
44.3498,-30.267,0.319742489270386,0.160944206008584,0.229613733905579,0.253218884120172,9.715992655981568
45.1,-10.57,0.42638036809816,0.0766871165644172,0.266871165644172,0.217791411042945,11.181835851268287
45.3,-23.87,0.35116598079561,0.216735253772291,0.216735253772291,0.15363511659808,8.735414552425793
46.0,-45.05,0.380352644836272,0.516372795969773,0.0705289672544081,0.0302267002518892,3.6784262724012473
46.0,-16.92,0.380597014925373,0.159203980099502,0.271144278606965,0.126865671641791,10.029974197107885
48.3,-16.97,0.481404958677686,0.142561983471074,0.299586776859504,0.0330578512396694,9.567891867835163
49.133,-25.5,0.441991315390603,0.227684240711155,0.274994879357667,0.0430072508295441,5.414194822251145
49.867,-24.25,0.442159383033419,0.22879177377892,0.316195372750643,0.0102827763496144,5.60173669693933
50.1,-37.3,0.346715328467153,0.474452554744526,0.138686131386861,0.0401459854014598,2.951740980215703
50.9332,-41.75,0.478323699421965,0.222543352601156,0.267341040462428,0.0130057803468208,2.6840366073952007
52.367,-17.53,0.497777777777778,0.216296296296296,0.242962962962963,0.0325925925925926,8.451205794046617
52.583,-21.93,0.52452025586354,0.202558635394456,0.264392324093817,0.0063965884861407,7.277943311799624
52.667,-15.17,0.472877358490566,0.272405660377359,0.221698113207547,0.0235849056603774,9.003824847360631
53.867,-21.1328,0.562396006655574,0.227953410981697,0.196339434276206,0.0033277870216306,7.660844157159489
54.0,-46.2,0.389380530973451,0.52212389380531,0.079646017699115,0.0088495575221238,2.3351364396404604
54.033,-46.87,0.412887828162291,0.539379474940334,0.045346062052506,0.0023866348448687,2.3351364396404604
54.2,-45.97,0.326086956521739,0.639130434782609,0.0326086956521739,0.0021739130434782,2.44518519493681
54.25,-16.83,0.732437683045884,0.113349034602451,0.0967724265104675,0.0056008243844234,8.472334417420704
54.467,-50.8,0.945229681978798,0.0547703180212014,0.0,0.0,1.826694249598011
54.733,-53.12,0.99618320610687,0.0038167938931297,0.0,0.0,1.0865768489750756
54.983,-15.4,0.441269841269841,0.26031746031746,0.282539682539683,0.0126984126984127,8.477818671449683
55.05,-33.07,0.365535248041775,0.378590078328982,0.255874673629243,0.0,5.147914512617361
55.4,-18.73,0.502347417840376,0.303990610328639,0.176056338028169,0.0082159624413145,8.091520830606619
55.967,-56.07,1.0,0.0,0.0,0.0,1.005091565516502
56.067,-24.08,0.656786271450858,0.135725429017161,0.199687987519501,0.0062402496099844,6.749661999343427
56.733,-54.7,0.98780487804878,0.0121951219512195,0.0,0.0,1.7170767326905005
57.0,-21.32,0.44311377245509,0.305389221556886,0.244011976047904,0.0074850299401197,7.365167809865852
58.183,-44.62,0.873589164785553,0.121896162528217,0.0022573363431151,0.0022573363431151,0.021162682068526367
58.367,-47.733,0.982278481012658,0.010126582278481,0.0025316455696202,0.0050632911392405,0.5747179428565152
58.733,-15.57,0.448844884488449,0.316831683168317,0.231023102310231,0.0016501650165016,7.230410448061562
59.15,-41.07,0.805418719211823,0.172413793103448,0.0221674876847291,0.0,
59.6532,-22.77,0.435643564356436,0.334158415841584,0.225247524752475,0.0049504950495049,6.7001844461991
59.95,-32.85,0.390804597701149,0.507389162561576,0.100164203612479,0.0016420361247947,5.5287015949197835
59.95,-19.2,0.387951807228916,0.320481927710843,0.289156626506024,0.0024096385542168,6.870015481871774
60.033,-50.83,0.987654320987654,0.0030864197530864,0.0030864197530864,0.0061728395061728,0.026124900996108157
60.383,-20.97,0.468152866242038,0.245222929936306,0.280254777070064,0.0063694267515923,6.334448465397875
60.65,-7.433,0.928994082840237,0.0615384615384615,0.0094674556213017,0.0,6.044595517389533
60.7033,-37.275,0.507352941176471,0.41421568627451,0.0784313725490196,0.0,3.8765323452986737
60.733,-57.83,0.997368421052632,0.0026315789473684,0.0,0.0,1.5795889223089161
60.8,-22.45,0.481182795698925,0.279569892473118,0.228494623655914,0.010752688172043,6.278754601816861
60.933,-17.57,0.574372759856631,0.028673835125448,0.395161290322581,0.0017921146953405,6.415696073412896
61.183,-23.02,0.443213296398892,0.285318559556787,0.271468144044321,0.0,5.953367415220452
61.367,-11.5,0.738544474393531,0.175202156334232,0.0808625336927224,0.0053908355795148,6.141718029973889
61.55,-25.12,0.384223918575064,0.297709923664122,0.312977099236641,0.0025445292620865,5.820432656894419
61.917,-24.05,0.43731778425656,0.332361516034985,0.209912536443149,0.0204081632653061,5.897275620468369
61.933,-33.27,0.577956989247312,0.362903225806452,0.0591397849462366,0.0,5.09015619078514
62.133,-14.2,0.784894837476099,0.118546845124283,0.0927342256214149,0.0038240917782026,6.051646719415571
62.667,-27.53,0.404977375565611,0.459276018099548,0.115384615384615,0.0203619909502262,5.545121477532395
62.85,-14.53,0.418539325842697,0.418539325842697,0.160112359550562,0.0028089887640449,6.051646719415571
62.867,-17.93,0.753554502369668,0.033175355450237,0.203791469194313,0.0094786729857819,6.501016287419435
62.9,0.583,0.9236276849642,0.035799522673031,0.0405727923627685,0.0,3.1913689907464713
63.45,-6.133,0.594965675057208,0.146453089244851,0.235697940503432,0.022883295194508,1.5306233366491542
63.4832,-0.0667,0.942238267148014,0.0288808664259928,0.0216606498194946,0.003610108303249,1.3037636304959672
64.0833,-4.0167,0.784013605442177,0.20578231292517,0.0102040816326531,0.0,0.25251879268371247
64.833,-3.583,0.823792761240193,0.173223353077563,0.0029838856822439,0.0,-0.021374262899618607
65.017,-6.217,0.787128712871287,0.21039603960396,0.0024752475247524,0.0,0.35594458690300185
65.167,-0.067,0.65952380952381,0.316666666666667,0.0238095238095238,0.0,-0.4991399602306419
65.6,-6.483,0.666666666666667,0.333333333333333,0.0,0.0,0.35594458690300185
66.733,-6.733,0.670212765957447,0.329787234042553,0.0,0.0,-0.5761074446604
67.683,0.233,0.810375358523507,0.183021573762314,0.0066030677141788,0.0,-1.0077517924513177
67.783,-6.667,0.711864406779661,0.286440677966102,0.0016949152542372,0.0,-1.1282071648217915
68.0333,0.0167,0.630457933972311,0.356762513312034,0.012779552715655,0.0,-1.1515527488025175
68.383,-5.417,0.857777777777778,0.137777777777778,0.0044444444444444,0.0,-1.3948625628830182
68.55,2.717,0.781209781209781,0.198198198198198,0.0205920205920206,0.0,-0.930147805267676
68.717,-12.72,0.997140596191812,0.0028594038081874,0.0,0.0,-1.569669488337924
69.383,-4.4,0.962418300653595,0.0343137254901961,0.0032679738562091,0.0,-1.535554299153106
70.05,8.317,0.8359375,0.151041666666667,0.0130208333333333,0.0,-0.6853821475662161
70.983,6.683,0.971246006389776,0.0287539936102236,0.0,0.0,-0.9264423149892513
71.167,-1.617,0.938670483599572,0.0598369790869955,0.0014925373134328,0.0,-1.6147871518565817
72.0667,-9.0667,0.995859213250518,0.0041407867494824,0.0,0.0,-1.723567524558539
72.183,5.267,0.736487467860017,0.257068833539422,0.0064436986005613,0.0,-1.18905869250105
72.433,-13.65,0.997867803837953,0.0021321961620469,0.0,0.0,-1.7581462334084674
72.967,-6.983,0.990740740740741,0.0092592592592592,0.0,0.0,-1.6763309574963037
73.483,-0.833,0.997626582278481,0.0,0.0007911392405063,0.0015822784810126,-1.5648066897752098
73.533,2.667,0.986003110419907,0.0139968895800933,0.0,0.0,-1.433620123844979
74.483,11.667,0.97979797979798,0.0202020202020202,0.0,0.0,-0.7718470651470704
75.0,-10.8,0.991886409736308,0.0081135902636916,0.0,0.0,-1.7543204107472063
75.933,-5.117,0.987841945288754,0.0121580547112462,0.0,0.0,-1.6912411074499651
76.167,-5.4,0.998487140695915,0.0015128593040847,0.0,0.0,-1.70431353538548
76.467,6.917,0.989169675090253,0.0108303249097473,0.0,0.0,-1.1952815254669265
77.867,7.267,1.0,0.0,0.0,0.0,-1.2359154984325302
77.95,0.2,0.972536348949919,0.0274636510500808,0.0,0.0,-1.6356718205010767
78.117,3.617,0.975247524752475,0.0247524752475248,0.0,0.0,-1.6468071446992862
78.4,7.417,0.986842105263158,0.0131578947368421,0.0,0.0,-1.4998000503964182
78.833,4.633,0.99075500770416,0.0092449922958397,0.0,0.0,-1.615943567238633
78.9,7.05,1.0,0.0,0.0,0.0,-1.4998000503964182
-36.8333,-14.4033,0.3969,0.3323,0.3572,0.0126,13.384368305272721
-36.06,-8.7783,0.3927,0.3755,0.29925,0.021,13.341688576980541
-35.2067,-26.765,0.6636,0.1402,0.21495,0.05145,14.866317720611026
-35.125,17.5433,0.6224,0.1669,0.244225,0.0313,16.107779823240307
-32.2683,-21.9667,0.4375,0.1524,0.3067,0.1875,16.60433050562898
-31.9,-1.33,0.3522,0.331,0.25325,0.1339,15.54565585249922
-31.6667,-28.6667,0.3468,0.05255,0.2203,0.4748,17.755981163486435
-31.6617,-29.6567,0.2995,0.0088,0.2342,0.5846,17.823283732589584
-30.87,14.3433,0.668266666666667,0.1335,0.18975,0.0637666666666667,15.13856290900382
-30.8483,-38.3433,0.3675,0.131,0.2384,0.3108,19.02104037099796
-30.8117,-14.7117,0.2518,0.2517,0.3068,0.2687,17.214834789174482
-29.5117,-8.305,0.2621,0.1882,0.32555,0.312,16.92874043212572
-29.45,11.75,0.55885,0.1145,0.3413,0.071675,15.120078143190078
-27.9117,-45.8817,0.151025,0.0481,0.3550125,0.5013375,20.98442417067168
-25.5117,-35.9983,0.3837,0.0339,0.3159,0.3499,21.01955585212759
-25.25,12.0217,0.8734,0.05025,0.1044625,0.0057375,16.631190444203288
-24.69,7.24,0.40155,0.217725,0.31145,0.139175,15.828021714957327
-24.1833,-12.0217,0.1209,0.075,0.28545,0.5428,18.120754787678774
-24.1433,-14.0433,0.09775,0.0695375,0.2790375,0.5883375,18.50213379474791
-24.0333,5.3067,0.4463,0.178825,0.2642,0.188925,15.665147126265708
-23.825,-16.2583,0.0996,0.0758,0.30605,0.5746,18.86405129574343
-23.315,12.3767,0.777529411764706,0.138441176470588,0.0816764705882353,0.0034999999999999,18.046291168124174
-23.0383,-36.6517,0.0536,0.0822,0.12765,0.7639,21.557645812353854
-22.915,6.0367,0.4311,0.156425,0.332675,0.159775,16.383212372340545
-21.88,7.1017,0.38505,0.213275,0.342725,0.1264,17.06071953746672
-21.735,5.4217,0.3479,0.1925,0.3885,0.16365,16.570721798663556
-20.8233,-39.8633,0.0305,0.019675,0.358375,0.609725,
-20.3667,-12.7067,0.1394,0.192025,0.251025,0.4625,18.15117440949485
-20.104,9.1858,0.4615,0.2848,0.1759,0.1145,18.523291840691495
-19.5617,11.175,0.760625,0.1441125,0.0731125,0.0261625,20.02680346065736
-19.0867,-10.1917,0.132,0.1078,0.27735,0.5292,17.944395650671982
-19.0517,-16.6133,0.1048,0.0726333333333333,0.207683333333334,0.64205,18.88713247950988
-17.1433,-13.9867,0.08385,0.072075,0.23295,0.654775,18.820446933442533
-15.68,-9.455,0.1788,0.1174,0.35675,0.42995,19.059021531496313
-15.5367,-17.0683,0.0549,0.1379,0.1981,0.63935,20.078614912666268
-11.7705,11.6819,0.2113,0.135333333333333,0.500216666666667,0.271483333333333,22.267768416124724
-8.675,-11.845,0.172933333333333,0.0455,0.346733333333333,0.490433333333333,22.053762060979235
-8.5283,-34.0217,0.04095,0.0037,0.149325,0.809,
-8.1983,-34.265,0.03305,0.007725,0.182775,0.776825,
-7.0533,-34.4633,0.056175,0.0338,0.0989875,0.8130375,
-7.0117,-34.4417,0.0401,0.02275,0.1634,0.7772,
-6.5823,10.3186,0.19877,0.291,0.37028,0.24149,23.109647042573236
-5.7783,-10.75,0.1797,0.143216666666667,0.400816666666667,0.358583333333333,22.56813179975349
-4.295,-37.0917,0.0573571428571429,0.0026285714285714,0.260721428571428,0.6736,
-3.815,-14.8967,0.192533333333333,0.111916666666667,0.451233333333333,0.309983333333334,22.61533661058427
-3.6783,-32.0067,0.18415,0.01605,0.1723,0.63965,23.280441869798466
-3.6667,-37.7167,0.063,0.00394,0.31009,0.62319,
-3.5583,-12.58,0.1214,0.195525,0.516475,0.284325,22.521630938450222
-3.475,-7.6,0.1871,0.15595,0.63865,0.1746,22.37991780801959
-1.665,-12.4283,0.284675,0.14275,0.4598875,0.2073125,22.015093174568445
0.0067,-23.495,0.33155,0.06585,0.3657,0.264625,22.883587649809517
1.6583,-10.98,0.16095,0.025275,0.611075,0.262925,22.918470092759243
1.95,3.5517,0.13964,0.03029,0.48522,0.3991,23.019176373555798
2.27,-33.01,0.18475,0.03355,0.2653,0.5172,23.418596943535185
2.3117,-30.6467,0.1822,0.068825,0.32195,0.4381,23.56588871871938
3.8317,-41.6217,0.13275,0.00535,0.1551,0.710175,23.061999271040996
4.2383,-43.6667,0.124533333333333,0.0135833333333333,0.148966666666667,0.7082,23.15670367602599
5.3333,-34.025,0.0902,0.002,0.1723,0.74015,23.34609001890322
0.1667,-23.0,0.037,0.0069999999999999,0.479,0.05,22.83804843502483
5.385,-21.7517,0.056,0.051,0.24,0.307,24.26749744380338
5.335,-22.0533,0.0571666666666667,0.0418333333333333,0.178958333333334,0.376083333333334,24.177211408301936
5.335,-22.055,0.0169166666666667,0.0410833333333333,0.141916666666667,0.414916666666667,24.177211408301936
78.8553,-4.7812,0.991833333333333,0.0,0.0,0.0,-1.7583855957808625
82.0317,15.1908,0.972916666666667,0.0125,0.0004166666666666,0.0,-1.7874656704301852
82.3967,40.9083,0.9895,0.0,0.0,0.0,-1.8125963953141495
70.1165,-17.6943,0.996,0.0,0.0,0.0,-1.768059136696001
74.9967,-11.8267,0.9965,0.0,0.0,0.0,-1.7574828746031201
75.0003,-8.771,0.9784,0.0,0.0003,0.0,-1.7501721873530212
71.4967,-17.1483,0.997,0.0,0.0,0.0,-1.780082633177194
68.8417,-20.825,0.990125,0.0,0.0,0.0,-1.6489158307526408
81.3667,17.4717,0.982083333333333,0.0008333333333333,0.0045833333333333,0.0,-1.7931528159449073
81.535,30.5933,0.9868,0.001,0.0,0.0,
74.1767,-0.48,0.983083333333333,0.0,0.0005833333333333,0.0,-1.537679026498968
67.8667,-21.765,0.989,0.0005,0.001375,0.0,-1.0070176870370326
81.2333,2.3817,0.987,0.0,0.0023333333333333,0.0,-1.7866055055396426
81.759,-9.4355,0.981675,0.0,0.0019,0.0,
79.6,-4.6077,0.985833333333334,0.0,0.0003333333333333,0.0,-1.7778836573713597
37.767,-10.183,0.206915151515152,0.265663636363636,0.229821212121212,0.0364393939393939,14.307510387124964
43.465,-30.66,0.185,0.443,0.11,0.16025,10.908854205896404
58.6288,-19.4349,0.874166666666667,0.0589166666666667,0.0300833333333334,0.0,7.280443264769496
58.001,-16.5014,0.82511875,0.1108125,0.0419625,0.0026875,7.2754264608490296
50.6876,-21.8635,0.941016666666667,0.0248444444444444,0.0113722222222222,0.0007,6.38668982069759
52.5033,-22.0623,0.964631313131313,0.015280303030303,0.0095050505050505,0.0,6.8096755504224795
37.1113,-32.2868,0.134083333333334,0.22175,0.402083333333334,0.0694166666666665,16.007644607411276
37.5783,-31.8422,0.16225,0.2205,0.356416666666667,0.0598333333333333,15.854528740188117
37.999,-31.1283,0.1585,0.295,0.297,0.0375,15.854528740188117
58.2098,-48.3733,0.9835,0.0105,0.0,0.0,0.7721389603502228
52.425,-16.665,0.875666666666667,0.072,0.0118333333333333,0.0,8.777327221501704
55.26,-26.725,0.944,0.025,0.0028333333333333,0.0005,6.135065485287121
55.47,-27.8883,0.864,0.0945,0.0053333333333333,0.0016666666666666,6.013220938680486
56.1633,-31.99,0.934,0.0295,0.01275,0.0,5.862945889377728
48.215,-27.0567,0.9025,0.08575,0.0,0.0,5.683407589144233
76.0,8.3333,0.985,0.0008,0.0,0.0,-1.0625237719708949
77.46,4.58,0.9745,0.003,0.004,0.0,-1.4564336213775906
72.1117,7.3883,0.969333333333333,0.0074166666666666,0.005,0.0,-0.9847645832853017
54.9617,-19.755,0.8765,0.043,0.035,0.003,8.212957940919868
68.5017,3.8383,0.95925,0.016,0.003,0.0,-0.7895391974728562
68.495,0.8317,0.965333333333333,0.0151666666666667,0.001,0.0,-1.1515527488025175
67.085,2.9083,0.98755,0.0002954545454545,0.0004318181818181,0.0,-0.7102156097575466
66.6667,4.905,0.981142857142857,0.0018571428571428,0.009,0.0,0.10035273225588721
26.8383,-15.11,0.156666666666667,0.336166666666667,0.2515,0.032,15.867728962283541
23.4983,-18.7167,0.20725,0.334,0.23525,0.027,17.53953553192237
21.145,-18.5733,0.123,0.368875,0.322375,0.020125,19.054694318433228
19.3667,-19.93,0.126,0.263,0.34525,0.0515,19.764250647545023
15.9533,-18.1333,0.0455,0.448,0.215,0.0975,21.94946540821958
15.48,-17.36,0.105619047619048,0.2465,0.350738095238095,0.0934166666666667,21.917142729288848
15.825,-17.8617,0.171666666666667,0.210666666666667,0.273,0.0815,21.917142729288848
23.135,-17.745,0.171466666666667,0.359866666666667,0.275866666666667,0.0193666666666667,17.399095026721973
25.1717,-16.845,0.17585,0.39975,0.187,0.0155,16.22051365309356
12.09,-61.2433,0.0670238095238095,0.0899166666666666,0.161821428571429,0.372630952380952,22.06499821619904
17.6483,-67.1667,0.0633833333333334,0.05345,0.180333333333334,0.385766666666667,22.731482789743534
3.02,-22.0317,0.149333333333333,0.0256666666666667,0.455666666666667,0.130166666666667,24.125773485542375
5.67,-19.8517,0.0573333333333333,0.0866666666666666,0.185416666666667,0.334083333333334,24.400339511032925
29.1667,-12.0867,0.137975,0.39015,0.2235,0.066775,15.64363177876079
27.005,-18.9867,0.1188,0.1564,0.3466,0.1468,16.273129936793424
34.8917,-7.815,0.1233,0.208,0.3568,0.1148,14.8704047332692
44.36,-26.5433,0.631825,0.209775,0.041175,0.00375,9.56603531180047
-1.35,-11.9617,0.0865,0.0665,0.55625,0.0765,21.96728235194506
3.735,-11.3983,0.02425,0.03575,0.55975,0.18425,23.99130774156055
-2.2017,5.1017,0.0995,0.12025,0.403,0.1745,22.601376980837937
21.245,-17.8033,0.113119047619048,0.44177380952381,0.267130952380952,0.0312142857142857,
9.5667,-19.095,0.1105,0.08,0.467,0.0945,23.876623285454333
72.2252,14.4273,0.972,0.00925,0.0015,0.0,
72.3797,-10.5923,0.983,0.003,0.0,0.0,-1.7340214551210047
70.3622,-18.2053,0.9775,0.001,0.005,0.0,-1.7809386532635436
70.3315,-10.6288,0.985,0.0,0.0,0.0,-1.6756465023438982
84.0292,11.2383,0.98675,0.0005833333333333,0.0035,0.0,-1.7958582326507007
52.5667,-21.94,0.934333333333333,0.0281666666666667,0.0189166666666667,0.0,7.277943311799624
59.5217,-39.445,0.986416666666667,0.0020833333333333,0.0025,0.0,1.7852350478872008
61.8722,-11.2423,0.976652173913045,0.0090869565217391,0.012195652173913,2.17391304347826e-05,6.141718029973889
67.9593,-18.6117,0.978,0.0,0.0,0.0,-1.2053074457497566
64.7973,-29.5958,0.986,0.0061666666666666,0.0005,0.0,4.5163737668259545
-35.78,18.45,0.214,0.12375,0.202,0.02875,16.285866961586358
-38.68,-25.78,0.33775,0.03675,0.386,0.0025,12.703916208741997
-37.27,-10.1,0.206571428571429,0.389571428571428,0.163357142857143,0.0097142857142857,12.67508552801515
15.065,-75.95,0.033,0.045,0.229,0.37475,22.579848882850385
-22.33,11.198,0.30245,0.193466666666667,0.105116666666667,0.0150333333333334,18.29821707984151
-5.038,-10.19,0.0566666666666667,0.1081,0.432066666666667,0.185933333333333,22.56813179975349
59.1862,-30.9048,0.936166666666667,0.0424916666666667,0.0072333333333333,0.0018833333333333,5.811992398952852
36.5117,-23.7367,0.16525,0.0783333333333333,0.484583333333333,0.07525,15.72958505534982
17.933,-50.35,0.0189,0.022025,0.1173,0.4286,21.086154741567483
15.4,-43.4,0.0615,0.008,0.019,0.46,20.70640636830757
32.75,-41.9,0.09625,0.16175,0.32575,0.19075,19.748555867496805
15.033,-80.23,0.0254285714285715,0.0156071428571429,0.198321428571429,0.393940476190476,
-10.07,-12.82,0.0925666666666665,0.0619333333333334,0.317166666666667,0.411566666666667,21.478513917245735
21.3,-22.68,0.511,0.09775,0.14125,0.13425,18.00356302992263
-3.55,-35.23,0.0464181818181819,0.0205909090909091,0.559772727272728,0.224709090909091,23.37694169462597
1.367,-33.48,0.0825833333333332,0.0311666666666667,0.306583333333333,0.24875,23.263086850529742
16.133,-74.45,0.0265,0.0411666666666667,0.215333333333333,0.369666666666667,22.888326131091304
72.183,8.583,0.9786,0.0033,0.0038,0.0,-0.8762643922170594
66.6,1.117,0.97925,0.003,0.0015,0.0,-0.6648785343495991
11.65,-80.13,0.0515,0.006,0.134,0.449,22.865799337290394
64.783,-29.57,0.980916666666667,0.0015,0.00125,0.0,4.5163737668259545
68.033,-6.117,0.988166666666667,0.0,0.0,0.0,-1.4241667079410885
-0.2,-23.15,0.158833333333334,0.0565,0.320133333333334,0.15385,22.715668475060852
18.433,-21.08,0.117875,0.234625,0.37375,0.09425,19.477670730923325
18.0732,-18.0092,0.1125,0.401833333333333,0.289666666666667,0.0436666666666667,20.48556720460136
18.1175,-18.075,0.0926666666666665,0.42325,0.301375,0.0314375,20.48556720460136
62.6485,-53.8845,0.9945,0.0,0.0,0.0,1.131781310625546
50.3898,-45.26,0.965625,0.017,0.007,0.0,2.4946219624827
50.0,-23.75,0.956,0.024,0.003,0.0,5.63946412064527
55.5,-14.5833,0.903,0.0392261904761905,0.04025,0.0,8.049522899419694
19.78,117.53,0.0179974083606842,0.0650812083662632,0.622022595234211,0.143966123744684,23.03434768068119
18.75,115.87,0.0648212172858889,0.0538183794976667,0.634047508713889,0.113867539702111,22.959814462539537
42.16,-124.94,0.549,0.421,0.03,0.0,
36.5,24.3,0.480132450331126,0.294701986754967,0.102649006622517,0.0066225165562913,
8.983333333,51.73333333,0.308970099667774,0.136212624584718,0.431893687707641,0.122923588039867,
41.95,5.93,0.15987694768094,0.716744665564992,0.110952756324807,0.0063638022258711,12.50218249211757
59.4693,-23.2427,0.87,0.11,0.0035,0.0,6.641890770495527
18.9979,-20.1621,0.242375,0.29425,0.216875,0.0685,19.764574710359092
38.231,14.23,0.336841718495918,0.236413741109776,0.242860014167493,0.183884526226813,
38.157,14.018,0.314574086706021,0.297085272868878,0.190175679032329,0.179175548419325,
38.215,13.269,0.329736475414451,0.316129946470536,0.264661036873959,0.0894725412410543,14.10984035276363
38.247,13.346,0.424365459063174,0.379963581697216,0.273113833785086,0.125990285844249,14.10984035276363
-41.58333333,-171.5,0.101823287418973,0.0558725751839596,0.105634086087299,0.0111223801554181,10.029588197653206
39.41,13.34,0.291703442188879,0.431857120606407,0.166960870844366,0.109478566360348,13.903539151226221
28.148,127.271,0.0015832601914903,0.00431416382904,0.0117580641926835,0.0070230848799302,
-26.11,161.2266667,0.1357,0.1457,0.2748,0.4237,18.923770315861503
-31.58433333,164.4486667,0.22929999996,0.2707,0.3184,0.1815,17.180588559377952
-36.47333333,165.4421667,0.3573,0.2943,0.3182,0.027,13.554773509231808
-40.5078,167.6745,0.3175,0.4425,0.24,0.0025,10.651435648707153
-45.5235,174.948,0.9375,0.0128676470588235,0.03125,0.0,5.979780757005129
-40.28333333,168.34,0.327044025157233,0.446540880503145,0.216981132075472,0.0094339622641509,10.834436406314133
-45.0667,147.2283,0.325949367088608,0.433544303797468,0.224683544303797,0.0158227848101266,8.418280009181212
-43.9167,150.0505556,0.20831168,0.607,0.1789,0.0064,10.811019666651772
-43.23333333,105.5833333,0.27,0.563333333333333,0.163333333333333,0.0,6.623354742745742
-44.88333333,106.5166667,0.355,0.493,0.153,0.0,5.944421172322243
-45.037,114.348,0.21,0.573333333333333,0.21,0.0066666666666666,5.415118395580558
-33.61666667,113.5833333,0.115625,0.115625,0.61875,0.13125,15.669542441555791
-41.02,100.0116667,0.205,0.618,0.169,0.0,7.975991127136457
-29.7,97.58333333,0.212624584717608,0.0897009966777409,0.478405315614618,0.219269102990033,15.28434567393262
-39.895,85.41,0.35,0.507,0.129,0.004,9.572048697244403
-39.515,83.72333333,0.379,0.418,0.13,0.063,9.648735128187393
-38.54166667,79.89833333,0.329,0.501,0.154,0.012,10.52637077647979
-38.54833333,79.91833333,0.382,0.4,0.178,0.03,10.52637077647979
-30.35333333,86.485,0.238709677419355,0.161290322580645,0.309677419354839,0.290322580645161,15.87785124360814
-46.05,90.16666667,0.622,0.238,0.134,0.006,5.019835064410119
-42.18333333,94.88333333,0.238,0.578,0.175,0.009,7.335943018983768
-47.11666667,95.08333333,0.851,0.1,0.049,0.0,3.9014743130150995
-38.8533,141.0633,0.209090909090909,0.403030303030303,0.293939393939394,0.0606060606060606,
-44.2606,149.9963889,0.343511450381679,0.511450381679389,0.134860050890585,0.0101781170483461,9.955330659633022
-14.00916667,121.0263333,0.07987,0.029,0.4464,0.43977,25.115886142266934
-17.64283333,114.9988333,0.0696,0.0532,0.3954,0.4783,24.233252093595368
-20.04516667,112.6621667,0.0363,0.2417,0.3907,0.3278,23.371690282535074
-22.129,113.5018333,0.016,0.143,0.561,0.278,22.916996722728886
-24.7445,111.8291667,0.006,0.119,0.56,0.315,21.2721333646364
-30.99183333,114.5895,0.074,0.129,0.576,0.22,17.41717365293559
-24.46416667,108.5101667,0.038,0.092,0.507,0.358,19.67367073463403
-12.24666667,112.7378333,0.1364,0.0849,0.4505,0.3254,24.37105621626761
-18.56183333,116.2668333,0.0462,0.043,0.2549,0.6524,24.55994183632236
61.8725,-11.1787,0.978571428571429,0.019,0.0024285714285714,0.0,6.141718029973889
20.11666667,117.3833333,0.118,0.147142857142857,0.406,0.114571428571429,23.05816147220168
14.79666667,111.525,0.159333333333333,0.0693333333333333,0.239,0.19,22.956311244634314
2.688888889,127.7361111,0.066,0.105,0.74,0.144,26.190869272793066
38.49,14.3,0.342805961746317,0.323354244905687,0.176091844198097,0.0097809515578012,
40.33,13.21,0.422771996536676,0.2792940825038,0.163442911003687,0.134491009955837,13.680188174522902
40.35,11.43,0.286666666666667,0.366666666666667,0.243333333333333,0.0,13.376244719675515
36.32,11.41,0.352237402982358,0.28977360109943,0.129438535549364,0.228550460368848,
41.31,17.59,0.456392061050433,0.409210148600288,0.0861292376509057,0.0062458781083912,
-1.170166667,160.007,0.01057106739,0.1307646451,0.350605297235,0.163517292535,25.566462702109103
8.015666667,139.6401667,0.02114803626,0.09667673716,0.24874118834,0.23464249748,25.983649715494057
3.531833333,141.8616667,0.0,0.055,0.34,0.26,26.359825575935318
32.77,19.19,0.2793074084587,0.069826852114675,0.0099421844420873,0.639078536534353,16.735183616901033
35.55,-1.57,0.698428571428571,0.227,0.0538571428571429,0.0174285714285714,
40.26,6.887,0.238946046513897,0.563381622266886,0.0973861583057661,0.10028617291345,13.071460339471965
38.65,6.11,0.322634485643491,0.383079419714449,0.15761681506467,0.136669279577391,13.673420230188883
38.14,10.07,0.242220970921272,0.52686883224805,0.179593358343776,0.051316838486902,13.818356597361262
35.66,26.58,0.438108218843928,0.163492906380188,0.170903338879913,0.227495535895971,16.38558783437414
36.143,-2.621,0.716358772606722,0.20642265652229,0.0484880351232307,0.0185025309218483,
13.78,110.25,0.03964895255875,0.0483953721425,0.44975364224875,0.17695702701,22.97834359519026
51.268,167.7255,0.234692090734152,0.0435806442618266,0.0005464695692039,0.0,2.938908589758489
15.32,72.34,0.024,0.123,0.264,0.59,24.198694556389423
10.13,95.03,0.029,0.094,0.356,0.52,24.983645501972305
11.46,94.09,0.046,0.11,0.308,0.535,24.887560406135943
18.22,91.01,0.026,0.113,0.494,0.364,24.8604498988119
18.28,89.51,0.022,0.118,0.386,0.471,24.79647972302127
7.3,76.43,0.059,0.318,0.335,0.288,
10.28,75.14,0.044,0.277,0.223,0.456,
20.42,59.34,0.009,0.306,0.094,0.591,
32.47,34.23,0.215690103866338,0.031124737205841,0.0303041817029587,0.718330667270016,
32.14,33.45,0.29686437637679,0.0214473648157388,0.0260548989021367,0.637632071450009,17.80137606230177
32.04,34.21,0.191327654950115,0.209460521629191,0.0161141844899011,0.0250733846847172,
33.02,32.38,0.230309004485921,0.0410906061749441,0.0175873112979082,0.0064446688234461,17.544968823156236
-46.01666667,96.46666667,0.963133640552995,0.032258064516129,0.0046082949308755,0.0,4.6624919438140395
41.298,17.613,0.421170061729447,0.405202611530353,0.102775403518489,0.0480432754934687,
39.947,1.591,0.234282031479065,0.537227727518263,0.103503701111119,0.122247739619818,13.28722271993189
66.9697,7.6393,0.955947368421053,0.0009473684210526,0.0429736842105263,0.0001315789473684,
72.151,11.4343,0.9805,0.0009705882352941,0.018,0.0,-0.5960170580114199
40.5785,-10.3485,0.3468,0.3496,0.2114,0.0792,12.80455910289605
40.5818,-9.8612,0.434333333333333,0.232857142857143,0.213428571428571,0.0951190476190476,
12.69,119.47,0.0312876454016667,0.07886918407,0.344469434141667,0.327290673308333,24.580877998483558
19.8,117.54,0.0166755159297222,0.0744867746066667,0.601407773295833,0.164446989352778,23.03434768068119
8.73,109.87,0.0423407142857143,0.0467300714285714,0.429135,0.242228714285714,23.954440129914403
41.997,4.836,0.0896733820932837,0.845501590790603,0.0564961146492699,0.0083289124668435,12.502130750142445
42.044,4.151,0.176819192855926,0.695146877921292,0.118323695482734,0.0097102337400486,11.861442321128669
33.839,24.884,0.416754870008446,0.157900231156497,0.121676395116396,0.303668503718661,16.76386374885183
35.78,18.948,0.449598488427019,0.189702409069438,0.172649976381672,0.188049126121871,15.618036639463666
38.89,4.5,0.265368792317734,0.539547983470308,0.161655766613989,0.0334274575979685,13.668540977115974
36.19,-1.573,0.770473508735413,0.117978174427149,0.0273684249581129,0.0106360197103174,14.97774694963417
51.199,167.768,0.184943159589921,0.0220371124647982,0.0001493027560109,4.83033450549451e-05,2.938908589758489
-15.2889,166.2839,0.0419,0.0774,0.3356,0.5349,23.82169692574999
-16.922,115.5413333,0.0828220858895705,0.0061349693251533,0.417177914110429,0.493865030674847,24.430838919570668
-19.88733333,112.254,0.0811808118081181,0.025830258302583,0.424354243542435,0.450184501845019,23.52985618215863
0.61,-86.092,0.0503653988566667,0.121682486681667,0.64699155105,0.0444749522133333,21.36564777859007
1.202,-83.737,0.0745612825483333,0.0603178265616667,0.665723372468333,0.033080637275,22.17323366624465
-3.05,-90.49,0.061429086039,0.157019852224,0.692617329922,0.033312228444,19.75809892696655
-40.39666667,177.9966667,0.482758620689655,0.213166144200627,0.282131661442006,0.0219435736677116,
21.358,-158.19,0.0182,0.0256,0.0932,0.4424,
21.36,-158.19,0.0268,0.0207,0.1116,0.4274,
-45.995,172.025,0.910071942446043,0.0827338129496403,0.0071942446043165,0.0,
-49.70333333,182.075,0.947674418604651,0.0436046511627907,0.0087209302325581,0.0,3.246156438336551
-42.53333333,181.5083333,0.41299207121992,0.248560300459035,0.328689664765614,0.0037800806788148,10.42547545370618
-42.88333333,42.35,0.87,0.0966666666666667,0.0333333333333333,0.0,9.565031928352083
-44.78333333,184.2333333,0.245551601423488,0.334519572953737,0.377224199288256,0.0427046263345196,8.201657171750611
-29.68,113.7,0.0218579234972678,0.0382513661202186,0.57103825136612,0.319672131147541,17.990856094536056
-31.28333333,114.5516667,0.089389534883721,0.0892256076237105,0.65921708340619,0.132513332750481,16.93693602499657
19.56833333,59.595,0.04,0.293333333333333,0.35,0.313333333333333,22.84972829335684
19.07666667,60.42166667,0.033112582781457,0.218543046357616,0.403973509933775,0.344370860927152,22.8532893368351
-11.183,-162.917,0.0,0.0082219938335046,0.350462487153135,0.229188078108941,25.783409012421224
-14.53,157.97,0.0069204152249135,0.0519031141868512,0.328719723183391,0.570934256055363,23.796880905364617
33.083,158.0,0.178313253012048,0.120481927710843,0.624096385542169,0.0337349397590361,16.235693598786494
3.333,-101.717,0.0521739130434783,0.0434782608695652,0.578260869565217,0.0695652173913044,22.274898977870347
0.917,-134.317,0.162264150943396,0.0238993710691824,0.491823899371069,0.0264150943396226,20.839500985816606
-43.51666667,79.86666667,0.7,0.27,0.0266666666666667,0.0033333333333333,7.157040524860816
-39.71666667,82.25,0.312292358803987,0.411960132890365,0.146179401993356,0.129568106312292,9.683578974621037
-30.06666667,94.41666667,0.244147157190635,0.277591973244147,0.214046822742475,0.254180602006689,15.04302910200929
-33.06666667,110.55,0.155629139072848,0.291390728476821,0.350993377483444,0.201986754966887,14.828700125678834
-25.48333333,110.0166667,0.0294985250737463,0.0176991150442478,0.690265486725664,0.250737463126844,20.232703533359874
-19.05833333,112.75,0.0897009966777409,0.0465116279069768,0.395348837209302,0.46843853820598,23.52985618215863
-6.133,-140.85,0.09,0.0828571428571429,0.387142857142857,0.205714285714286,24.554985326817633
1.817,-140.05,0.204946996466431,0.0318021201413428,0.371024734982332,0.0530035335689046,21.648050977040626
-14.817,-139.967,0.013,0.017,0.29,0.205,24.7207695846304
-8.8,-110.8,0.142657342657343,0.0713286713286713,0.413986013986014,0.116083916083916,21.944875623854387
-26.0,169.2,0.0973451327433628,0.082864038616251,0.267900241351569,0.319388576025744,19.253023275777817
-25.88333333,157.8666667,0.0398230088495575,0.0752212389380531,0.331858407079646,0.537610619469027,19.49401084062774
-24.88,163.52,0.0621860360360361,0.0631255255255256,0.231003603603604,0.613525825825826,19.737921491152306
-3.95,60.6,0.076,0.061,0.327,0.525,25.17131953067957
9.133333333,90.03333333,0.0302013422818792,0.110738255033557,0.587248322147651,0.268456375838926,24.89103979134993
12.7,90.017,0.037,0.022,0.441,0.499,24.78684381161562
13.05,89.583,0.06,0.03,0.44,0.468,24.697625781600642
15.167,90.567,0.015,0.033,0.516,0.436,24.723526418206177
12.767,96.067,0.046,0.063,0.193,0.7,24.983003867440633
15.1,124.133,0.0061633281972265,0.0539291217257319,0.098613251155624,0.39291217257319,24.577809876370296
-14.51666667,177.1,0.0191204588910134,0.0305927342256214,0.323135755258126,0.621414913957935,24.399209670711436
-1.65,-103.633,0.486348122866894,0.052901023890785,0.327645051194539,0.0221843003412969,19.349317859695745
19.083,-170.067,0.0419847328244275,0.0229007633587786,0.049618320610687,0.320610687022901,22.27662956630396
-19.017,-124.233,0.0284926470588235,0.0183823529411765,0.293658088235294,0.209558823529412,22.36576582985316
0.1,-95.65,0.107784431137725,0.0988023952095808,0.715568862275449,0.0119760479041916,19.760466096632644
-1.633,-104.833,0.0700808625336927,0.0700808625336927,0.579514824797844,0.0350404312668464,19.391349221749078
-35.51666667,44.75,0.281456953642384,0.165562913907285,0.407284768211921,0.145695364238411,15.066780989335227
-39.01666667,47.88333333,0.485049833887043,0.3421926910299,0.146179401993356,0.026578073089701,11.39018192310499
-10.92333333,88.315,0.0596026490066225,0.0298013245033113,0.413907284768212,0.496688741721854,23.6449323262918
-0.833333333,89.95,0.09,0.07,0.42,0.42,24.937346619627554
1.466666667,90.16666667,0.0598006644518273,0.0664451827242525,0.418604651162791,0.45514950166113,25.336905175194453
-5.857,90.52,0.063,0.112,0.468,0.348,24.77645002683917
-31.5,32.6,0.0794701986754967,0.0894039735099338,0.533112582781457,0.278145695364238,21.215683551342604
-32.11666667,36.01666667,0.112956810631229,0.146179401993355,0.431893687707641,0.305647840531561,18.351624690247974
-13.21666667,65.61666667,0.11,0.0333333333333333,0.38,0.476666666666667,22.976824996100078
-10.508,57.72,0.0625,0.167763157894737,0.263157894736842,0.506578947368421,23.78701710664394
15.033,66.097,0.0498338870431894,0.0465116279069768,0.514950166112957,0.378737541528239,23.770344438911305
-27.283,-102.083,0.0394871794871795,0.0312820512820513,0.166666666666667,0.324615384615385,18.2329931965249
-28.75,172.6,0.203068592057762,0.123646209386282,0.226534296028881,0.311371841155235,17.82728842140718
-33.233,168.733,0.242990654205607,0.197040498442368,0.320872274143302,0.148753894080997,15.748194569528764
33.733,27.917,0.439858614702766,0.203693687771078,0.0819267333768926,0.274520964149263,17.0420959296534
38.2,18.033,0.46420287975282,0.231901985534798,0.112383755442134,0.0031584592048086,14.396490154603828
-18.085,-79.04,0.169387755102041,0.193877551020408,0.555102040816327,0.0244897959183673,18.14862349441926
-16.007,-76.378,0.341593339650738,0.253164342764316,0.355259239204007,0.0244889671043726,19.16423529526956
-38.86166667,140.1,0.353312302839117,0.501577287066246,0.141955835962145,0.0031545741324921,10.722819072094428
-23.77216667,108.5006667,0.056,0.036,0.508,0.368,20.109485419068864
-45.15,146.28,0.337579617834395,0.329617834394904,0.135350318471338,0.187898089171975,8.180474810728866
-46.45,145.24,0.466666666666667,0.374603174603175,0.142857142857143,0.0158730158730159,6.7367735266216915
-44.53,149.05,0.323809523809524,0.517460317460317,0.158730158730159,0.0,9.955330659633022
-35.31,177.9966667,0.461152882205514,0.182957393483709,0.305764411027569,0.0476190476190476,15.579505963163296
-4.33223,117.59584,0.0285714285714286,0.116483516483516,0.474725274725275,0.38021978021978,25.547789751313438
-8.455833333,128.238,0.0928270042194093,0.0506329113924051,0.417721518987342,0.438818565400844,25.388892523926046
-11.35444,122.03799,0.105113636363636,0.0397727272727273,0.4375,0.417613636363636,25.278151644016507
-9.09764,111.00721,0.273809523809524,0.145238095238095,0.445238095238095,0.135714285714286,24.44845815646786
-42.25,144.75,0.420779220779221,0.332467532467533,0.163636363636364,0.0493506493506494,9.036661892325704
-43.8,145.5,0.235109717868339,0.45141065830721,0.235109717868339,0.0156739811912226,
-45.87,145.99,0.362804878048781,0.362804878048781,0.167682926829268,0.0,7.901952683757878
-46.87,145.98,0.340236686390533,0.384615384615385,0.177514792899408,0.0,6.7367735266216915
35.57,-3.48,0.678579666338291,0.258338535320487,0.0534051238579681,0.005114526334532,15.283109164479196
40.505,-32.0533,0.3249,0.276,0.2882,0.048,13.924031274153307
34.97,23.75,0.381080321090153,0.153464787706649,0.113508565371139,0.309091552771911,16.323099825369294
6.45,-85.822,0.08250825083,0.1122112211,0.4422442244,0.02640264027,23.39433893039551
-1.913,-82.568,0.0780137337875,0.1917800838925,0.657653728425,0.0274260942725,21.872653933660015
-45.075,179.4983333,0.556574923547401,0.137614678899083,0.305810397553517,0.0,6.883080954880686
28.433,139.967,0.163660955816051,0.123534715960325,0.219116321009919,0.234445446348061,20.060193745692164
28.533,134.133,0.151993355481728,0.13953488372093,0.289867109634552,0.203488372093023,20.33877626157778
31.567,151.1,0.123762376237624,0.0742574257425743,0.638613861386139,0.0495049504950495,18.015192109588284
-2.85,-126.2,0.182795698924731,0.039426523297491,0.415770609318996,0.014336917562724,21.398194409681548
3.167,-118.467,0.0466666666666667,0.0066666666666666,0.576666666666667,0.0433333333333333,21.766863199383092
-3.583,-83.933,0.223681061951361,0.295243972578011,0.458055733974803,0.0146503192655005,21.525048537443517
-17.017,-113.517,0.130281690140845,0.005281690140845,0.27112676056338,0.123239436619718,21.174563590720528
-17.0,-114.183,0.0495103373231774,0.0369967355821545,0.408596300326442,0.143090315560392,21.529977226535138
-16.933,-121.2,0.0282916213275299,0.0261153427638738,0.388465723612622,0.187159956474429,22.54487053133474
-16.65,-124.383,0.04296875,0.0123697916666667,0.375651041666667,0.154947916666667,22.935268556825974
0.867,172.0,0.0258064516129032,0.106451612903226,0.52258064516129,0.167741935483871,24.588693089662712
47.95,168.783,0.904205607476636,0.0934579439252336,0.0,0.0,2.4986144807469914
37.683,163.033,0.212345679012346,0.0716049382716049,0.679012345679012,0.0024691358024691,10.722368575957574
-1.217,-89.683,0.1785944551902,0.459703417150226,0.31076724693746,0.0128949065119278,20.019428752668944
-3.8,-92.083,0.21630615640599,0.123128119800333,0.615640599001664,0.0066555740432612,19.72727359008882
0.95,-179.417,0.03515625,0.091796875,0.380859375,0.166015625,24.011948090179033
2.767,-173.933,0.0111111111111111,0.154320987654321,0.366666666666667,0.228395061728395,24.04358812237046
-5.5,166.75,0.0110132158590308,0.0770925110132159,0.343612334801762,0.16079295154185,25.965829973230733
1.017,160.483,0.021021021021021,0.117117117117117,0.363363363363363,0.201201201201201,25.514928402156823
3.25,159.183,0.0341614906832298,0.093167701863354,0.428571428571429,0.164596273291925,25.919579621620812
11.067,138.533,0.0059488399762046,0.0594883997620464,0.11481261154075,0.208804283164783,25.63889253246127
35.317,177.9,0.322775263951735,0.288084464555053,0.321266968325792,0.0196078431372549,11.4474943666368
36.083,26.833,0.415750915750916,0.0659340659340659,0.15018315018315,0.0054945054945054,
35.917,27.3,0.395333318618476,0.103065763019551,0.0966392428199242,0.0051322904372016,16.386333340991122
-29.64166667,32.85833333,0.0894039735099338,0.0264900662251656,0.506622516556291,0.374172185430464,
-28.425,43.78333333,0.11,0.09,0.383333333333333,0.413333333333333,20.554142310593747
8.65,58.56666667,0.168874172185431,0.0927152317880795,0.490066225165563,0.248344370860927,23.57993087092135
10.25,57.18333333,0.23,0.0933333333333333,0.496666666666667,0.173333333333333,22.782960725835693
-33.01666667,85.78333333,0.304347826086957,0.311036789297659,0.307692307692308,0.0735785953177258,14.159766371999067
-32.433,46.567,0.26158940397351,0.142384105960265,0.394039735099338,0.195364238410596,17.58515811454157
-25.63333333,87.11666667,0.0960264900662252,0.0264900662251656,0.218543046357616,0.658940397350993,17.7932603848812
8.116666667,73.25,0.0666666666666667,0.0633333333333333,0.433333333333333,0.43,25.27068338853743
6.7,59.33333333,0.169435215946844,0.119601328903654,0.401993355481728,0.308970099667774,24.4165031204347
6.866666667,60.66666667,0.194630872483221,0.100671140939597,0.422818791946309,0.278523489932886,24.59653765189613
-5.333333333,40.43333333,0.099009900990099,0.0528052805280528,0.429042904290429,0.412541254125413,23.82749185732429
-6.983333333,41.18333333,0.0963455149501661,0.0631229235880399,0.398671096345515,0.441860465116279,23.840210530004917
-10.23333333,43.81666667,0.102310231023102,0.0693069306930693,0.419141914191419,0.409240924092409,23.693230037926554
-21.8,69.23333333,0.0860927152317881,0.0165562913907285,0.211920529801325,0.682119205298013,20.754139799296986
-22.3,68.0,0.079734219269103,0.026578073089701,0.199335548172757,0.677740863787376,20.567692209276256
-14.95,147.92,0.0119047619047619,0.0261904761904762,0.266666666666667,0.666666666666667,22.86982703609428
-18.2,151.45,0.0409556313993174,0.0409556313993174,0.215017064846416,0.675767918088737,22.17791396554478
-13.52,146.88,0.0392156862745098,0.0269607843137255,0.235294117647059,0.683823529411765,22.968059522350167
-12.87,146.2,0.0409356725146199,0.0087719298245614,0.295321637426901,0.646198830409357,23.08957461502496
1.016666667,160.4833333,0.0542857142857143,0.0057142857142857,0.44952380952381,0.49047619047619,25.514928402156823
3.25,159.1833333,0.0880398671096346,0.0016611295681063,0.564784053156146,0.345514950166113,25.919579621620812
25.417,125.633,0.0056625141562853,0.0815402038505096,0.486976217440544,0.233295583238958,21.933978644683023
-14.1,120.5,0.0690555555555555,0.042,0.391388888888889,0.496555555555556,25.049172622871332
-17.67,117.95,0.054,0.101,0.397,0.447,24.718162541048113
11.95,88.733,0.078,0.078,0.436,0.402,24.703838191631945
5.116666667,77.58333333,0.0398671096345515,0.156146179401993,0.598006644518272,0.205980066445183,25.47335881659932
3.083333333,76.25,0.0860927152317881,0.0596026490066225,0.632450331125828,0.218543046357616,25.683394164873484
-6.0,69.817,0.099009900990099,0.0627062706270627,0.452145214521452,0.376237623762376,25.214480063098552
-6.266666667,63.43333333,0.0966666666666667,0.03,0.42,0.443333333333333,24.83822408430376
-27.283,74.867,0.178807947019868,0.0463576158940397,0.162251655629139,0.589403973509934,18.400408783483396
36.467,177.167,0.499007936507937,0.188492063492064,0.257936507936508,0.0119047619047619,10.160738754751645
-22.73333333,112.5833333,0.0536912751677852,0.0201342281879195,0.62751677852349,0.298657718120805,22.718931146556216
13.273,57.348,0.016,0.25,0.302,0.431,22.76316725569235
16.54,59.755,0.027,0.231,0.316,0.426,22.626785532959317
20.937,64.033,0.019,0.168,0.266,0.542,23.12879244443381
21.148,65.118,0.0,0.031,0.104,0.856,23.323379660938418
17.488,67.423,0.012,0.051,0.294,0.639,23.863952875905092
19.733,66.083,0.011,0.058,0.256,0.675,23.486623685581424
17.617,63.883,0.022,0.05,0.276,0.651,23.007604363703294
0.033,-110.483,0.201232032854209,0.0513347022587269,0.554414784394251,0.0410677618069815,19.21768390880561
41.54,-131.96,0.678,0.275,0.047,0.002,10.985380203749758
42.26,-127.68,0.59,0.308,0.093,0.0,10.718556294961866
42.12,-125.75,0.552,0.396,0.053,0.0,10.109834101481518
42.14,-126.91,0.59,0.311,0.096,0.0,10.441927025284414
41.8,-129.0,0.424,0.525,0.05,0.0,11.004965988836886
41.68,-130.01,0.451,0.475,0.063,0.009,11.094340168674755
42.75,-126.26,0.436,0.479,0.083,0.0,10.441927025284414
41.33,-132.67,0.615,0.334,0.038,0.006,10.825878466320297
41.58,-130.62,0.406,0.499,0.089,0.006,11.094340168674755
2.983,-86.55,0.116838487972509,0.130584192439863,0.498281786941581,0.0584192439862543,22.64813346834176
0.1,-86.483,0.0818181818181818,0.2,0.596969696969697,0.0181818181818182,21.36564777859007
7.167,-85.15,0.0129032258064516,0.112903225806452,0.503225806451613,0.0354838709677419,23.469058434304184
-16.443,-77.563,0.23928313340078,0.190997414526826,0.499860288095582,0.0326363796952032,18.886594137958337
-16.44,-77.56,0.293768545994065,0.155786350148368,0.507418397626113,0.0089020771513353,18.886594137958337
-33.3765,161.6125,0.161016949152542,0.324152542372881,0.375,0.139830508474576,16.757944008777702
-33.53,166.53,0.434865900383142,0.132183908045977,0.295019157088123,0.126436781609195,15.931724540454042
-6.383,-106.933,0.0197368421052632,0.0493421052631579,0.651315789473684,0.0723684210526316,21.245996474351912
