Event,Data_Source,Depth [m],Latitude,Longitude,O. universa,G. conglobatus,G. ruber ruber,G. ruber albus,G. tenellus,T. sacculifer,S. dehiscens,G. adamsi,G. siphonifera,G. calida,G. bulloides,G. falconensis,B. digitata,G. rubescens,T. humilis,T. quinqueloba,N. pachyderma,N. dutertrei,N. incompta,G. conglomerata,G. hexagonus,P. obliquiloculata,G. inflata,G. truncatulinoides,G. crassaformis,G. hirsuta,G. scitula,D. anfracta,G. tumida,G. cultrata,C. nitida,G. glutinata,G. eastropacia,T. iota,G. uvula
GeoB1008-3,margo,2.18,-6.5823,10.3186,92,0,11,10,0,7,0,,1,0,273,0,0,1,0,4,0,50,79,0,0,0,129,0,8,0,8,0,0,0,0,3,0,0,
GeoB1008-3,margo,2.23,-6.5823,10.3186,29,0,32,11,0,4,0,,2,4,83,0,11,0,0,5,0,40,72,0,0,0,159,2,8,0,9,0,0,0,0,11,4,0,
GeoB1008-3,margo,2.28,-6.5823,10.3186,39,0,21,4,0,7,0,,0,0,178,0,7,4,0,0,2,25,46,0,0,0,150,1,4,0,13,0,0,1,0,10,1,0,
GeoB1008-3,margo,2.33,-6.5823,10.3186,45,0,19,8,0,8,0,,4,0,96,0,0,0,0,0,0,27,89,0,0,0,153,1,10,0,15,0,0,0,1,4,5,0,
GeoB1008-3,margo,2.38,-6.5823,10.3186,20,0,19,24,0,4,0,,3,1,65,0,0,0,0,2,3,6,58,0,0,0,103,1,9,0,7,0,0,0,1,3,3,0,
GeoB1008-3,margo,2.43,-6.5823,10.3186,52,0,31,29,0,9,0,,6,0,107,0,0,0,0,0,0,11,63,0,0,0,43,1,4,0,18,0,0,0,1,8,10,0,
GeoB1008-3,margo,2.48,-6.5823,10.3186,42,1,8,25,0,9,0,,5,4,46,0,1,0,0,1,0,1,19,0,0,1,25,1,5,0,6,0,0,1,0,5,12,0,
GeoB1008-3,margo,2.53,-6.5823,10.3186,53,0,18,32,0,28,0,,4,2,237,0,6,6,0,2,3,23,71,0,0,1,54,0,34,0,32,0,0,0,0,7,8,0,
GeoB1008-3,margo,2.58,-6.5823,10.3186,59,0,39,38,0,8,0,,12,2,113,0,7,0,0,1,0,6,22,0,0,0,65,0,27,0,13,0,0,0,0,2,7,0,
GeoB1008-3,margo,2.63,-6.5823,10.3186,67,0,13,17,0,5,0,,2,4,245,0,2,4,0,0,4,11,85,0,0,2,121,0,15,0,9,0,0,0,2,2,8,0,
GeoB1016-3,margo,0.73,-11.7705,11.6819,95,0,10,6,2,8,0,,0,3,172,2,23,4,0,2,2,29,62,0,0,0,187,0,11,0,55,0,0,0,0,10,21,0,
GeoB1016-3,margo,0.78,-11.7705,11.6819,30,0,16,13,0,37,4,,5,0,26,0,8,3,0,2,0,26,28,0,0,0,115,0,5,0,6,0,4,8,0,15,7,0,
GeoB1016-3,margo,0.88,-11.7705,11.6819,84,0,20,22,0,4,0,,3,0,32,0,4,1,0,0,2,18,86,0,0,0,94,0,5,0,7,0,0,0,0,5,12,0,
GeoB1028-5,margo,0.93,-20.104,9.1858,4,0,0,6,0,0,0,,1,1,138,0,2,3,0,19,77,4,140,0,0,0,55,1,3,1,5,0,0,0,0,19,0,0,
GeoB1028-5,margo,1.03,-20.104,9.1858,27,0,0,4,0,0,0,,4,4,188,0,0,0,0,8,87,7,214,0,0,0,59,3,1,1,8,0,0,0,0,43,0,0,
GeoB1031-4,margo,0.28,-21.88,7.1017,15,2,5,19,0,0,0,,2,5,63,5,6,5,0,17,27,18,119,0,0,0,77,8,0,2,0,0,0,0,0,34,0,0,
GeoB1031-4,margo,0.33,-21.88,7.1017,16,1,4,13,7,1,0,,4,20,117,4,0,0,0,10,14,5,197,0,0,0,83,16,0,6,5,0,0,0,0,29,0,0,
GeoB1101-5,margo,0.33,1.6583,-10.98,12,3,3,61,0,93,0,,14,3,17,1,4,0,0,0,0,247,89,0,0,28,37,4,25,0,0,0,0,2,0,2,0,0,
GeoB1101-5,margo,0.38,1.6583,-10.98,14,5,0,24,1,76,0,,11,1,14,0,1,0,0,0,0,198,61,0,0,33,108,4,6,0,0,0,0,0,0,1,8,0,
GeoB1105-4,margo,0.78,-1.665,-12.4283,9,0,0,55,4,16,0,,6,3,95,5,0,13,0,0,3,37,77,0,0,0,119,8,12,0,5,0,0,0,0,37,0,0,
GeoB1112-4,margo,0.48,-5.7783,-10.75,15,2,8,77,0,69,0,,22,0,87,5,2,6,0,0,2,32,95,0,0,1,122,6,12,0,1,0,0,0,0,34,0,0,
GeoB1112-4,margo,0.58,-5.7783,-10.75,31,1,10,83,0,61,0,,18,6,78,3,2,1,0,4,2,36,83,0,0,0,124,10,14,0,0,0,0,0,0,32,0,0,
GeoB1115-4,margo,0.63,-3.5583,-12.58,22,1,24,80,3,44,0,,10,3,124,0,2,7,0,3,3,49,86,0,0,2,175,8,5,0,5,0,0,0,0,42,5,0,
GeoB1115-4,margo,0.68,-3.5583,-12.58,21,0,34,70,0,37,0,,11,6,128,0,0,2,0,0,0,90,31,0,0,0,130,4,11,2,8,0,0,0,0,38,1,0,
GeoB1117-2,margo,0.53,-3.815,-14.8967,11,0,9,58,1,79,0,,14,5,32,0,0,5,0,0,11,38,61,0,0,5,29,8,11,0,1,0,1,0,1,24,0,0,
GeoB1117-2,margo,0.58,-3.815,-14.8967,7,0,9,32,2,20,0,,9,4,25,0,0,8,0,20,2,20,37,0,0,9,62,11,7,0,0,0,0,4,0,27,0,0,
GeoB1117-2,margo,0.63,-3.815,-14.8967,12,0,1,39,6,42,0,,12,0,59,3,1,3,0,0,2,39,132,0,0,0,189,11,21,0,3,0,0,0,0,28,0,0,
GeoB1214-1,margo,0.23,-24.69,7.24,10,0,0,52,8,9,1,,9,2,126,0,2,11,0,7,22,3,206,0,0,0,104,18,4,4,2,0,0,0,0,59,0,4,
GeoB1214-1,margo,0.28,-24.69,7.24,9,0,0,53,3,2,0,,10,1,139,3,2,14,0,17,25,1,244,0,0,0,108,13,2,6,6,0,0,0,0,40,0,0,
GeoB1220-1,margo,0.33,-24.0333,5.3067,12,3,29,0,0,1,0,,4,7,61,3,0,6,3,0,13,0,129,0,0,0,46,21,1,4,4,0,0,0,0,18,0,0,
GeoB1220-1,margo,0.38,-24.0333,5.3067,9,0,36,0,4,0,0,,6,3,73,7,0,14,0,0,20,0,107,0,0,0,64,29,4,4,5,0,0,0,0,19,0,0,
GeoB1306-1,margo,0.19,-35.2067,-26.765,2,1,0,35,0,0,0,,1,1,103,1,0,0,0,0,3,1,444,0,0,0,102,24,1,11,0,3,0,0,0,3,0,0,
GeoB1701-4,margo,0.98,1.95,3.5517,21,2,106,48,2,33,0,,19,6,15,0,6,5,2,0,0,183,27,0,0,0,81,0,39,0,4,0,0,0,0,50,7,0,
GeoB1701-4,margo,1.03,1.95,3.5517,23,5,180,111,2,53,0,,25,3,24,2,7,20,0,2,2,234,19,0,0,0,94,2,25,4,12,0,2,0,0,65,3,0,
GeoB1701-4,margo,1.08,1.95,3.5517,15,4,103,107,0,44,0,,20,7,28,3,6,14,0,0,0,185,25,0,0,0,65,0,20,3,6,0,0,0,0,71,6,0,
GeoB1701-4,margo,1.13,1.95,3.5517,22,0,105,27,0,65,0,,25,3,13,0,1,19,0,0,4,156,90,0,0,0,104,0,24,0,8,0,0,0,0,10,0,0,
GeoB1701-4,margo,1.18,1.95,3.5517,13,1,42,40,0,25,0,,15,0,19,0,0,4,1,0,1,100,77,0,0,0,43,0,19,0,6,0,0,0,0,15,0,0,
GeoB1722-1,margo,0.23,-29.45,11.75,5,0,0,19,0,3,0,,6,0,68,0,0,7,0,1,10,13,223,0,0,0,140,25,1,5,4,0,0,1,0,27,0,0,
GeoB1722-1,margo,0.28,-29.45,11.75,4,0,0,33,0,2,0,,2,3,58,0,2,4,0,7,10,6,377,0,0,0,83,5,1,5,0,0,0,0,0,10,0,0,
GeoB2004-2,margo,0.68,-30.87,14.3433,6,0,0,19,2,11,0,,18,1,98,0,0,0,4,11,0,24,491,0,0,0,85,21,1,8,2,0,0,1,0,25,0,0,
GeoB2004-2,margo,0.73,-30.87,14.3433,10,0,0,21,0,1,0,,11,2,95,0,0,5,0,4,0,5,414,0,0,0,83,17,1,4,5,0,0,1,0,10,0,0,
GeoB2004-2,margo,0.78,-30.87,14.3433,6,0,0,15,0,4,0,,4,8,117,0,0,11,2,5,4,4,689,0,0,0,95,13,1,6,5,0,0,0,0,6,0,0,
GeoB2016-1,margo,0.18,-31.9,-1.33,5,1,0,56,0,0,0,,12,0,228,13,1,8,0,0,5,0,140,0,0,0,99,63,2,21,8,4,0,0,0,27,0,2,
GeoB2019-1,margo,0.33,-36.06,-8.7783,2,0,0,11,0,0,0,,0,0,245,0,0,3,0,26,21,0,218,0,0,0,133,31,4,10,1,3,0,0,0,16,0,0,
GeoB2021-5,margo,0.13,-36.8333,-14.4033,6,0,0,4,0,0,0,,0,0,187,0,2,0,0,44,43,1,193,0,0,0,142,34,4,3,2,0,0,0,0,35,0,0,
GeoB1903-3,margo,0.48,-8.675,-11.845,18,8,42,101,0,86,0,,24,4,26,1,4,28,2,0,0,82,25,0,0,0,54,25,7,0,11,0,0,0,1,85,2,0,
GeoB1903-3,margo,0.53,-8.675,-11.845,20,8,31,107,0,116,0,,25,16,39,4,4,18,2,0,0,75,88,0,0,0,97,36,20,0,18,0,0,0,0,74,9,0,
GeoB1903-3,margo,0.58,-8.675,-11.845,26,14,49,185,2,154,0,,34,49,48,2,2,72,2,4,2,79,147,0,0,0,100,31,37,0,10,0,0,0,0,86,0,0,
GeoB1905-3,margo,0.38,-17.1433,-13.9867,9,5,19,270,26,54,0,,27,3,77,2,2,52,2,0,0,3,9,0,0,6,75,43,6,0,20,0,0,7,1,116,0,0,
GeoB1905-3,margo,0.43,-17.1433,-13.9867,12,7,58,399,6,111,0,,28,25,35,5,8,147,4,0,0,1,8,0,0,4,84,48,14,0,11,0,1,6,2,48,0,0,
GeoB1501-4,margo,0.33,-3.6783,-32.0067,8,0,9,156,0,140,0,,19,1,9,0,0,0,0,0,0,43,28,0,0,0,14,82,2,0,0,0,0,3,0,33,5,0,
GeoB1501-4,margo,0.38,-3.6783,-32.0067,6,3,2,198,0,226,0,,16,6,12,0,2,0,2,0,0,59,36,0,0,0,13,57,10,0,3,0,0,0,0,35,3,0,
GeoB1503-1,margo,0.28,2.3117,-30.6467,2,2,50,125,5,67,0,,9,8,35,35,6,34,0,4,0,100,76,0,0,2,18,44,7,0,8,0,0,2,4,130,0,0,
GeoB1503-1,margo,0.33,2.3117,-30.6467,2,2,47,156,5,60,0,,9,4,61,11,1,35,0,0,0,78,90,0,0,1,26,27,17,0,12,0,2,0,0,108,0,0,
GeoB1505-1,margo,0.48,2.27,-33.01,2,4,0,307,0,117,0,,11,0,36,4,3,13,0,0,4,84,92,0,0,1,24,57,22,0,0,2,0,0,1,126,0,0,
GeoB1505-1,margo,0.53,2.27,-33.01,6,6,0,232,2,120,0,,11,0,19,7,3,0,0,0,0,71,69,0,0,4,26,50,17,0,6,0,2,1,1,71,0,0,
GeoB1508-4,margo,0.28,5.3333,-34.025,6,2,17,181,0,171,0,,30,7,2,0,1,11,0,0,2,41,14,0,0,0,0,20,11,0,7,0,0,0,2,57,0,0,
GeoB1515-1,margo,0.48,4.2383,-43.6667,6,3,3,211,2,137,0,,11,0,7,0,1,8,0,0,0,20,13,0,0,0,0,42,12,0,2,0,0,0,0,73,0,0,
GeoB2109-1,margo,0.48,-27.9117,-45.8817,1,1,0,168,2,18,0,,8,0,16,5,2,18,0,0,1,4,14,0,0,0,45,32,2,6,6,2,0,0,2,78,0,0,
GeoB2109-1,margo,0.53,-27.9117,-45.8817,1,2,1,150,0,12,0,,7,1,24,0,0,21,0,0,0,1,12,0,0,0,36,34,1,7,2,0,0,0,2,56,0,0,
GeoB2109-1,margo,0.58,-27.9117,-45.8817,3,4,20,134,0,20,0,,4,0,26,5,0,29,0,0,0,2,23,0,0,0,86,49,0,8,8,4,0,0,4,101,0,0,
GeoB2109-1,margo,0.63,-27.9117,-45.8817,1,3,21,231,0,12,0,,4,0,24,0,1,59,0,0,0,1,20,0,0,0,64,56,2,7,6,2,0,0,3,89,0,0,
GeoB2116-4,margo,0.28,-25.5117,-35.9983,2,31,0,13,0,26,0,,0,0,7,0,3,0,0,0,0,3,9,0,0,0,38,62,3,5,0,0,1,3,0,3,0,0,
GeoB2117-1,margo,0.23,-23.0383,-36.6517,4,13,0,295,0,30,0,,3,1,39,0,5,12,0,0,0,1,4,0,0,0,35,19,2,1,0,0,1,0,1,6,0,0,
GeoB2125-1,margo,0.33,-20.8233,-39.8633,2,2,49,235,6,25,0,,8,11,12,6,2,25,0,0,0,10,7,0,0,0,15,6,6,1,3,0,0,0,2,174,0,0,
GeoB2125-1,margo,0.38,-20.8233,-39.8633,3,3,49,286,0,20,0,,2,4,10,8,0,37,5,0,0,11,5,0,0,1,30,10,3,0,1,0,0,0,3,196,0,0,
GeoB2202-4,margo,0.78,-8.1983,-34.265,2,4,85,452,0,56,0,,17,6,2,0,5,23,0,0,0,3,0,0,0,0,1,20,4,0,10,0,0,0,8,116,0,0,
GeoB2202-4,margo,0.83,-8.1983,-34.265,6,9,68,412,2,73,0,,19,6,2,0,0,29,0,0,0,7,0,0,0,0,2,24,2,0,7,0,0,0,24,106,0,0,
GeoB2202-4,margo,0.88,-8.1983,-34.265,3,3,63,405,0,60,0,,5,9,6,0,3,50,0,0,1,2,1,0,0,1,5,11,8,0,8,0,0,1,11,138,0,0,
GeoB2202-4,margo,0.93,-8.1983,-34.265,3,4,55,363,0,42,0,,12,10,6,0,0,49,0,0,2,2,0,0,0,0,0,6,5,0,5,0,0,3,12,127,0,0,
GeoB2215-10,margo,0.43,0.0067,-23.495,3,2,5,122,0,83,0,,12,0,68,10,5,13,0,2,4,75,168,0,0,0,57,38,11,0,0,5,0,0,0,73,0,0,
GeoB2215-10,margo,0.48,0.0067,-23.495,1,4,3,30,0,49,0,,3,0,16,0,0,2,0,2,1,84,112,0,0,0,52,53,11,0,0,0,0,0,0,26,0,0,
GeoB1413-4,margo,0.19,-15.68,-9.455,7,5,0,121,12,57,0,,13,5,62,46,2,13,0,3,2,11,39,0,0,1,114,35,22,1,6,0,1,0,0,54,0,0,
GeoB1413-4,margo,0.23,-15.68,-9.455,8,2,0,93,17,32,0,,14,4,50,39,2,3,0,0,0,7,38,0,0,2,76,36,14,0,8,0,0,0,0,38,0,0,
GeoB1417-1,margo,0.33,-20.3667,-12.7067,7,4,6,172,18,45,0,,20,4,129,11,2,39,0,3,0,8,42,0,0,0,60,44,13,0,18,5,0,1,2,55,0,0,
GeoB1417-1,margo,0.38,-20.3667,-12.7067,8,9,6,174,18,59,0,,16,9,122,18,5,29,3,0,0,6,15,0,0,0,86,46,14,0,8,0,1,0,2,68,0,3,
GeoB1419-2,margo,0.23,-15.5367,-17.0683,7,7,3,222,0,83,0,,10,1,86,18,5,49,0,0,0,3,4,0,0,0,51,23,9,0,0,2,0,0,2,43,0,0,
GeoB2819-1,margo,0.13,-30.8483,-38.3433,4,5,1,188,2,14,1,,6,1,104,10,7,21,0,0,4,6,164,0,0,0,100,80,2,20,25,4,0,0,0,35,0,0,
GeoB3104-1,margo,1.73,-3.6667,-37.7167,2,2,48,317,2,95,0,,10,4,0,0,0,11,0,0,0,24,5,0,0,0,4,20,0,0,0,0,0,0,1,192,0,0,
GeoB3104-1,margo,1.78,-3.6667,-37.7167,3,4,30,250,4,80,0,,8,0,0,0,0,7,0,0,0,27,9,0,0,0,5,26,2,0,3,0,0,0,1,183,0,0,
GeoB3104-1,margo,1.83,-3.6667,-37.7167,2,0,38,207,0,68,0,,13,1,0,0,0,10,0,0,0,24,16,0,0,0,4,16,5,0,0,0,0,0,0,132,0,0,
GeoB3104-1,margo,1.88,-3.6667,-37.7167,1,0,19,185,15,86,1,,22,3,0,0,0,9,0,0,0,36,15,0,0,0,10,18,4,1,0,0,0,0,2,129,0,0,
GeoB3104-1,margo,1.98,-3.6667,-37.7167,2,1,47,114,2,65,0,,11,9,0,0,0,18,0,0,0,16,19,0,0,1,7,18,1,0,0,0,0,0,3,87,0,0,
GeoB3117-1,margo,2.98,-4.295,-37.0917,2,1,46,238,0,74,0,,5,7,0,0,0,31,0,0,0,14,11,0,0,0,5,25,1,0,7,0,0,0,2,159,0,0,
GeoB3117-1,margo,3.03,-4.295,-37.0917,1,1,28,184,0,63,0,,4,4,0,0,0,22,0,0,0,20,16,0,0,0,9,20,1,0,2,0,0,0,0,111,0,0,
GeoB3117-1,margo,3.13,-4.295,-37.0917,2,1,22,170,0,61,0,,7,6,0,0,0,48,0,0,0,16,12,0,0,0,4,20,0,0,2,0,0,0,1,104,0,0,
GeoB3117-1,margo,3.23,-4.295,-37.0917,2,1,15,177,2,54,0,,10,5,0,0,0,10,0,0,0,21,8,0,0,0,2,15,4,0,0,0,0,0,1,109,0,0,
GeoB3117-1,margo,3.33,-4.295,-37.0917,1,1,14,153,0,62,0,,6,1,4,0,0,9,0,0,0,15,4,0,0,0,0,16,0,0,0,0,0,0,1,80,0,0,
GeoB3117-1,margo,3.43,-4.295,-37.0917,2,2,21,227,3,62,0,,7,8,0,0,0,3,0,0,0,10,16,0,0,0,1,6,1,0,0,0,0,0,1,81,0,0,
GeoB3117-1,margo,3.53,-4.295,-37.0917,2,2,37,264,0,88,0,,8,0,2,0,0,11,0,0,0,23,11,0,0,0,0,5,1,0,0,0,0,0,1,82,0,0,
GeoB3175-1,margo,1.68,-7.0533,-34.4633,2,1,29,307,2,51,0,,8,0,12,0,0,10,0,0,0,4,8,0,0,0,6,22,2,0,1,0,0,0,3,36,0,0,
GeoB3175-1,margo,1.73,-7.0533,-34.4633,7,1,20,255,6,36,0,,3,0,14,3,0,12,0,0,0,2,3,0,0,1,2,16,4,0,0,0,0,0,3,33,0,0,
GeoB3175-1,margo,1.78,-7.0533,-34.4633,3,1,24,240,0,43,0,,4,0,23,0,0,13,0,0,0,5,0,0,0,3,5,15,3,0,0,0,0,0,2,22,0,0,
GeoB3175-1,margo,1.83,-7.0533,-34.4633,3,2,33,324,6,51,0,,4,0,6,0,1,11,0,0,0,3,8,0,0,8,3,25,1,0,2,0,0,0,2,41,0,0,
GeoB3176-1,margo,3.43,-7.0117,-34.4417,2,1,15,254,3,37,0,,7,0,4,0,0,12,0,0,2,3,0,0,0,2,10,12,4,0,3,0,0,0,7,59,0,0,
GeoB3176-1,margo,3.48,-7.0117,-34.4417,4,4,24,314,4,33,0,,6,1,13,3,0,19,0,0,3,3,1,0,0,0,4,17,1,0,8,0,0,0,13,87,0,0,
GeoB3176-1,margo,3.53,-7.0117,-34.4417,4,4,14,337,0,46,0,,8,4,22,0,0,27,0,0,0,4,4,0,0,1,4,21,3,0,2,0,0,1,12,48,0,0,
GeoB3176-1,margo,3.58,-7.0117,-34.4417,2,1,26,356,0,25,1,,7,1,7,0,0,9,0,0,0,3,1,0,0,0,2,9,2,0,0,0,0,0,5,65,0,0,
GeoB1032-3,margo,0.38,-22.915,6.0367,13,0,4,19,4,0,0,,5,2,68,8,0,5,0,3,10,4,154,0,0,0,88,17,0,7,3,0,0,0,0,24,0,0,
GeoB1032-3,margo,0.43,-22.915,6.0367,19,0,7,39,7,2,0,,6,25,83,10,1,4,0,0,17,6,209,0,0,0,88,23,1,5,7,0,0,0,0,38,0,0,
GeoB1034-3,margo,0.23,-21.735,5.4217,24,0,0,82,0,5,0,,9,1,137,5,1,6,0,14,14,9,223,0,0,0,171,31,1,5,12,0,0,0,0,39,0,0,
GeoB1041-3,margo,0.53,-3.475,-7.6,14,1,2,65,0,15,0,,7,0,102,0,0,0,0,0,0,55,89,0,0,1,176,2,15,0,0,0,0,0,0,21,0,0,
GeoB1041-3,margo,0.58,-3.475,-7.6,15,0,2,32,0,14,0,,3,0,48,0,0,0,0,3,3,27,62,0,0,0,142,1,12,0,9,0,0,1,0,16,0,0,
GeoB3603-2,margo,0.33,-35.125,17.5433,5,0,0,8,0,0,0,,3,0,72,0,0,0,0,0,6,0,268,0,0,0,55,11,0,0,0,0,0,0,0,16,0,0,
GeoB3603-2,margo,0.38,-35.125,17.5433,4,0,0,2,0,4,0,,4,0,67,2,0,0,0,3,3,7,234,0,0,0,55,5,0,0,0,0,0,0,0,20,0,0,
GeoB3722-2,margo,0.83,-25.25,12.0217,1,0,0,0,0,0,0,,0,0,30,0,0,0,0,0,14,0,607,0,0,0,55,3,0,7,0,0,0,0,0,0,0,0,
GeoB3722-2,margo,0.88,-25.25,12.0217,8,0,0,1,0,0,0,,2,6,89,0,4,0,0,0,11,1,850,0,0,0,95,3,0,4,0,0,0,0,0,2,0,0,
GeoB3722-2,margo,0.93,-25.25,12.0217,4,0,0,1,0,0,0,,0,0,26,0,0,0,0,0,3,0,950,0,0,0,65,3,0,8,0,0,0,0,0,0,0,0,
GeoB3722-2,margo,0.98,-25.25,12.0217,2,0,0,1,0,0,0,,0,0,47,0,0,0,0,0,10,0,757,0,0,0,45,7,0,11,0,0,0,0,0,0,0,0,
GeoB3801-6,margo,0.18,-29.5117,-8.305,4,5,0,73,0,12,0,,8,0,89,32,2,21,0,3,0,1,63,0,0,0,91,37,4,19,0,3,0,0,2,21,0,3,
GeoB3808-6,margo,0.18,-30.8117,-14.7117,5,4,1,136,0,4,0,,24,0,185,6,2,22,0,0,6,1,72,0,0,0,119,58,7,20,12,12,0,0,2,46,0,2,
GeoB3813-3,margo,0.13,-32.2683,-21.9667,2,5,0,81,0,4,0,,3,0,89,13,1,6,0,0,4,3,179,0,0,0,102,50,6,18,1,0,0,0,1,23,0,0,
GeoB5112-5,margo,0.16,-23.825,-16.2583,7,6,15,186,0,49,0,,15,4,49,12,1,75,0,0,0,0,9,0,0,0,70,39,1,3,10,0,5,1,21,70,0,0,
GeoB5115-2,margo,0.14,-24.1433,-14.0433,11,5,10,278,0,37,0,,40,9,60,11,13,79,0,0,3,0,3,0,0,0,66,57,1,3,12,0,1,0,12,102,0,0,
GeoB5115-2,margo,0.15,-24.1433,-14.0433,13,2,8,241,0,37,1,,40,11,48,8,8,81,0,2,0,0,12,0,0,1,51,48,2,5,17,0,0,0,11,79,0,0,
GeoB5115-2,margo,0.16,-24.1433,-14.0433,8,5,14,180,0,28,0,,19,11,48,10,2,45,0,0,0,0,9,0,0,2,49,31,1,1,14,0,0,0,18,89,0,0,
GeoB5115-2,margo,0.17,-24.1433,-14.0433,10,3,8,216,0,38,0,,33,6,33,7,12,63,0,0,4,0,10,0,0,4,60,35,3,5,7,0,0,0,19,93,0,0,
GeoB5121-2,margo,0.16,-24.1833,-12.0217,10,8,7,157,0,35,0,,23,2,48,26,7,88,0,0,3,0,11,0,0,0,62,43,6,4,15,0,0,0,9,84,0,5,
GeoB5133-3,margo,0.18,-19.0867,-10.1917,10,2,7,196,0,57,0,,18,0,87,77,4,60,0,0,1,1,30,0,0,2,92,33,12,1,31,4,1,0,4,80,0,4,
GeoB5140-3,margo,0.1,-19.0517,-16.6133,5,3,10,150,6,46,1,,8,0,47,30,2,154,3,0,17,1,14,0,0,1,41,27,3,0,6,0,1,0,3,81,0,8,
GeoB5140-3,margo,0.11,-19.0517,-16.6133,10,7,13,178,3,82,1,,12,7,48,26,1,171,5,0,5,3,11,0,0,2,46,27,11,0,11,7,3,1,4,102,0,0,
GeoB5140-3,margo,0.12,-19.0517,-16.6133,3,3,3,164,0,45,1,,10,6,45,26,0,110,6,2,7,2,20,0,0,2,30,23,8,0,6,7,0,1,2,53,0,0,
RC8-94,margo,16,-27.283,-102.083,23,300,,,130,19,0,,18,38,61,90,8,15,,0,0,0,,3,12,0,20,,62,0,0,,,,2,303,,,0
RC9-124,margo,40,-28.75,172.6,6,37,,,11,15,0,,36,10,132,230,2,0,,5,0,14,,0,0,1,186,,82,12,1,,,,0,50,,,0
RC9-126,margo,30,-33.233,168.733,18,0,,,3,3,0,,23,3,246,140,0,1,,7,3,48,,0,0,3,321,,37,0,0,,,,0,40,,,0
RC10-97,margo,44,0.917,-134.317,0,0,,,0,7,0,,14,0,19,0,4,0,,0,0,188,,17,1,178,5,,11,0,0,,,,0,20,,,0
RC10-11,margo,20,-11.183,-162.917,2,61,,,46,53,1,,31,12,8,0,2,17,,0,0,2,,0,0,9,0,,0,0,0,,,,0,330,,,0
RC10-16,margo,9,33.083,158,11,0,,,0,0,0,,0,1,49,2,0,0,,1,1,80,,0,0,0,177,,10,0,2,,,,0,2,,,0
RC11-21,margo,40,1.817,-140.05,1,0,,,1,5,0,,3,1,9,1,1,3,,0,0,56,,4,1,47,1,,38,0,0,,,,0,1,,,0
RC11-21,margo,15,-6.133,-140.85,1,18,,,35,46,0,,28,4,58,2,2,10,,0,0,42,,51,3,69,0,,6,0,0,,,,0,160,,,0
RC11-22,margo,30,-14.817,-139.967,2,14,,,73,59,1,,18,16,17,2,0,20,,0,0,1,,4,7,2,0,,1,1,0,,,,2,285,,,0
RC11-23,margo,45,-8.8,-110.8,6,17,,,1,42,0,,11,3,50,0,1,3,,1,0,94,,22,21,30,2,,1,0,0,,,,0,170,,,0
RC12-10,margo,40,-26,169.2,21,85,,,10,37,0,,42,22,102,180,3,0,,1,0,23,,0,0,2,197,,75,2,4,,,,0,111,,,0
RC12-36,margo,20,15.1,124.133,4,76,,,16,107,12,,21,12,35,3,3,4,,0,0,16,,0,0,7,0,,4,0,0,,,,1,40,,,0
RC13-17,margo,30,19.083,-170.067,2,33,,,0,7,40,,1,1,6,0,3,0,,0,0,3,,1,1,3,6,,8,0,0,,,,0,1,,,0
RC13-81,margo,10,-19.017,-124.233,4,231,,,46,103,3,,44,21,40,0,5,4,,0,0,4,,38,8,16,0,,16,0,0,,,,1,618,,,0
RC13-11,margo,50,-1.65,-103.633,3,0,,,0,4,0,,4,0,31,1,0,1,,0,0,121,,2,2,9,47,,9,0,0,,,,0,15,,,0
V 18-31,margo,25,-2.85,-126.2,0,0,,,0,1,0,,1,0,11,0,0,2,,0,0,69,,3,0,30,0,,3,0,0,,,,0,17,,,0
V 18-31,margo,15,3.167,-118.467,0,1,,,0,9,0,,3,0,2,0,1,0,,0,0,154,,2,0,15,0,,1,0,0,,,,0,4,,,0
V 19-29,margo,120,-3.583,-83.933,1,0,,,0,3,0,,1,0,330,0,1,1,,52,67,241,,0,0,0,213,,1,0,0,,,,0,10,,,0
V 19-53,margo,45,-17.017,-113.517,0,53,,,0,9,5,,2,1,3,0,0,0,,0,0,23,,65,0,101,0,,8,0,0,,,,0,30,,,0
V 19-55,margo,23,-17,-114.183,2,62,,,44,97,2,,33,11,68,0,2,12,,0,0,25,,85,3,91,5,,3,0,0,,,,0,630,,,0
V 19-64,margo,15,-16.933,-121.2,1,59,,,29,53,2,,16,7,24,1,1,4,,0,0,2,,20,4,14,0,,2,0,0,,,,1,340,,,0
V 19-65,margo,15,-16.65,-124.383,2,96,,,11,73,7,,29,16,19,0,2,4,,0,0,9,,50,11,36,1,,5,0,0,,,,1,530,,,0
V 19-96,margo,15,0.867,172,0,9,,,1,30,0,,12,0,33,0,0,0,,0,0,41,,2,0,87,0,,4,0,0,,,,0,34,,,0
V 20-11,margo,20,47.95,168.783,0,0,,,0,0,0,,0,0,14,0,0,0,,26,380,0,,0,0,0,0,,0,0,0,,,,0,0,,,0
V 21-30,margo,250,-1.217,-89.683,7,1,,,2,4,0,,1,0,663,0,0,5,,50,4,233,,0,0,0,219,,1,0,2,,,,0,30,,,0
V 21-33,margo,45,-3.8,-92.083,2,0,,,0,1,0,,1,0,74,0,0,0,,0,0,212,,0,0,4,118,,1,0,0,,,,0,36,,,0
V 21-14,margo,70,37.683,163.033,1,0,,,0,0,0,,0,0,27,0,0,0,,2,16,6,,0,0,1,224,,0,0,0,,,,0,44,,,0
V 28-20,margo,20,2.767,-173.933,0,26,,,16,58,1,,28,10,125,0,0,46,,0,0,3,,8,0,73,0,,1,0,0,,,,1,220,,,0
V 28-20,margo,40,0.95,-179.417,2,12,,,14,77,0,,48,5,94,1,1,11,,0,0,49,,23,0,144,0,,12,0,1,,,,0,197,,,0
V 28-23,margo,20,-5.5,166.75,0,15,,,10,70,0,,20,16,70,1,1,14,,0,0,54,,1,1,26,0,,4,0,4,,,,0,232,,,0
V 28-23,margo,35,1.017,160.483,0,6,,,4,22,0,,21,7,39,1,0,6,,0,0,21,,4,0,36,0,,3,0,0,,,,1,63,,,0
V 28-23,margo,30,3.25,159.183,0,7,,,2,14,0,,23,5,30,0,0,2,,0,0,30,,5,0,52,0,,5,0,1,,,,0,56,,,0
V 28-24,margo,20,11.067,138.533,2,54,,,45,178,2,,48,4,100,1,4,17,,0,0,42,,0,9,8,0,,0,0,0,,,,3,140,,,0
V  28294,margo,4,28.433,139.967,28,5,,,28,98,1,,43,7,272,305,6,5,,2,4,90,,0,0,26,188,,75,0,19,,,,0,182,,,0
V  28304,margo,45,28.533,134.133,5,42,,,4,82,0,,29,17,167,65,11,1,,1,2,123,,0,1,23,113,,14,1,3,,,,0,90,,,0
V28-310,margo,40,25.417,125.633,2,16,,,65,9,0,,3,63,71,8,6,40,,1,0,44,,0,0,44,1,,3,0,0,,,,0,341,,,0
V 32126,margo,25,35.317,177.9,9,0,,,0,0,0,,4,0,182,0,2,0,,9,8,17,,0,0,0,179,,0,0,1,,,,0,17,,,0
V32-128,margo,32,36.467,177.167,12,0,,,0,0,0,,0,0,174,0,1,0,,16,74,7,,0,0,0,240,,0,0,0,,,,0,13,,,0
V  32139,margo,1,31.567,151.1,6,3,,,0,3,0,,3,0,30,5,1,0,,0,0,15,,0,0,3,237,,6,1,3,,,,3,0,,,0
RC10-62,margo,51,3.333,-101.717,1,0,,,1,7,0,,2,2,10,1,0,2,,0,0,105,,0,0,8,4,,6,0,0,,,,0,16,,,0
RC13110,margo,54,0.1,-95.65,0,0,,,0,1,0,,1,1,31,1,0,0,,2,0,212,,0,0,0,20,,14,0,6,,,,0,7,,,0
RC13115,margo,61,-1.633,-104.833,2,1,,,0,4,0,,4,1,26,1,0,0,,0,0,174,,2,1,10,22,,7,0,0,,,,0,9,,,0
V19-29,margo,120,-3.583,-83.933,7,0,,,0,3,0,,9,9,286,0,1,1,,38,30,391,,0,0,1,217,,5,0,0,,,,0,22,,,0
VNTRO1-8,margo,41,0.033,-110.483,5,0,,,1,9,0,,3,0,25,2,0,0,,0,0,235,,2,0,7,21,,42,0,1,,,,0,7,,,0
Y69-106p,margo,30,2.983,-86.55,3,0,,,3,1,0,,1,2,35,4,1,3,,3,0,100,,0,2,1,5,,0,0,5,,,,0,39,,,0
Y69-71P,margo,180,0.1,-86.483,1,0,,,0,2,0,,0,2,66,0,1,1,,0,0,141,,0,0,2,42,,0,0,2,,,,0,12,,,0
Y71-3-2,margo,20,7.167,-85.15,2,0,,,0,2,0,,7,0,35,0,0,0,,0,0,114,,0,2,2,0,,1,0,0,,,,0,40,,,0
y71-9-101,margo,63,-6.383,-106.933,1,0,,,0,13,0,,3,5,15,0,1,0,,0,0,151,,0,0,6,10,,3,0,0,,,,0,31,,,0
Y71-6-12,margo,49,-16.44,-77.56,4,0,,,0,0,0,,1,0,90,1,1,0,,15,117,119,,0,10,1,201,,0,0,7,,,,0,21,,,0
RR9702A-63TC,margo,16,-18.085,-79.04,5,0,,,1,0,0,,4,2,95,0,3,0,,0,22,55,,0,14,5,182,,0,0,10,,,,0,30,,,0
Y71-6-12,margo,46,-16.443,-77.563,4,0,,,1,1,0,,1,4,110,2,0,2,,1,35,46,,0,7,1,135,,0,0,4,,,,0,0,,,0
Y71-6-12,margo,50,-16.443,-77.563,4,0,,,0,0,0,,1,0,90,1,1,0,,15,120,73,,0,10,1,201,,0,0,7,,,,0,21,,,0
Y71-6-12,margo,56,-16.443,-77.563,12,0,,,1,0,1,,1,0,43,1,1,1,,1,34,56,,1,2,0,126,,2,0,4,,,,0,10,,,0
RR9702A-69TC,margo,70,-16.007,-76.378,1,0,,,0,0,0,,0,6,112,4,0,0,,48,69,24,,0,3,0,80,,0,0,23,,,,0,23,,,0
RR9702A-69TC,margo,80,-16.007,-76.378,8,0,,,0,0,0,,0,0,35,0,0,0,,8,39,37,,0,7,0,98,,0,0,8,,,,0,9,,,0
MD012416,margo,184.5,51.268,167.7255,0,0,,,0,0,0,,0,0,50,0,0,0,,0,255,0,,0,0,0,0,,0,0,0,,,,0,0,,,0
MD012416,margo,190.5,51.268,167.7255,0,0,,,0,0,0,,0,0,54,0,0,0,,0,307,0,,0,0,0,0,,0,0,0,,,,0,0,,,0
MD012416,margo,194.5,51.268,167.7255,0,0,,,0,0,0,,0,0,64,0,0,0,,0,326,0,,0,0,0,0,,0,0,0,,,,0,2,,,0
MD012416,margo,196.5,51.268,167.7255,0,0,,,0,0,0,,0,0,70,0,0,0,,0,307,0,,0,0,0,0,,0,0,0,,,,0,2,,,0
MD012416,margo,197.5,51.268,167.7255,0,0,,,0,0,0,,0,0,78,0,0,0,,0,338,0,,0,0,0,0,,0,0,0,,,,0,2,,,0
MD012416,margo,200.5,51.268,167.7255,0,0,,,0,0,0,,0,0,52,0,0,0,,0,267,0,,0,0,0,0,,0,0,0,,,,0,2,,,0
MD012416,margo,202.5,51.268,167.7255,0,0,,,0,0,0,,0,0,60,0,0,0,,0,327,0,,0,0,0,0,,0,0,0,,,,0,1,,,0
MD012416,margo,205.5,51.268,167.7255,0,0,,,0,0,0,,0,0,41,0,0,0,,0,307,0,,0,0,0,0,,0,0,2,,,,0,0,,,0
MD012416,margo,209.5,51.268,167.7255,0,0,,,0,0,0,,0,0,55,0,0,0,,0,270,0,,0,0,0,0,,0,0,0,,,,0,2,,,0
ODP Site 883D,margo,116,51.199,167.768,0,0,,,0,0,0,,0,0,115,0,0,0,,0,1138,0,,0,0,0,0,,0,0,1,,,,0,0,,,0
ODP Site 883D,margo,120,51.199,167.768,0,0,,,0,0,0,,0,0,42,0,0,0,,0,323,0,,0,0,0,0,,0,0,0,,,,0,0,,,0
ODP Site 883D,margo,123,51.199,167.768,0,0,,,0,0,0,,0,0,59,0,0,0,,0,379,0,,0,0,0,0,,0,0,0,,,,0,0,,,0
ODP Site 883D,margo,126,51.199,167.768,0,0,,,0,0,0,,0,0,56,0,0,0,,0,385,0,,0,0,0,0,,0,0,0,,,,0,0,,,0
ODP Site 883D,margo,130,51.199,167.768,0,0,,,0,0,0,,0,0,47,0,0,0,,2,313,0,,0,0,0,0,,0,0,0,,,,0,2,,,0
ODP Site 883D,margo,133,51.199,167.768,0,0,,,0,0,0,,0,0,55,0,0,0,,0,359,0,,0,0,0,0,,0,0,0,,,,0,0,,,0
ODP Site 883D,margo,136,51.199,167.768,0,0,,,0,0,0,,0,0,40,2,0,0,,0,412,0,,0,0,0,0,,0,0,0,,,,0,0,,,0
ODP Site 883D,margo,140,51.199,167.768,0,0,,,0,0,0,,0,0,25,0,0,0,,0,412,0,,0,0,0,0,,0,0,0,,,,0,0,,,0
ODP Site 883D,margo,143,51.199,167.768,0,0,,,0,0,0,,0,0,85,0,0,0,,0,1069,0,,0,0,0,0,,0,0,0,,,,0,0,,,0
ODP Site 883D,margo,145,51.199,167.768,0,0,,,0,0,0,,0,0,40,0,0,0,,0,396,0,,0,0,0,0,,0,0,2,,,,0,0,,,0
DGKS9603,margo,169,28.148,127.271,21,15,,,0,125,4,,32,28,62,42,0,65,,69,0,484,,0,0,92,42,,45,12,0,,,,0,45,,,0
DGKS9603,margo,171,28.148,127.271,26,17,,,0,129,5,,34,32,67,39,0,62,,73,0,468,,0,0,95,45,,46,9,0,,,,0,46,,,0
DGKS9603,margo,173,28.148,127.271,33,15,,,0,116,4,,39,26,75,33,0,72,,69,0,482,,0,0,101,43,,48,7,0,,,,0,52,,,0
DGKS9603,margo,175,28.148,127.271,42,18,,,0,151,6,,44,34,304,59,0,312,,167,0,695,,0,0,118,48,,55,5,0,,,,0,84,,,0
DGKS9603,margo,177,28.148,127.271,34,17,,,0,150,8,,47,33,297,56,0,324,,179,0,706,,0,0,131,52,,56,8,0,,,,0,83,,,0
DGKS9603,margo,180,28.148,127.271,33,22,,,4,141,6,,43,35,289,45,0,293,,166,0,723,,0,0,150,58,,52,10,0,,,,0,68,,,0
DGKS9603,margo,182,28.148,127.271,36,16,,,0,128,4,,36,41,249,39,0,256,,133,0,698,,0,0,145,57,,47,9,0,,,,0,63,,,0
DGKS9603,margo,184,28.148,127.271,43,14,,,0,138,4,,45,32,223,32,0,249,,154,0,687,,0,0,145,63,,49,11,0,,,,0,56,,,0
DGKS9603,margo,186,28.148,127.271,38,13,,,0,148,5,,41,38,204,37,0,257,,166,0,679,,0,0,170,59,,45,13,0,,,,0,52,,,0
DGKS9603,margo,188,28.148,127.271,40,14,,,0,131,0,,54,35,183,44,0,213,,165,0,588,,0,0,113,54,,50,10,0,,,,0,57,,,0
DGKS9603,margo,191,28.148,127.271,35,12,,,0,133,0,,50,29,168,39,0,227,,173,0,565,,0,0,120,58,,52,14,0,,,,0,47,,,0
DGKS9603,margo,193,28.148,127.271,31,15,,,0,131,0,,47,35,189,42,0,245,,180,0,589,,0,0,126,63,,44,12,0,,,,0,53,,,0
DGKS9603,margo,195,28.148,127.271,30,10,,,0,131,0,,42,38,183,38,0,252,,189,0,563,,0,0,143,64,,50,16,0,,,,0,64,,,0
DGKS9603,margo,197,28.148,127.271,25,16,,,0,143,0,,36,42,197,42,0,264,,193,0,587,,0,0,149,57,,54,14,0,,,,0,83,,,0
DGKS9603,margo,199,28.148,127.271,23,12,,,0,116,0,,28,33,148,37,0,208,,144,0,506,,0,0,120,54,,49,8,0,,,,0,67,,,0
DGKS9603,margo,201,28.148,127.271,31,23,,,0,125,0,,33,38,152,24,0,216,,157,0,493,,0,0,147,59,,42,10,2,,,,0,65,,,0
DGKS9603,margo,204,28.148,127.271,27,16,,,0,113,0,,27,32,145,32,0,182,,116,0,414,,0,0,102,52,,38,7,0,,,,0,57,,,0
DGKS9603,margo,206,28.148,127.271,28,18,,,0,119,0,,33,31,119,37,0,126,,123,0,448,,0,0,116,55,,43,11,0,,,,0,65,,,0
DGKS9603,margo,208,28.148,127.271,28,16,,,0,122,0,,36,35,125,41,0,135,,132,0,424,,0,0,128,52,,52,8,0,,,,0,66,,,0
DGKS9603,margo,210,28.148,127.271,32,29,,,0,217,0,,46,16,220,44,0,162,,146,0,408,,0,0,126,27,,15,16,0,,,,0,85,,,0
DGKS9603,margo,212,28.148,127.271,30,19,,,0,167,0,,33,24,202,42,0,98,,158,0,432,,0,0,111,49,,28,8,0,,,,0,63,,,0
DGKS9603,margo,215,28.148,127.271,33,17,,,0,146,0,,28,28,189,37,0,103,,162,0,465,,0,0,126,40,,33,8,0,,,,0,59,,,0
CHAT 1K,margo,40,-41.58333333,-171.5,2,0,,,0,0,0,,0,1,44,8,0,0,,10,1,8,,0,0,0,106,,11,0,1,,,,0,12,,,0
CHAT 1K,margo,50,-41.58333333,-171.5,2,0,,,0,0,0,,0,0,71,15,0,0,,14,0,21,,0,0,0,89,,18,0,0,,,,0,11,,,0
A015558,margo,0.58,8.983333333,51.73333333,2,0,0,18,0,1,1,0,1,0,40,2,0,12,0,1,3,55,,0,3,19,0,0,7,0,2,0,12,20,0,36,0,0,0
DSDP site 594,margo,2.52,-45.5235,174.948,0,0,0,0,0,0,0,0,0,0,3,0,0,0,0,4,495,0,,0,0,0,12,0,0,0,0,0,0,0,0,5,0,0,0
E26-001,margo,0.61,-40.28333333,168.34,3,0,0,0,0,0,0,0,0,0,105,0,0,0,0,37,0,2,,0,0,0,56,60,0,0,0,0,0,0,0,11,0,0,0
E27-030,margo,0.6,-45.0667,147.2283,2,0,0,1,0,0,0,0,0,0,120,2,0,0,0,17,46,0,,0,0,0,45,12,0,0,2,0,0,0,0,26,0,0,0
E45-027,margo,0.3,-43.23333333,105.5833333,0,0,0,0,0,0,0,0,0,0,157,0,1,0,0,12,50,0,,0,0,0,38,13,0,0,1,0,0,0,0,11,0,0,0
E45-078,margo,0.31,-45.037,114.348,1,0,0,0,0,0,0,0,0,0,155,0,0,0,1,17,43,0,,0,0,0,52,4,1,0,1,0,0,0,0,11,0,0,0
E45-102,margo,0.24,-33.61666667,113.5833333,0,0,0,19,4,2,0,0,4,0,37,13,0,0,0,0,6,4,,0,0,0,152,16,0,1,0,0,0,1,0,41,0,0,0
E48-011,margo,0.22,-29.7,97.58333333,4,6,0,53,0,0,0,0,0,1,27,1,0,0,1,0,4,1,,0,0,0,123,6,10,0,0,0,4,7,0,13,0,0,0
E48-035,margo,0.355,-30.35333333,86.485,7,7,0,58,0,2,0,0,7,2,50,7,0,0,0,0,6,0,,0,0,0,93,56,0,7,5,0,0,0,0,3,0,0,0
E55-006,margo,0.4,-38.8533,141.0633,0,0,0,0,0,0,0,0,0,0,71,2,0,18,0,62,0,0,,0,0,0,35,47,0,3,0,0,0,0,0,62,0,0,0
FR1/94-GC03,margo,0.3,-44.2606,149.9963889,0,0,0,0,0,1,0,0,1,0,169,2,0,0,0,32,35,0,,0,0,0,38,14,0,5,0,0,0,0,0,15,0,0,0
MD88-770,margo,1.12,-46.01666667,96.46666667,0,0,0,0,0,0,0,0,0,0,6,0,0,0,0,1,206,0,,0,0,0,0,1,0,0,0,0,0,0,0,1,0,0,0
ODP122-760A,margo,0.39,-16.922,115.5413333,6,4,0,100,2,17,1,0,21,1,2,5,0,4,0,0,1,37,,0,0,4,8,10,2,0,3,0,7,23,1,63,0,0,0
ODP122-762B,margo,0.8,-19.88733333,112.254,5,2,0,71,3,15,1,0,15,0,7,8,0,2,0,0,0,30,,3,3,1,30,5,4,3,1,0,1,14,0,40,0,0,0
P69,margo,3.9,-40.39666667,177.9966667,0,0,0,3,0,0,0,0,0,0,62,4,0,0,0,6,39,12,,0,0,0,61,4,12,1,1,0,0,0,0,17,0,0,0
Q200,margo,0.59,-45.995,172.025,0,0,0,0,0,0,0,0,0,0,20,0,0,0,0,3,251,0,,0,0,0,2,1,0,0,0,0,0,0,0,0,0,0,0
Q585,margo,0.73,-49.70333333,182.075,0,0,0,0,0,0,0,0,0,0,15,0,0,0,0,0,325,0,,0,0,0,3,0,0,0,0,0,0,0,0,0,0,0,0
R657 (S),margo,0.5,-42.53333333,181.5083333,1,0,0,0,0,1,0,0,0,0,60,0,0,0,0,51,24,19,,0,0,0,107,23,1,2,0,0,0,0,0,32,0,0,0
R657 (W),margo,0.5,-42.53333333,181.5083333,0,0,0,0,0,0,0,0,0,1,47,0,0,0,0,33,24,6,,0,0,0,77,22,8,0,3,0,0,0,0,15,0,0,0
RC08-039,margo,0.7,-42.88333333,42.35,0,0,0,0,0,0,0,0,0,0,18,0,0,0,0,11,223,0,,0,0,0,1,1,0,0,0,0,0,0,0,9,0,0,0
RC08-078,margo,0.5,-44.78333333,184.2333333,6,0,0,0,0,0,0,0,0,1,68,5,0,0,0,26,11,18,,0,1,0,74,23,0,0,0,0,0,0,0,14,0,0,0
RC09-148,margo,0.19,-29.68,113.7,0,0,0,71,1,23,0,0,5,0,14,17,0,0,0,0,0,15,,0,0,0,160,3,1,2,2,0,0,0,0,34,0,0,0
RC09-150 (P),margo,0.8,-31.28333333,114.5516667,3,0,0,11,3,8,0,0,5,8,25,11,3,8,0,0,0,3,,0,0,3,153,14,0,5,11,0,0,0,0,22,0,0,0
RC09-150 (W),margo,0.9,-31.28333333,114.5516667,0,0,0,11,0,1,0,0,0,2,29,9,0,0,0,0,4,3,,0,0,0,171,5,0,0,3,0,0,0,0,44,0,0,0
RC09-161,margo,1.6,19.56833333,59.595,14,0,0,33,0,17,0,0,5,14,87,2,1,8,1,1,0,20,,0,0,6,0,0,1,0,5,0,0,19,0,60,0,0,0
RC09-162,margo,0.5,19.07666667,60.42166667,10,0,0,39,2,23,0,0,7,5,66,11,0,7,0,0,0,41,,0,1,11,0,0,0,0,0,0,9,24,0,46,0,0,0
RC10-131,margo,0.3,-14.53,157.97,3,4,0,89,8,22,2,0,17,9,15,8,2,3,0,0,0,15,,0,0,8,0,1,0,0,0,0,1,1,0,71,0,0,0
RC11-120,margo,0.74,-43.51666667,79.86666667,0,0,0,0,0,0,0,0,0,1,76,0,0,0,0,5,179,0,,0,0,0,5,6,1,0,0,0,0,0,0,3,0,0,0
RC11-121,margo,0.4,-39.71666667,82.25,1,0,0,2,0,0,0,0,0,0,96,36,0,0,0,28,27,0,,0,0,0,19,13,0,1,2,0,0,0,0,25,0,0,0
RC11-126,margo,0.2,-30.06666667,94.41666667,3,1,0,46,4,4,0,0,3,5,80,6,3,4,0,3,0,0,,0,0,0,51,39,0,2,21,0,0,0,0,13,0,0,0
RC11-134,margo,0.1,-33.06666667,110.55,3,0,0,36,2,1,0,0,1,6,85,10,0,1,1,3,0,2,,0,0,0,76,18,2,1,5,0,0,0,0,28,0,0,0
RC11-145,margo,0.29,-25.48333333,110.0166667,2,2,0,56,1,8,0,0,4,1,6,11,0,0,0,0,0,13,,0,0,0,158,5,2,0,0,0,0,1,0,62,0,0,0
RC11-147,margo,0.6,-19.05833333,112.75,3,3,0,59,11,11,0,0,3,11,14,16,0,24,0,0,0,19,,0,0,5,27,8,3,0,3,0,3,14,0,54,0,0,0
RC12-109,margo,0.4,-25.88333333,157.8666667,3,1,0,97,5,22,0,0,16,7,34,89,0,3,0,0,0,8,,0,0,6,105,5,9,1,1,0,0,2,0,29,0,0,0
RC12-113 (A),margo,0.5,-24.88,163.52,5,2,0,96,12,18,0,0,8,8,17,64,2,4,0,0,0,6,,0,0,3,43,13,5,3,2,0,0,1,0,16,0,0,0
RC12-339,margo,0.7,9.133333333,90.03333333,1,6,0,34,4,18,1,0,4,5,33,3,1,4,0,0,0,54,,0,2,16,0,0,3,0,0,0,2,67,0,38,0,0,0
RC13-038,margo,0.4,-14.51666667,177.1,13,12,0,200,14,34,0,0,20,19,13,7,3,6,0,3,0,11,,0,0,3,0,0,2,0,1,0,5,1,0,154,0,0,0
RC14-007,margo,0.25,-35.51666667,44.75,1,0,0,0,0,4,0,0,9,0,48,30,0,0,0,2,3,39,,0,0,0,68,9,1,4,4,0,0,0,0,16,0,0,0
RC14-009,margo,0.7,-39.01666667,47.88333333,1,0,0,3,0,0,0,0,1,0,77,2,0,1,0,26,17,3,,0,0,0,35,5,0,2,0,0,0,0,0,6,0,0,0
RC14-029,margo,0.2,-10.92333333,88.315,8,5,0,73,11,38,0,0,4,2,9,0,0,9,0,0,0,32,,3,2,9,3,0,3,0,0,0,3,33,1,47,0,0,0
RC14-035,margo,0.4,-0.833333333,89.95,2,2,0,69,0,30,0,0,7,9,21,1,0,6,0,0,0,25,,14,3,25,0,0,5,0,0,0,4,45,0,31,0,0,0
RC14-037,margo,0.4,1.466666667,90.16666667,0,2,0,78,10,19,0,0,11,10,20,2,0,4,1,0,0,26,,10,5,20,0,0,0,0,1,0,1,28,0,52,0,0,0
RC17-069,margo,0.6,-31.5,32.6,3,0,0,45,3,9,0,0,6,12,27,3,6,3,0,0,0,18,,0,0,0,95,3,0,6,3,0,0,3,0,45,0,0,0
RC17-073,margo,0.3,-32.11666667,36.01666667,4,0,0,40,2,9,0,0,9,16,42,3,1,9,0,2,1,3,,0,0,1,92,3,0,9,9,0,0,1,0,33,0,0,0
RC17-098,margo,0.53,-13.21666667,65.61666667,5,7,0,78,3,22,0,0,11,7,10,3,0,7,0,0,0,29,,1,1,5,0,1,0,2,4,0,21,12,0,68,0,0,0
RC17-108,margo,0.4,-10.508,57.72,1,0,0,67,15,9,0,0,2,6,51,22,0,32,0,0,1,15,,0,2,6,0,1,1,0,2,0,1,8,1,50,0,0,0
RC17-113,margo,0.3,15.033,66.097,4,1,0,67,1,21,0,0,2,6,14,10,3,2,0,0,0,28,,0,5,46,0,0,0,0,1,0,7,35,0,46,0,0,0
RS067-GC10,margo,0.505,-38.86166667,140.1,0,0,0,1,0,0,0,0,0,0,138,0,0,0,0,21,15,1,,0,0,0,30,42,0,0,4,0,0,0,0,14,0,0,0
RS096-GC21,margo,0.29,-23.77216667,108.5006667,0,1,0,51,6,8,0,0,11,2,9,12,1,1,0,0,0,9,,0,0,0,75,6,2,1,3,0,0,3,0,40,0,0,0
RS147-GC07,margo,0.985,-45.15,146.28,0,0,0,1,0,0,0,0,0,2,207,11,0,0,104,0,122,1,,0,0,0,42,7,0,1,3,0,0,0,0,42,0,0,0
RS147-GC14,margo,0.25,-46.45,145.24,0,0,0,0,0,0,0,0,0,0,96,5,0,0,0,22,101,0,,0,0,0,19,5,0,0,0,0,0,0,0,26,0,0,0
RS147-GC31,margo,0.69,-44.53,149.05,0,0,0,0,0,0,0,0,0,0,108,0,0,0,0,55,36,0,,0,0,0,35,10,0,0,0,0,0,0,0,15,0,0,0
S794,margo,1.39,-35.31,177.9966667,1,0,0,0,1,0,0,0,2,0,46,15,1,0,0,27,14,40,,0,0,0,52,24,20,0,0,0,0,0,0,30,0,0,0
SHI9006,margo,5.99,-4.33223,117.59584,6,0,0,134,1,1,0,0,12,6,53,0,0,13,0,0,8,37,,0,0,14,0,0,0,0,5,0,0,13,0,152,0,0,0
SHI9016,margo,0.52,-8.455833333,128.238,4,1,0,126,6,19,0,0,18,6,24,5,0,23,0,0,1,59,,13,0,27,0,4,7,0,5,0,1,27,0,85,0,0,0
SHI9022,margo,5.79,-11.35444,122.03799,3,0,0,99,6,11,0,0,12,1,14,0,0,15,0,0,0,32,,0,0,14,0,2,5,0,1,0,0,29,0,79,0,0,0
SHI9034,margo,8.3,-9.09764,111.00721,2,0,0,31,4,2,0,0,8,2,61,0,0,8,0,0,2,108,,0,0,16,0,1,4,0,4,0,2,31,1,31,0,0,0
SO36-07,margo,0.73,-42.25,144.75,0,0,0,3,0,15,0,0,0,0,109,1,0,0,0,19,65,0,,0,0,0,33,25,0,0,2,0,0,0,0,30,0,0,0
SO36-21,margo,0.2,-43.8,145.5,4,0,0,1,0,0,0,0,0,0,140,0,0,0,0,4,24,0,,0,0,0,50,17,0,0,0,0,0,0,0,25,0,0,0
SO36-39,margo,0.3,-45.87,145.99,0,0,0,0,0,0,0,0,0,0,116,0,0,0,0,3,68,0,,0,0,0,28,4,0,0,0,0,0,0,0,27,0,0,0
SO36-47,margo,0.5,-46.87,145.98,0,0,0,0,0,0,0,0,0,0,121,0,0,0,0,9,72,0,,0,0,0,40,3,0,0,0,0,0,0,0,20,0,0,0
U938,margo,1.3,-45.075,179.4983333,0,0,0,0,0,0,0,0,0,0,19,0,0,0,0,26,179,0,,0,0,0,97,1,0,0,0,0,0,0,0,3,0,0,0
V14-077,margo,0.29,-29.64166667,32.85833333,6,1,0,53,3,14,0,0,11,18,8,1,1,6,0,0,0,19,,0,0,6,83,1,1,1,9,0,0,11,0,34,0,0,0
V14-081,margo,0.35,-28.425,43.78333333,4,0,0,62,10,12,0,0,4,13,23,3,1,15,1,4,0,5,,0,0,0,42,8,0,2,9,0,0,3,0,65,0,0,0
V14-101,margo,0.7,8.65,58.56666667,1,0,0,47,4,7,0,0,6,0,28,7,0,3,0,0,0,19,,0,3,14,0,0,8,0,1,0,7,12,0,103,0,0,0
V14-102,margo,0.4,10.25,57.18333333,1,2,0,22,2,6,0,0,9,0,28,6,2,4,0,0,1,62,,0,7,27,1,0,5,0,6,0,9,9,0,50,0,0,0
V16-089,margo,0.4,-33.01666667,85.78333333,3,0,0,13,1,0,0,0,1,2,88,1,1,0,1,5,0,0,,0,0,0,84,29,0,6,6,0,0,0,0,8,0,0,0
V18-191,margo,0.3,-32.433,46.567,3,0,0,31,2,4,0,0,3,9,43,3,2,3,1,0,2,1,,0,0,0,102,17,0,10,8,0,0,0,0,16,0,0,0
V18-207,margo,0.4,-25.63333333,87.11666667,5,8,0,116,13,18,1,0,7,14,7,12,0,4,1,1,0,2,,0,0,1,29,18,1,1,5,0,2,2,0,32,0,0,0
V19-178,margo,0.8,8.116666667,73.25,3,1,0,59,11,27,1,0,11,5,18,1,2,10,0,1,0,29,,9,6,16,0,0,0,0,2,0,3,35,0,50,0,0,0
V19-185,margo,0.3,6.7,59.33333333,1,1,0,62,2,6,0,0,4,3,35,8,0,6,0,1,1,11,,4,7,6,0,2,2,1,3,0,1,10,0,94,0,0,0
V19-188,margo,0.6,6.866666667,60.66666667,1,6,0,58,1,7,0,0,2,4,30,3,1,1,0,0,1,32,,4,10,16,0,0,7,2,2,0,5,39,0,39,0,0,0
V19-201,margo,0.7,-5.333333333,40.43333333,2,2,0,74,2,10,0,0,8,6,16,4,2,15,2,0,0,36,,0,2,11,1,0,6,0,2,0,1,28,1,53,0,0,0
V19-202,margo,0.4,-6.983333333,41.18333333,8,4,0,94,3,8,0,0,5,3,19,5,0,3,0,0,2,29,,1,3,12,3,1,3,0,2,0,3,32,0,45,0,0,0
V19-204,margo,0.3,-10.23333333,43.81666667,3,8,0,90,2,9,0,0,4,5,21,3,0,0,0,0,0,32,,0,2,14,1,3,3,0,0,0,3,17,0,63,0,0,0
V20-170,margo,0.3,-21.8,69.23333333,3,8,0,126,12,23,0,0,16,4,5,4,1,10,0,0,0,2,,0,0,1,4,17,1,1,2,0,2,7,2,48,0,0,0
V20-175,margo,0.3,-22.3,68,4,5,0,121,12,27,1,0,5,16,7,2,5,10,1,1,0,5,,0,0,1,1,18,1,2,3,0,0,2,1,50,0,0,0
V24-157,margo,0.3,-14.95,147.92,6,17,0,151,3,42,0,0,31,23,11,2,3,5,0,0,0,30,,0,0,10,3,3,0,0,1,0,1,13,0,56,0,0,0
V24-161,margo,0.5,-18.2,151.45,2,4,0,115,4,27,0,0,19,13,12,7,3,7,0,0,0,18,,1,1,7,1,2,1,0,3,0,4,7,0,30,0,0,0
V24-170,margo,0.4,-13.52,146.88,7,3,0,175,3,49,0,0,21,13,11,5,1,3,0,0,0,21,,0,1,20,1,5,2,0,2,0,5,12,0,42,0,0,0
V24-184,margo,0.3,-12.87,146.2,3,3,0,153,2,49,0,0,10,0,3,0,0,1,0,0,0,24,,0,0,11,0,13,0,0,0,0,1,9,0,57,0,0,0
V28-238,margo,0.39,1.016666667,160.4833333,1,26,0,238,6,55,0,0,117,65,6,0,0,7,0,0,0,161,,19,0,97,0,0,9,0,4,0,20,36,0,178,0,0,0
V28-239,margo,0.52,3.25,159.1833333,0,12,0,76,3,38,0,0,36,41,1,1,0,0,1,0,0,90,,10,1,155,0,0,4,0,8,0,30,38,0,57,0,0,0
V28-342 (W),margo,0.89,-14.1,120.5,10,4,0,70,5,20,1,0,22,3,0,1,0,2,0,0,0,42,,0,0,3,0,3,1,0,1,0,19,25,0,32,0,0,0
V29-029,margo,0.8,5.116666667,77.58333333,3,1,0,25,5,10,0,0,7,3,47,4,0,4,0,0,0,74,,1,6,16,0,0,1,0,2,0,1,29,0,61,0,0,0
V29-030,margo,0.8,3.083333333,76.25,4,0,0,34,4,10,0,1,6,5,18,1,1,1,0,0,0,53,,3,9,40,0,0,1,0,1,0,1,61,0,37,0,0,0
V29-045,margo,0.4,-6,69.817,6,1,0,70,4,16,0,0,8,2,19,0,3,6,1,0,1,27,,1,5,18,0,0,3,0,0,0,2,25,0,67,0,0,0
V29-048,margo,0.2,-6.266666667,63.43333333,3,11,0,60,2,30,1,0,15,9,9,0,3,2,0,0,0,47,,1,6,14,0,0,2,0,4,0,4,39,0,26,0,0,0
V29-064,margo,0.3,-27.283,74.867,8,4,0,111,2,22,0,0,12,12,14,2,7,5,0,0,0,0,,0,0,0,22,35,2,3,12,0,0,0,1,26,0,0,0
V33-065,margo,0.4,-22.73333333,112.5833333,1,0,0,52,9,8,0,0,11,0,6,7,0,1,0,0,2,17,,0,0,6,104,6,0,0,1,0,1,4,1,55,0,0,0
Z2108,margo,0.75,-33.3765,161.6125,7,0,0,25,1,2,0,0,0,10,49,20,0,1,0,104,2,37,,1,0,0,110,11,5,1,5,0,0,1,0,26,0,0,3
Z2112,margo,0.935,-33.53,166.53,5,0,0,14,0,1,0,0,4,7,69,31,0,3,1,0,3,6,,0,0,0,140,17,10,2,2,0,0,0,0,8,0,0,0
BC15,margo,0.7725,41.95,5.93,0,0,0,0,0,0,0,0,0,0,96,0,0,0,0,50,0,0,9,0,0,0,0,0,0,0,19,0,0,0,0,32,0,0,0
BC15,margo,0.9475,41.95,5.93,0,0,0,2,0,0,0,0,0,0,78,0,0,0,0,52,0,0,18,0,0,0,0,0,0,0,15,0,0,0,0,10,0,0,0
BC15,margo,1.0925,41.95,5.93,0,0,0,2,0,0,0,0,0,0,101,0,0,0,0,84,0,0,16,0,0,0,2,1,0,0,24,0,0,0,0,30,0,0,0
T87/2/20G,margo,0.405,34.97,23.75,0,0,0,53,0,0,0,0,0,0,26,0,0,1,0,7,0,0,59,0,0,0,0,0,0,0,20,0,0,0,0,19,0,0,0
T87/2/20G,margo,0.455,34.97,23.75,0,0,0,71,0,0,0,0,0,0,33,0,0,0,0,6,0,0,57,0,0,0,1,0,0,0,22,0,0,0,0,33,0,0,0
T87/2/20G,margo,0.505,34.97,23.75,0,0,1,72,0,0,0,0,2,0,19,0,0,0,0,8,0,0,71,0,0,0,0,0,0,0,16,0,0,0,0,21,0,0,0
MD 95-2043,margo,8.3,36.143,-2.621,2,0,0,5,0,0,0,0,0,0,41,0,0,0,0,11,7,0,246,0,0,0,0,0,0,0,5,0,0,0,0,14,0,0,0
MD 95-2043,margo,8.4,36.143,-2.621,0,0,0,11,0,0,0,0,0,0,45,0,0,0,0,16,3,0,298,0,0,0,2,0,0,0,3,0,0,0,0,17,0,0,0
MD 95-2043,margo,8.5,36.143,-2.621,1,0,0,0,0,0,0,0,0,1,35,0,0,0,0,19,7,0,321,0,0,0,3,0,0,0,7,0,0,0,0,19,0,0,0
MD 95-2043,margo,8.6,36.143,-2.621,0,0,0,13,0,0,0,0,0,0,73,0,0,0,0,24,3,0,276,0,0,0,2,0,0,0,6,0,0,0,0,9,0,0,0
MD 95-2043,margo,8.7,36.143,-2.621,1,0,0,3,0,0,0,0,0,1,70,0,0,0,0,24,2,0,181,0,0,0,3,0,0,0,3,0,0,0,0,15,0,0,0
MD 95-2043,margo,8.8,36.143,-2.621,1,0,0,5,0,0,0,0,0,0,120,1,0,0,0,24,6,0,441,0,0,0,8,0,0,0,11,0,0,0,0,31,0,0,0
MD 95-2043,margo,8.9,36.143,-2.621,0,0,0,7,0,0,0,0,0,0,92,0,0,0,0,7,6,0,291,0,0,0,5,0,0,0,4,0,0,0,0,16,0,0,0
DED8707,margo,1.095,39.41,13.34,0,0,0,24,0,0,0,0,0,0,69,0,0,0,0,9,2,2,37,0,0,0,1,0,0,0,12,0,0,0,0,31,0,0,0
DED8707,margo,1.215,39.41,13.34,0,0,0,28,0,0,0,0,0,0,132,0,0,0,0,6,3,2,86,0,0,0,1,0,0,0,7,0,0,0,0,44,0,0,0
KET8003,margo,1.91,38.49,14.3,0,1,0,0,1,0,0,0,0,1,110,0,0,1,0,29,5,4,156,0,0,0,0,0,0,0,57,0,0,0,0,57,0,0,0
KET8003,margo,1.95,38.49,14.3,0,2,0,0,0,0,0,0,0,0,133,0,0,2,0,21,3,0,133,0,0,0,2,0,0,0,23,0,0,0,0,48,0,0,0
KET8003,margo,2.01,38.49,14.3,0,7,0,0,0,0,0,0,0,0,189,0,0,0,0,56,7,3,170,0,0,0,0,0,0,0,61,0,0,0,0,143,0,0,0
KET8003,margo,2.05,38.49,14.3,1,1,0,0,0,0,0,0,0,1,156,0,0,4,0,16,4,0,131,0,0,0,0,0,0,0,29,0,0,0,0,116,0,0,0
KET8003,margo,2.11,38.49,14.3,0,7,0,0,0,0,0,0,0,0,123,0,0,0,0,22,8,1,95,0,0,0,1,0,0,0,69,0,0,0,0,122,0,0,0
KET8003,margo,2.15,38.49,14.3,0,2,0,0,0,0,0,0,0,1,101,0,0,1,0,23,1,0,82,0,0,0,1,0,0,0,29,0,0,0,0,70,0,0,0
KET8003,margo,2.21,38.49,14.3,0,4,0,0,0,0,0,0,0,0,165,0,0,0,0,27,7,2,147,0,0,0,0,0,0,0,27,0,0,0,0,110,0,0,0
KET8003,margo,2.25,38.49,14.3,0,5,0,0,0,0,0,0,0,0,209,0,0,0,0,16,5,0,214,0,0,0,2,0,0,0,11,0,0,0,0,86,0,0,0
KET8019,margo,2.71,40.33,13.21,0,1,0,84,3,0,0,0,0,0,80,0,0,0,0,22,9,1,104,0,0,0,1,0,0,0,32,0,0,0,0,90,0,0,0
KET8019,margo,2.81,40.33,13.21,0,1,0,55,1,0,0,0,0,0,65,0,0,0,0,18,5,0,65,0,0,0,1,0,0,0,6,0,0,0,0,42,0,0,0
KET8019,margo,2.98,40.33,13.21,0,1,0,76,0,0,0,0,0,1,75,0,0,0,0,16,5,0,198,0,0,0,2,0,0,0,6,0,0,0,0,66,0,0,0
KET8019,margo,3.01,40.33,13.21,0,0,0,35,0,0,0,0,0,0,64,0,0,0,0,8,6,0,170,0,0,0,2,1,0,0,0,0,0,0,0,43,0,0,0
KET8019,margo,3.14,40.33,13.21,1,0,0,30,0,0,0,0,0,0,150,0,0,0,0,13,4,0,94,0,0,0,1,0,0,0,7,0,0,0,0,49,0,0,0
KET8019,margo,3.21,40.33,13.21,0,0,0,5,0,0,0,0,0,0,73,0,0,0,0,33,9,0,165,0,0,0,1,0,0,0,105,0,0,0,0,77,0,0,0
KET8039,margo,2.7125,36.32,11.41,0,0,0,129,0,0,0,0,0,2,70,0,0,0,0,43,3,16,122,0,0,0,5,0,0,1,4,0,0,0,0,62,0,0,0
KET8039,margo,2.8125,36.32,11.41,0,0,0,67,1,1,0,0,0,0,88,0,0,0,0,53,0,10,90,0,0,0,14,0,0,1,0,0,0,0,0,21,0,0,0
KET8039,margo,2.9125,36.32,11.41,0,3,0,111,0,0,0,0,0,0,64,0,0,0,0,38,2,19,105,0,0,0,6,0,0,0,3,0,0,0,0,31,0,0,0
KET8039,margo,3.0125,36.32,11.41,0,1,0,72,0,1,0,0,0,3,104,0,0,0,0,41,0,9,73,0,0,0,8,0,0,0,0,0,0,0,0,19,0,0,0
KET8039,margo,3.1125,36.32,11.41,0,3,0,93,0,0,0,0,0,0,59,0,0,0,0,43,1,5,86,0,0,0,9,0,0,1,1,0,0,0,0,21,0,0,0
KET8039,margo,3.2125,36.32,11.41,1,3,0,142,1,0,0,0,0,0,74,0,0,0,0,55,3,17,145,0,0,0,10,0,0,1,0,0,0,0,0,25,0,0,0
KET8039,margo,3.3125,36.32,11.41,0,2,0,83,0,0,0,0,0,0,44,0,0,0,0,27,1,7,99,0,0,0,1,0,0,0,2,0,0,0,0,37,0,0,0
KET8039,margo,3.4125,36.32,11.41,0,10,0,111,0,0,0,0,0,0,77,0,0,1,0,60,3,7,143,0,0,0,6,0,0,0,3,0,0,0,0,68,0,0,0
KET8039,margo,3.5125,36.32,11.41,1,3,0,92,3,0,0,0,0,2,66,0,0,0,0,49,1,10,116,0,0,0,12,0,0,0,0,0,0,0,0,32,0,0,0
KET8039,margo,3.6125,36.32,11.41,0,6,0,95,0,0,0,0,0,0,70,0,0,1,0,35,4,12,114,0,0,0,5,0,0,0,2,0,0,0,0,25,0,0,0
KET8039,margo,3.7125,36.32,11.41,1,3,0,47,0,0,0,0,0,1,55,0,0,0,0,36,0,7,154,0,0,0,5,0,0,2,0,0,0,0,0,26,0,0,0
KET8039,margo,3.8125,36.32,11.41,0,1,0,79,3,0,0,0,0,0,73,0,0,0,0,43,3,5,224,0,0,0,5,0,0,0,1,0,0,0,0,44,0,0,0
KET8039,margo,3.9125,36.32,11.41,0,2,0,91,0,0,0,0,0,0,72,0,0,1,0,22,0,15,237,0,0,0,1,0,0,0,1,0,0,0,0,25,0,0,0
KET8039,margo,4.0125,36.32,11.41,2,5,0,68,0,0,0,0,0,0,71,0,0,0,0,29,4,9,185,0,0,0,5,0,0,0,3,0,0,0,0,39,0,0,0
KET8039,margo,4.1125,36.32,11.41,2,1,0,6,0,0,0,0,0,1,92,0,0,0,0,23,0,12,149,0,0,0,4,0,0,3,0,0,0,0,0,33,0,0,0
MD84-632,margo,1.58,32.47,34.23,0,3,0,571,6,0,0,0,0,47,16,0,0,3,0,3,0,0,193,0,0,0,0,0,0,0,56,0,0,0,0,35,0,0,0
MD84-632,margo,1.6,32.47,34.23,0,3,0,701,0,0,0,0,0,39,30,0,0,1,0,0,0,0,160,0,0,0,0,0,0,0,48,0,0,0,0,30,0,0,0
MD84-632,margo,1.62,32.47,34.23,0,8,0,763,3,0,0,0,0,34,17,1,0,0,0,1,0,0,153,0,0,0,0,0,0,0,39,0,0,0,0,30,0,0,0
MD84-632,margo,1.64,32.47,34.23,0,5,2,1174,8,1,0,0,0,45,53,1,0,1,0,0,0,0,268,0,0,0,0,0,0,0,77,0,0,0,0,45,0,0,0
MD84-632,margo,1.66,32.47,34.23,0,1,0,593,2,0,0,0,0,25,36,1,0,0,0,0,0,0,81,0,0,0,0,0,0,0,45,0,0,0,0,24,0,0,0
MD84-632,margo,1.68,32.47,34.23,1,3,0,653,2,0,0,0,0,27,34,0,0,3,0,1,0,0,209,0,0,0,0,0,0,0,37,0,0,0,0,35,0,0,0
MD84-632,margo,1.7,32.47,34.23,0,9,0,1090,8,0,0,0,0,61,59,0,0,1,0,0,0,0,311,0,0,0,0,0,0,0,62,0,0,0,0,57,0,0,0
MD84-632,margo,1.72,32.47,34.23,0,5,0,1000,8,0,0,0,0,48,50,0,0,3,0,0,0,0,240,0,0,0,0,0,0,0,72,0,0,0,0,38,0,0,0
MD84-632,margo,1.74,32.47,34.23,0,6,0,713,8,0,0,0,0,33,17,0,0,3,0,1,0,0,151,0,0,0,0,0,0,0,38,0,0,0,0,14,0,0,0
MD84-632,margo,1.76,32.47,34.23,0,5,0,520,10,0,0,0,0,20,14,0,0,1,0,0,0,0,126,0,0,0,0,0,0,0,24,0,0,0,0,18,0,0,0
MD84-632,margo,1.78,32.47,34.23,0,4,0,871,4,1,0,0,0,26,12,1,0,3,0,0,0,0,189,0,0,0,0,0,0,0,30,0,0,0,0,26,0,0,0
MD84-632,margo,1.8,32.47,34.23,1,4,1,766,3,0,0,0,0,33,9,0,0,6,0,0,0,0,186,0,0,0,0,0,0,0,53,0,0,0,0,34,0,0,0
MD84-632,margo,1.82,32.47,34.23,0,6,0,620,5,0,0,0,0,20,11,0,0,8,0,1,0,0,160,0,0,0,0,0,0,0,49,0,0,0,0,38,0,0,0
MD84-632,margo,1.84,32.47,34.23,0,2,0,478,1,0,0,0,0,12,16,1,0,14,0,0,0,0,159,0,0,0,0,0,0,0,60,0,0,0,0,37,0,0,0
MD84-632,margo,1.86,32.47,34.23,0,40,0,561,3,0,0,0,0,7,12,1,0,13,0,0,0,0,194,0,0,0,0,0,0,0,52,0,0,0,0,41,0,0,0
MD84-632,margo,1.88,32.47,34.23,0,1,0,608,2,0,0,0,0,4,10,0,0,6,0,0,0,0,166,0,0,0,0,0,0,0,53,0,0,0,0,35,0,0,0
MD84-632,margo,1.9,32.47,34.23,0,2,1,1012,1,1,0,0,0,6,11,0,0,5,0,1,0,0,171,0,0,0,0,0,0,0,117,0,0,0,0,36,0,0,0
MD84-632,margo,1.92,32.47,34.23,0,4,0,1015,2,0,0,0,0,7,57,0,0,1,0,11,0,0,167,0,0,0,0,0,0,0,87,0,0,0,0,37,0,0,0
MD84-632,margo,1.96,32.47,34.23,0,12,0,937,2,0,0,0,0,9,267,0,1,0,0,17,3,0,283,0,0,0,0,0,0,0,75,0,0,0,0,20,0,0,0
MD992346,margo,6.195,42.044,4.151,0,0,0,2,0,0,0,0,0,2,286,0,0,0,0,107,2,0,27,0,0,0,0,0,0,0,38,0,0,0,0,53,0,0,0
MD992346,margo,6.295,42.044,4.151,0,0,0,2,0,0,0,0,0,2,202.875,0,0,0,0,88,1,0,30,0,0,0,0,0,0,0,43,0,0,0,0,70,0,0,0
MD992346,margo,6.385,42.044,4.151,0,0,0,6,0,0,0,0,0,2,209,0,0,0,0,66,0,0,40,0,0,0,0,0,0,0,25,0,0,0,0,39,0,0,0
MD992346,margo,6.525,42.044,4.151,0,1,0,8,0,0,0,0,0,2,198,0,0,0,0,111,0,0,52,0,0,0,0,0,0,0,13,0,0,0,0,54,0,0,0
MD992346,margo,6.625,42.044,4.151,0,0,0,0,0,0,0,0,0,0,200.875,0,0,0,0,63,0,0,3,0,0,0,0,0,0,0,10,0,0,0,0,30,0,0,0
MD992346,margo,6.725,42.044,4.151,0,0,0,4,0,0,0,0,0,0,255,0,0,0,0,43,0,0,8,0,0,0,0,0,0,0,45,0,0,0,0,38,0,0,0
MD992346,margo,6.915,42.044,4.151,0,0,0,0,0,0,0,0,0,0,269.625,0,0,0,0,22,0,0,10,0,0,0,0,0,0,0,41,0,0,0,0,37,0,0,0
MD992346,margo,7.115,42.044,4.151,0,0,0,3,0,0,0,0,0,3,326.5,1,0,0,0,118,0,0,15,0,0,0,0,0,0,0,9,0,0,0,0,62,0,0,0
MD992346,margo,7.285,42.044,4.151,0,0,0,2,0,0,0,0,0,0,148,0,0,0,0,37,1,0,2,0,0,0,0,0,0,0,10,0,0,0,0,35,0,0,0
MD992346,margo,7.485,42.044,4.151,0,0,0,0,0,0,0,0,0,0,206.25,0,0,0,0,74,0,0,11,0,0,0,0,0,0,0,14,0,0,0,0,36,0,0,0
MD992346,margo,7.59,42.044,4.151,0,0,0,1,0,0,0,0,0,1,253.5,0,0,0,0,33,0,0,25,0,0,0,0,0,0,0,3,0,0,0,0,13,0,0,0
MD992346,margo,7.685,42.044,4.151,0,0,0,0,0,0,0,0,0,2,298.5,0,0,0,0,52,0,0,23,0,0,0,0,0,0,0,6,0,0,0,0,65,0,0,0
MD992346,margo,7.79,42.044,4.151,0,0,0,1,0,0,0,0,0,2,247,0,0,0,0,41,2,0,40,0,0,0,0,0,0,0,4,0,0,0,0,77,0,0,0
MD992346,margo,7.885,42.044,4.151,0,0,0,1,0,0,0,0,0,0,178.25,0,0,0,0,16,0,0,65,0,0,0,0,0,0,0,6,0,0,0,0,71,0,0,0
MD992346,margo,8,42.044,4.151,0,0,0,1,0,0,0,0,0,2,271,0,0,0,0,21,4,0,131,0,0,0,0,0,0,0,3,0,0,0,0,74,0,0,0
MD992346,margo,8.04,42.044,4.151,0,0,0,0,0,0,0,0,0,0,299,0,0,0,0,11,7,0,123,0,0,0,0,0,0,0,9,0,0,0,0,45,0,0,0
MD992346,margo,8.07,42.044,4.151,0,0,0,0,0,0,0,0,0,1,273.5,0,0,0,0,16,7,0,133,0,0,0,0,0,0,0,1,0,0,0,0,45,0,0,0
MD992346,margo,8.08,42.044,4.151,0,0,0,1,0,0,0,0,0,0,178.25,0,0,0,0,2,1,0,107,0,0,0,0,0,0,0,3,0,0,0,0,18,0,0,0
MD992346,margo,8.085,42.044,4.151,0,0,0,0,0,0,0,0,0,0,259.5,0,0,0,0,7,3,0,146,0,0,0,0,0,0,0,5,0,0,0,0,39,0,0,0
MD992346,margo,8.1,42.044,4.151,0,0,0,0,0,0,0,0,0,0,206,0,0,0,0,5,4,0,95,0,0,0,0,0,0,0,4,0,0,0,0,37,0,0,0
MD992346,margo,8.15,42.044,4.151,0,0,0,0,0,0,0,0,0,0,310,0,0,0,0,4,3,0,98,0,0,0,0,0,0,0,1,0,0,0,0,27,0,0,0
MD992346,margo,8.2,42.044,4.151,0,0,0,7,0,0,0,0,0,3,355,0,0,0,0,3,7,0,74,0,0,0,2,0,0,0,2,0,0,0,0,44,0,0,0
MD992346,margo,8.255,42.044,4.151,0,0,0,32,2,0,0,0,0,4,192,0,0,0,0,6,1,0,127,0,0,0,4,0,0,0,2,0,0,0,0,124,0,0,0
KET8216,margo,1.81,41.31,17.59,0,0,0,0,0,0,0,0,0,0,93,0,0,0,0,11,5,0,101,0,0,0,0,0,0,0,16,0,0,0,0,19,0,0,0
KET8216,margo,1.91,41.31,17.59,0,0,0,0,2,0,0,0,0,0,34,0,0,0,0,10,2,0,40,0,0,0,0,0,0,0,38,0,0,0,0,17,0,0,0
KET8216,margo,2.01,41.31,17.59,2,0,0,0,0,0,0,0,0,0,52,0,0,0,0,14,5,0,60,0,0,0,1,0,0,0,23,0,0,0,0,12,0,0,0
KET8216,margo,2.09,41.31,17.59,0,0,0,0,0,0,0,0,0,0,136,0,0,0,0,49,8,0,67,0,0,0,1,0,0,0,25,0,0,0,0,26,0,0,0
MD90901,margo,4.2,39.947,1.591,1,0,0,40,0,0,0,0,0,2,184,0,0,0,0,25,2,0,78,0,0,0,7,0,0,0,56,0,0,0,0,34,0,0,0
MD90901,margo,4.3,39.947,1.591,2,0,0,40,0,0,0,0,0,0,105,0,0,0,0,42,0,0,54,0,0,0,1,0,0,0,21,0,0,0,0,24,0,0,0
MD90901,margo,4.4,39.947,1.591,2,0,0,58,0,0,0,0,1,1,155,0,0,0,0,45,2,0,72,0,0,0,1,0,0,0,20,0,0,0,0,25,0,0,0
MD90901,margo,4.5,39.947,1.591,0,0,0,44,0,0,0,0,0,0,123,0,0,0,0,36,1,0,62,0,0,0,2,0,0,0,11,0,0,0,0,16,0,0,0
MD90901,margo,4.6,39.947,1.591,0,1,0,36,0,0,0,0,0,0,112,0,0,0,0,23,2,0,98,0,0,0,0,0,0,0,18,0,0,0,0,20,0,0,0
MD90901,margo,4.7,39.947,1.591,0,0,0,26,0,0,0,0,0,0,210,0,0,0,0,24,0,0,34,0,0,0,0,0,0,0,59,0,0,0,0,18,0,0,0
MD90901,margo,4.8,39.947,1.591,0,2,0,55,0,0,0,0,0,1,144,1,0,0,0,9,0,1,37,0,0,0,1,0,0,0,16,0,0,0,0,26,0,0,0
MD90901,margo,4.9,39.947,1.591,0,1,0,40,1,0,0,0,1,0,138,0,0,0,0,38,1,0,47,0,0,0,1,0,0,0,28,0,0,0,0,25,0,0,0
MD90901,margo,5,39.947,1.591,0,2,0,18,0,0,0,0,0,0,175,0,0,0,0,76,1,0,61,0,0,0,0,0,0,0,41,0,0,0,0,22,0,0,0
MD90901,margo,5.1,39.947,1.591,0,0,0,35,0,0,0,0,1,0,93,0,0,0,0,45,0,0,32,0,0,0,5,0,0,0,29,0,0,0,0,70,0,0,0
MD90901,margo,5.2,39.947,1.591,0,1,0,81,0,0,0,0,0,0,128,0,0,0,0,23,1,0,57,0,0,0,2,0,0,0,6,0,0,0,0,38,0,0,0
MD90901,margo,5.3,39.947,1.591,0,1,0,65,0,0,0,0,0,0,246,0,0,0,0,47,0,0,52,0,0,0,1,0,0,0,14,0,0,0,0,72,0,0,0
MD90901,margo,5.4,39.947,1.591,0,0,0,42,0,0,0,0,0,0,204,0,0,0,0,31,2,0,48,0,0,0,3,0,0,0,21,0,0,0,0,43,0,0,0
MD90901,margo,5.5,39.947,1.591,0,0,0,30,0,0,0,0,0,0,103,0,0,0,0,32,2,0,68,0,0,0,3,0,0,0,29,0,0,0,0,30,0,0,0
MD90901,margo,5.6,39.947,1.591,1,0,0,19,0,0,0,0,0,0,95,0,0,0,0,40,1,0,44,0,0,0,0,0,0,0,10,0,0,0,0,20,0,0,0
MD90901,margo,5.7,39.947,1.591,0,0,0,13,1,0,0,0,0,0,147,0,0,0,0,97,0,0,41,0,0,0,5,0,0,0,11,0,0,0,0,62,0,0,0
MD90-917,margo,5.45,41.298,17.613,0,3,0,11,0,0,0,0,0,0,64,7,0,1,0,10,2,0,187,0,0,0,0,0,0,0,92,0,0,0,0,42,0,0,0
MD90-917,margo,5.5,41.298,17.613,0,0,0,15,0,0,0,0,0,0,60,1,0,0,0,45,1,1,106,0,0,0,0,0,0,0,134,0,0,0,0,51,0,1,0
MD90-917,margo,5.55,41.298,17.613,0,1,0,26,0,0,0,0,0,0,142,5,0,0,0,10,2,0,141,0,0,0,0,0,0,0,43,0,0,0,0,18,0,0,0
MD90-917,margo,5.6,41.298,17.613,0,1,0,12,2,0,0,0,0,0,108,1,0,0,0,11,0,0,132,0,0,0,0,0,0,0,61,0,0,0,0,42,0,0,0
MD90-917,margo,5.65,41.298,17.613,0,2,0,5,0,0,0,0,0,0,77,7,0,1,0,12,1,0,65,0,0,0,0,0,0,0,104,0,0,0,0,44,0,0,0
MD90-917,margo,5.7,41.298,17.613,0,1,0,5,0,0,0,0,0,0,104,3,0,0,0,10,2,1,100,0,0,0,0,0,0,0,74,0,0,0,0,19,0,0,0
MD90-917,margo,5.75,41.298,17.613,0,5,0,28,0,0,0,0,0,0,154,11,0,0,0,26,0,0,141,0,0,0,0,0,0,0,93,0,0,0,0,32,0,0,0
MD90-917,margo,5.8,41.298,17.613,0,1,0,2,0,0,0,0,0,0,118,2,0,0,0,17,1,0,83,0,0,0,0,0,0,0,71,0,0,0,0,41,0,0,0
MD90-917,margo,5.85,41.298,17.613,0,1,0,6,0,0,0,0,0,0,103,6,0,0,0,13,0,0,73,0,0,0,0,0,0,0,59,0,0,0,0,61,0,0,0
MD90-917,margo,5.9,41.298,17.613,0,0,0,2,0,0,0,0,0,0,85,3,0,1,0,27,0,0,77,0,0,0,0,0,0,0,189,0,0,0,0,50,0,0,0
MD90-917,margo,5.95,41.298,17.613,0,1,0,8,0,0,0,0,0,0,136,9,0,0,0,10,0,0,98,0,0,0,0,0,0,0,145,0,0,0,0,43,0,0,0
MD90-917,margo,6,41.298,17.613,0,0,0,15,0,0,0,0,0,0,113,6,0,1,0,54,1,1,86,0,0,0,0,0,0,0,14,0,0,0,0,20,0,0,0
MD90-917,margo,6.05,41.298,17.613,0,1,0,8,0,0,0,0,0,0,136,10,0,1,0,52,0,0,83,0,0,0,2,0,0,0,17,0,0,0,0,34,0,0,0
MD90-917,margo,6.1,41.298,17.613,0,0,0,11,0,1,0,0,0,0,132,7,0,1,0,53,3,1,73,0,0,0,2,0,0,0,16,0,0,0,0,29,0,0,0
MD90-917,margo,6.15,41.298,17.613,0,0,0,5,0,0,0,0,0,0,133,9,0,0,0,42,0,0,83,0,0,0,1,0,0,0,12,0,0,0,0,24,0,0,0
MD90-917,margo,6.2,41.298,17.613,0,0,0,2,0,0,0,0,0,0,93,6,0,0,0,96,2,0,36,0,0,0,7,0,0,0,21,0,0,0,0,33,0,0,0
MD90-917,margo,6.25,41.298,17.613,0,1,0,7,0,0,0,0,0,0,151,14,0,0,0,42,0,0,43,0,0,0,3,0,0,0,10,0,0,0,0,30,0,0,0
SU8107,margo,2.5,35.57,-3.48,1,0,0,0,0,0,0,0,0,1,43,0,0,0,0,116,5,5,247,0,0,0,1,0,0,0,7,0,0,0,0,15,0,0,0
SU8107,margo,2.6,35.57,-3.48,1,0,0,0,0,0,0,0,0,0,46,0,0,1,0,65,7,14,320,0,0,0,5,0,0,0,4,0,0,0,0,14,0,0,0
SU8107,margo,2.7,35.57,-3.48,0,0,0,0,0,0,0,0,0,2,29,0,0,0,0,67,13,9,309,0,0,0,4,0,0,0,10,0,0,0,0,16,0,0,0
SU8107,margo,2.8,35.57,-3.48,3,1,0,0,0,0,0,0,0,0,30,0,0,0,0,35,6,3,180,0,0,0,2,0,0,0,5,0,0,0,0,9,0,0,0
SU8107,margo,2.9,35.57,-3.48,0,0,0,0,0,0,0,0,0,2,33,0,0,0,0,63,3,2,260,0,0,0,4,0,0,0,2,0,0,0,0,13,0,0,0
SU8107,margo,3,35.57,-3.48,0,0,0,0,0,0,0,0,0,1,32,0,0,0,0,38,3,2,235,0,0,0,1,0,0,0,8,0,0,0,0,7,0,0,0
SU8107,margo,3.1,35.57,-3.48,0,0,0,0,0,0,0,0,0,0,46,0,0,0,0,75,5,2,229,0,0,0,5,0,0,0,9,0,0,0,0,18,0,0,0
MD84627,margo,0.6,32.14,33.45,0,0,0,161,1,0,0,0,0,0,7,0,0,0,0,1,0,0,115,0,0,0,0,0,0,0,9,0,0,0,0,12,0,0,0
MD84627,margo,0.7,32.14,33.45,0,0,0,263,0,0,0,0,0,0,6,0,0,0,0,0,1,0,98,0,0,0,0,0,0,0,12,0,0,0,0,10,0,0,0
MD84627,margo,0.8,32.14,33.45,0,0,0,373,0,0,0,0,0,0,12,0,0,0,0,0,0,0,127,0,0,0,0,0,0,0,7,0,0,0,0,7,0,0,0
MD84629,margo,1.6,32.04,34.21,0,9,0,0,2,0,0,0,0,1,7,0,1,6,0,0,0,0,67,0,0,0,1,0,0,0,2,0,0,0,0,10,0,0,0
MD84629,margo,1.65,32.04,34.21,4,0,0,0,1,0,0,0,0,0,11,0,0,0,0,3,2,0,87,0,0,0,2,0,0,0,1,0,0,0,0,1,0,0,0
MD84629,margo,1.7,32.04,34.21,0,15,0,0,0,0,0,0,0,0,15,0,0,5,0,1,2,0,37,0,0,0,0,0,0,0,4,0,0,0,0,4,0,0,0
MD84629,margo,1.75,32.04,34.21,0,0,0,0,0,1,0,0,0,0,10,0,0,0,0,1,0,0,71,0,0,0,1,0,0,0,2,0,0,0,0,5,0,0,0
MD84629,margo,1.8,32.04,34.21,0,9,0,0,1,0,0,0,1,0,166,1,0,11,0,1,1,0,122,0,0,0,0,0,0,0,7,0,0,0,0,5,0,0,0
MD84629,margo,1.85,32.04,34.21,0,0,0,0,1,0,0,0,0,0,72,1,0,0,0,2,0,0,69,0,0,0,0,0,0,0,0,0,0,0,0,0,0,0,0
MD84629,margo,1.9,32.04,34.21,0,5,0,0,0,0,0,0,0,0,131,0,0,12,0,6,3,0,33,0,0,0,0,0,0,0,3,0,0,0,0,3,0,0,0
MD84629,margo,1.95,32.04,34.21,0,0,0,0,0,3,0,0,0,1,161,0,0,0,0,0,3,0,51,0,0,0,2,0,0,0,0,0,0,0,0,4,0,0,0
MD84629,margo,2,32.04,34.21,0,0,0,0,0,0,0,0,0,0,199,0,0,1,0,40,3,0,109,0,0,0,1,0,0,0,5,0,0,0,0,17,0,0,0
MD84641,margo,0.83,33.02,32.38,0,1,0,0,0,0,0,0,0,0,4,0,0,0,0,0,1,0,63,0,0,0,0,0,0,0,2,0,0,0,0,3,0,0,0
MD84641,margo,0.87,33.02,32.38,2,0,0,0,0,0,0,0,0,0,8,0,0,1,0,0,0,0,64,0,0,0,0,0,0,0,7,0,0,0,0,8,0,0,0
MD84641,margo,0.9,33.02,32.38,0,0,0,0,0,0,0,0,0,0,17,0,0,0,0,0,1,0,110,0,0,0,0,0,0,0,8,0,0,0,0,6,0,0,0
MD84641,margo,0.93,33.02,32.38,1,0,0,0,0,0,0,0,0,0,7,0,0,0,0,0,1,0,99,0,0,0,0,0,0,0,11,0,0,0,0,9,0,0,0
MD84641,margo,0.97,33.02,32.38,3,0,0,0,0,0,0,0,0,0,20,0,0,6,0,0,0,0,78,0,0,0,0,0,0,0,17,0,0,0,0,11,0,0,0
MD84641,margo,1,33.02,32.38,0,0,0,0,0,1,0,0,0,0,58,0,0,1,0,3,5,0,99,0,0,0,0,0,0,0,17,0,0,0,0,7,0,0,0
RC9191,margo,1.28,38.2,18.033,0,0,0,0,2,0,0,0,0,0,90,0,0,0,0,1,2,0,147,0,0,0,1,0,0,0,22,0,0,0,0,36,0,0,0
RC9191,margo,1.36,38.2,18.033,0,0,0,0,0,0,0,0,0,0,108,0,0,0,0,6,5,0,142,0,0,0,1,0,0,0,18,0,0,0,0,42,0,0,0
RC9191,margo,1.46,38.2,18.033,0,0,0,0,0,0,0,0,0,1,73,0,0,1,0,9,1,0,184,0,0,0,0,0,0,0,68,0,0,0,0,40,0,0,0
RC9191,margo,1.56,38.2,18.033,0,1,0,0,0,0,0,0,0,0,90,0,0,1,0,14,5,0,199,0,0,0,0,0,0,0,38,0,0,0,0,50,0,0,0
RC9191,margo,1.65,38.2,18.033,0,0,0,0,0,0,0,0,0,0,110,1,0,0,0,4,3,0,142,0,0,0,0,0,0,0,49,0,0,0,0,80,0,0,0
V10-49,margo,1.17,36.083,26.833,0,0,0,0,0,0,0,0,0,2,32,0,0,1,0,4,4,0,193,0,0,0,1,0,0,0,30,0,0,0,0,81,0,0,0
V10-51,margo,1.31,35.917,27.3,3,0,0,0,0,0,0,0,0,0,17,0,0,0,0,5,2,0,139,0,0,0,0,0,0,0,16,0,0,0,0,30,0,0,0
V10-51,margo,1.41,35.917,27.3,0,1,0,0,0,0,0,0,0,0,27,0,0,0,0,3,0,0,110,0,0,0,0,0,0,0,19,0,0,0,0,45,0,0,0
V10-51,margo,1.51,35.917,27.3,1,1,0,0,0,0,0,0,0,0,82,0,0,1,0,14,5,0,203,0,0,0,2,0,0,0,41,0,0,0,0,49,0,0,0
80KB11,margo,0.89,36.5,24.3,2,0,0,0,0,0,0,0,0,0,58,0,0,0,0,31,4,0,134,0,0,0,5,0,0,0,7,0,0,0,0,26,0,0,0
ODP 977,margo,3.56,36.19,-1.573,0,0,0,2,0,0,0,0,2,0,22,0,0,1,0,13,4,0,369,0,0,0,2,0,0,0,0,0,0,0,0,5,0,0,0
ODP 977,margo,3.66,36.19,-1.573,1,0,0,4,0,0,0,0,0,0,17,0,0,0,0,10,4,0,453,0,0,0,1,0,0,0,0,0,0,0,0,11,0,0,0
ODP 977,margo,3.76,36.19,-1.573,0,0,0,3,0,0,0,0,0,0,36,0,0,1,0,6,5,0,387,0,0,0,4,0,0,0,0,0,0,0,0,9,0,0,0
ODP 977,margo,3.96,36.19,-1.573,1,0,0,4,0,0,0,0,0,0,66,0,0,1,0,6,3,0,414,0,0,0,1,0,0,0,0,0,0,0,0,13,0,0,0
ODP 977,margo,4.02,36.19,-1.573,0,0,0,3,0,0,0,0,0,0,67,0,0,1,0,15,2,0,273,0,0,0,4,0,0,0,0,0,0,0,0,11,0,0,0
BS79-22,margo,2.85,38.231,14.23,0,0,0,20,3,0,0,0,0,0,12,8,0,0,0,33,0,0,67,0,0,0,0,0,0,0,28,0,0,0,0,59,0,0,0
BS79-22,margo,2.88,38.231,14.23,0,0,0,26,2,0,0,0,0,0,30,15,0,0,0,67,0,0,97,0,0,0,0,0,0,0,38,0,0,0,0,104,0,0,0
BS79-22,margo,2.91,38.231,14.23,0,0,0,58,1,0,0,0,0,0,71,30,0,0,0,75,0,2,141,0,0,0,1,0,0,0,56,0,0,0,0,116,0,0,0
BS79-22,margo,2.94,38.231,14.23,0,0,0,26,0,0,0,0,0,0,22,11,0,0,0,35,0,0,63,0,0,0,2,0,0,0,18,0,0,0,0,39,0,0,0
BS79-22,margo,2.97,38.231,14.23,0,0,0,30,0,0,0,0,0,0,29,17,0,0,0,32,0,1,49,0,0,0,0,0,0,0,24,0,0,0,0,54,0,0,0
BS79-22,margo,3,38.231,14.23,0,0,0,36,0,0,0,0,1,0,29,14,0,0,0,39,0,0,76,0,0,0,0,0,0,0,20,0,0,0,0,59,0,0,0
BS79-22,margo,3.03,38.231,14.23,0,0,0,44,0,0,0,0,0,0,59,28,0,0,0,57,0,4,128,0,0,0,0,0,0,0,42,0,0,0,0,99,0,0,0
BS79-22,margo,3.06,38.231,14.23,0,0,0,18,0,0,0,0,0,0,31,18,0,0,0,16,0,0,44,0,0,0,1,0,0,0,18,0,0,0,0,38,0,0,0
BS79-22,margo,3.09,38.231,14.23,0,0,0,42,0,0,0,0,0,0,48,22,0,0,0,17,0,1,71,0,0,0,0,0,0,0,27,0,0,0,0,61,0,0,0
BS79-22,margo,3.12,38.231,14.23,0,0,0,53,0,0,0,0,0,0,38,24,0,0,0,32,0,0,80,0,0,0,0,0,0,0,57,0,0,0,0,91,0,0,0
BS79-22,margo,3.15,38.231,14.23,0,0,0,64,0,0,0,0,0,0,52,37,0,0,0,44,0,0,86,0,0,0,0,0,0,0,38,0,0,0,0,82,0,0,0
BS79-22,margo,3.18,38.231,14.23,0,0,0,31,2,0,0,0,0,0,53,31,0,0,0,59,0,0,98,0,0,0,2,0,0,0,41,0,0,0,0,111,0,0,0
BS79-22,margo,3.21,38.231,14.23,0,0,0,27,0,0,0,0,0,0,30,11,0,0,0,28,0,0,54,0,0,0,0,0,0,0,20,0,0,0,0,67,0,0,0
BS79-22,margo,3.24,38.231,14.23,0,0,0,14,0,0,0,0,0,0,34,13,0,0,0,21,0,0,46,0,0,0,0,0,0,0,26,0,0,0,0,57,0,0,0
BS79-22,margo,3.27,38.231,14.23,0,0,0,34,1,0,0,0,0,0,33,21,0,0,0,29,0,0,64,0,0,0,0,0,0,0,41,0,0,0,0,79,0,0,0
BS79-22,margo,3.3,38.231,14.23,1,0,0,41,0,0,0,0,0,0,53,20,0,0,0,27,0,0,60,0,0,0,0,0,0,0,24,0,0,0,0,93,0,0,0
BS79-22,margo,3.33,38.231,14.23,0,0,0,45,1,0,0,0,0,0,38,19,0,0,0,46,0,0,73,0,0,0,0,0,0,0,15,0,0,0,0,104,0,0,0
BS79-22,margo,3.36,38.231,14.23,0,0,0,36,0,0,0,0,0,0,24,14,0,0,0,18,0,0,48,0,0,0,0,0,0,0,13,0,0,0,0,52,0,0,0
BS79-22,margo,3.39,38.231,14.23,0,0,0,40,0,0,0,0,0,0,40,23,0,0,0,24,0,0,60,0,0,0,0,0,0,0,35,0,0,0,0,73,0,0,0
BS79-22,margo,3.42,38.231,14.23,0,0,0,38,0,0,0,0,0,0,24,8,0,0,0,28,0,0,32,0,0,0,0,0,0,0,34,0,0,0,0,42,0,0,0
BS79-22,margo,3.45,38.231,14.23,0,0,0,30,3,0,0,0,0,0,18,7,0,0,0,22,0,0,60,0,0,0,1,0,0,0,32,0,0,0,0,53,0,0,0
BS79-33,margo,3.25,38.157,14.018,0,0,0,39,0,0,0,0,1,0,41,14,0,0,0,48,0,7,96,0,0,0,0,0,0,0,42,0,0,0,0,75,0,0,0
BS79-33,margo,3.3,38.157,14.018,0,0,0,20,0,0,0,0,0,0,54,17,0,0,0,53,0,7,80,0,0,0,1,0,0,0,42,0,0,0,0,63,0,0,0
BS79-33,margo,3.35,38.157,14.018,0,0,0,45,0,0,0,0,0,0,64,22,0,0,0,41,0,9,78,0,0,0,1,0,0,0,33,0,0,0,0,39,0,0,0
BS79-33,margo,3.4,38.157,14.018,0,0,0,29,0,0,0,0,0,0,74,14,0,0,0,27,0,0,65,0,0,0,0,0,0,0,60,0,0,0,0,51,0,0,0
BS79-33,margo,3.45,38.157,14.018,0,0,0,34,0,0,0,0,0,0,74,19,0,0,0,35,0,4,82,0,0,0,0,0,0,0,25,0,0,0,0,39,0,0,0
BS79-33,margo,3.5,38.157,14.018,0,0,0,56,0,0,0,0,0,0,66,37,0,0,0,30,0,0,73,0,0,0,1,0,0,0,31,0,0,0,0,49,0,0,0
BS79-33,margo,3.55,38.157,14.018,0,0,0,37,0,0,0,0,0,0,67,18,0,0,0,53,0,1,54,0,0,0,0,0,0,0,50,0,0,0,0,64,0,0,0
BS79-33,margo,3.6,38.157,14.018,0,0,0,62,0,0,0,0,0,0,55,19,0,0,0,33,0,4,81,0,0,0,0,0,0,0,39,0,0,0,0,70,0,0,0
BS79-33,margo,3.65,38.157,14.018,1,0,0,46,0,0,0,0,0,0,60,20,0,0,0,39,0,2,78,0,0,0,0,0,0,0,30,0,0,0,0,61,0,0,0
BS79-33,margo,3.7,38.157,14.018,0,0,0,48,0,0,0,0,0,0,71,27,0,0,0,28,0,3,82,0,0,0,2,0,0,0,32,0,0,0,0,49,0,0,0
BS79-33,margo,3.75,38.157,14.018,0,0,0,31,0,0,0,0,1,0,51,25,0,0,0,40,0,1,76,0,0,0,1,0,0,0,42,0,0,0,0,75,0,0,0
BS79-33,margo,3.8,38.157,14.018,0,0,0,42,0,0,0,0,0,0,52,16,0,0,0,29,0,0,60,0,0,0,0,0,0,0,37,0,0,0,0,65,0,0,0
BS79-33,margo,3.85,38.157,14.018,0,2,2,21,0,0,0,0,0,0,71,20,0,0,0,40,0,3,54,0,0,0,1,0,0,0,39,0,0,0,0,86,0,0,0
BS79-37,margo,2.4,38.215,13.269,0,0,0,7,2,0,0,0,0,0,143,36,0,0,0,25,4,0,165,0,0,0,0,0,0,0,17,0,0,0,0,72,0,0,0
BS79-37,margo,2.44,38.215,13.269,0,0,0,0,0,0,0,0,0,0,88,43,0,0,0,26,1,0,94,0,0,0,1,0,0,0,24,0,0,0,0,126,0,0,0
BS79-37,margo,2.48,38.215,13.269,0,0,0,0,0,0,0,0,0,0,80,27,0,0,0,46,5,0,73,0,0,0,1,0,0,0,44,0,0,0,0,132,0,0,0
BS79-38,margo,3.975,38.247,13.346,0,0,0,0,0,0,0,0,0,0,60,28,0,0,0,30,0,0,0,0,0,0,0,0,0,0,43,0,0,0,0,79,0,0,0
BS79-38,margo,4.025,38.247,13.346,0,0,0,0,1,0,0,0,0,0,47,24,0,0,0,36,0,0,0,0,0,0,1,0,0,0,53,0,0,0,0,71,0,0,0
BS79-38,margo,4.05,38.247,13.346,0,0,0,0,0,0,0,0,0,0,36,23,0,0,0,66,0,0,0,0,0,0,0,0,0,0,65,0,0,0,0,95,0,0,0
BS79-38,margo,4.075,38.247,13.346,0,2,0,4,0,0,0,0,0,0,42,14,0,0,0,31,0,0,0,0,0,0,0,0,0,0,50,0,0,0,0,75,0,0,0
BS79-38,margo,4.125,38.247,13.346,0,0,0,7,0,0,0,0,0,0,38,21,0,0,0,37,0,1,0,0,0,0,0,0,0,0,55,0,0,0,0,78,0,0,0
BS79-38,margo,4.175,38.247,13.346,0,0,0,0,2,0,0,0,0,0,44,15,0,0,0,38,0,0,0,0,0,0,3,0,0,0,40,0,0,0,0,97,0,0,0
BS79-38,margo,4.2,38.247,13.346,0,0,1,1,0,0,0,0,1,0,20,13,0,0,0,6,0,0,11,0,0,0,4,1,0,0,3,0,0,0,0,10,0,0,0
BS79-38,margo,4.225,38.247,13.346,0,0,2,3,1,0,0,0,7,0,105,47,0,0,0,37,0,0,0,0,0,0,9,2,0,0,28,0,0,0,0,93,0,0,0
BS79-38,margo,4.275,38.247,13.346,0,0,0,0,0,0,0,0,3,0,51,26,0,0,0,41,0,0,0,0,0,0,17,2,0,0,37,0,0,0,0,70,0,0,0
BS79-38,margo,4.325,38.247,13.346,0,0,0,3,0,0,0,0,0,0,51,28,0,0,0,60,0,0,0,0,0,0,19,0,0,0,44,0,0,0,0,72,0,0,0
BS79-38,margo,4.35,38.247,13.346,0,1,0,8,0,1,0,0,2,0,9,24,0,0,0,107,3,0,0,0,0,0,24,0,0,0,42,0,0,0,0,81,0,0,0
BS79-38,margo,4.375,38.247,13.346,0,0,0,11,0,0,0,0,3,0,41,31,0,0,0,59,0,0,0,0,0,0,14,0,0,0,44,0,0,0,0,71,0,0,0
BS79-38,margo,4.4,38.247,13.346,0,0,0,5,0,0,0,0,0,0,38,38,0,0,0,40,0,1,83,0,0,0,1,0,0,0,54,0,0,0,0,41,0,0,0
BS79-38,margo,4.425,38.247,13.346,1,0,0,2,0,0,0,0,0,0,32,30,0,0,0,37,0,0,0,0,0,0,2,0,0,0,48,0,0,0,0,35,0,0,0
BS79-38,margo,4.45,38.247,13.346,0,0,0,1,1,0,0,0,0,0,58,50,0,0,0,66,0,0,49,0,0,0,0,0,0,0,94,0,0,0,0,60,0,0,0
BS79-38,margo,4.475,38.247,13.346,1,0,0,4,1,0,0,0,0,0,57,33,0,0,0,43,0,1,0,0,0,0,2,0,0,0,70,0,0,0,0,56,0,0,0
BS79-38,margo,4.525,38.247,13.346,0,0,0,4,0,0,0,0,1,0,67,25,0,0,0,41,0,0,0,0,0,0,1,0,0,0,60,0,0,0,0,58,0,0,0
BS79-38,margo,4.55,38.247,13.346,0,0,0,3,0,0,0,0,0,0,60,32,0,0,0,131,0,0,28,0,0,0,0,0,0,0,76,0,0,0,0,93,0,0,0
BS79-38,margo,4.575,38.247,13.346,0,0,0,4,0,0,0,0,0,0,52,24,0,0,0,43,0,0,0,0,0,0,2,0,0,0,49,0,0,0,0,60,0,0,0
BS79-38,margo,4.6,38.247,13.346,0,0,0,25,0,0,0,0,0,0,40,21,0,0,0,108,0,2,75,0,0,0,4,0,0,0,85,0,0,0,0,80,0,0,0
BS79-38,margo,4.625,38.247,13.346,0,1,0,16,2,0,0,0,0,0,28,16,0,0,0,91,1,0,0,0,0,0,4,0,0,0,45,0,0,0,0,63,0,0,0
BS79-38,margo,4.65,38.247,13.346,0,0,0,10,0,0,0,0,0,0,30,15,0,0,0,125,0,2,0,0,0,0,1,0,0,0,63,0,0,0,0,79,0,0,0
BS79-38,margo,4.675,38.247,13.346,0,0,0,9,0,0,0,0,0,0,38,16,0,0,0,92,0,0,0,0,0,0,3,0,0,0,45,0,0,0,0,65,0,0,0
BS79-38,margo,4.7,38.247,13.346,1,0,0,33,0,0,0,0,0,0,36,18,0,0,0,64,0,0,0,0,0,0,0,0,0,0,47,0,0,0,0,70,0,0,0
RC9-178,margo,0.5,33.733,27.917,0,0,0,79,0,0,0,0,0,0,29,0,0,0,0,0,2,0,69,0,0,0,0,0,0,0,28,0,0,0,0,20,0,0,0
RC9-178,margo,0.61,33.733,27.917,0,0,0,90,0,0,0,0,0,0,59,0,0,0,0,15,3,0,128,0,0,0,0,0,0,0,32,0,0,0,0,22,0,0,0
RC9-178,margo,0.665,33.733,27.917,0,1,0,68,0,0,0,0,0,0,71,0,0,0,0,15,6,0,101,0,0,0,0,0,0,0,25,0,0,0,0,30,0,0,0
MD992344,margo,2.47,41.997,4.836,0,0,0,0,0,0,0,0,0,0,250,0,0,0,0,172,0,0,3,0,0,0,0,0,0,0,14,0,0,0,0,28,0,0,0
MD992344,margo,2.53,41.997,4.836,1,0,0,1,0,0,0,0,0,1,113,0,0,0,0,69,0,0,8,0,0,0,0,0,0,0,0,0,0,0,0,2,0,0,0
MD992344,margo,2.63,41.997,4.836,0,0,0,11,0,0,0,0,0,2,373,0,0,0,0,130,7,0,125,0,0,0,28,0,0,0,12,0,0,0,0,37,0,0,0
MD992344,margo,2.69,41.997,4.836,0,0,0,0,0,0,0,0,0,0,61,0,0,0,0,42,0,0,2,0,0,0,0,0,0,0,8,0,0,0,0,8,0,0,0
LC21,margo,275.5,35.66,26.58,0,0,0,36,0,0,0,0,1,0,18,0,0,2,0,5,0,0,64,0,0,0,0,0,0,0,10,0,0,0,0,31,0,0,0
LC21,margo,281.5,35.66,26.58,0,0,0,57,0,0,0,0,0,0,25,0,0,2,0,0,0,0,66,0,0,0,0,0,0,0,13,0,0,0,0,10,0,0,0
LC21,margo,289.5,35.66,26.58,0,0,0,55,0,0,0,0,0,0,21,0,0,4,0,10,3,0,90,0,0,0,0,0,0,0,22,0,0,0,0,91,0,0,0
LC21,margo,296,35.66,26.58,0,0,0,15,0,0,0,0,0,0,7,0,0,2,0,5,0,0,37,0,0,0,0,0,0,0,11,0,0,0,0,23,0,0,0
LC21,margo,303.5,35.66,26.58,0,0,0,43,0,1,0,0,0,0,28,0,0,2,0,7,1,0,59,0,0,0,0,0,0,0,5,0,0,0,0,34,0,0,0
LC21,margo,310.5,35.66,26.58,0,0,0,45,0,0,0,0,0,0,23,0,0,4,0,31,2,0,64,0,0,0,0,0,0,0,17,0,0,0,0,44,0,0,0
LC21,margo,317,35.66,26.58,0,0,0,40,0,0,0,0,0,0,13,0,0,2,0,1,0,0,81,0,0,0,0,0,0,0,21,0,0,0,0,18,0,0,0
LC21,margo,324.5,35.66,26.58,0,0,0,22,0,0,0,0,0,0,25,0,0,4,0,20,0,0,50,0,0,0,0,0,0,0,17,0,0,0,0,16,0,0,0
LC07,margo,0.685,38.14,10.07,0,0,0,8,0,0,0,0,0,0,60,0,0,1,0,52,1,0,44,0,0,0,2,0,0,0,13,0,0,0,0,38,0,0,0
LC07,margo,0.805,38.14,10.07,0,0,0,8,0,0,0,0,0,0,35,0,0,0,0,40,0,0,18,0,0,0,10,0,0,0,12,0,0,0,0,20,0,0,0
LC07,margo,0.865,38.14,10.07,0,0,0,7,0,0,0,0,0,0,36,0,0,0,0,31,0,0,28,0,0,0,5,0,0,0,3,0,0,0,0,13,0,0,0
ODP 975,margo,1.13,38.89,4.5,0,0,0,0,0,1,0,0,1,0,221,0,0,0,0,75,1,0,134,0,0,0,0,0,0,0,40,0,0,0,0,117,0,0,0
ODP 975,margo,1.165,38.89,4.5,0,0,0,2,0,0,0,0,0,0,139,0,0,0,0,80,4,0,45,0,0,0,2,0,0,0,41,0,0,0,0,90,0,0,0
ODP 975,margo,1.225,38.89,4.5,0,0,0,5,0,0,0,0,0,0,302,0,0,0,0,126,2,0,48,0,0,0,4,3,0,0,147,0,0,0,0,93,0,0,0
ODP 975,margo,1.285,38.89,4.5,1,0,1,39,0,0,0,0,1,0,160,0,0,0,0,91,0,0,34,0,0,0,1,0,0,0,66,0,0,0,0,55,0,0,0
ODP 975,margo,1.325,38.89,4.5,0,0,0,32,0,0,0,0,0,0,134,0,0,0,0,144,0,0,61,0,0,0,0,0,0,0,109,0,0,0,0,68,0,0,0
LC01,margo,0.682,40.26,6.887,2,0,0,36,0,0,0,0,1,0,133,0,0,0,0,137,0,0,31,0,0,0,0,0,0,0,91,0,0,0,0,43,0,0,0
LC01,margo,0.71,40.26,6.887,0,0,0,55,0,0,0,0,0,0,153,0,0,0,0,35,1,0,31,0,0,0,1,0,0,0,54,0,0,0,0,30,0,0,0
LC01,margo,0.757,40.26,6.887,0,0,0,42,0,0,0,0,2,0,94,0,0,1,0,76,0,0,32,0,0,0,0,0,0,0,58,0,0,0,0,40,0,0,0
LC01,margo,0.787,40.26,6.887,0,0,0,20,0,0,0,0,1,0,169,0,0,0,0,225,0,0,48,0,0,0,0,0,0,0,69,0,0,0,0,57,0,0,0
LC04,margo,0.832,38.65,6.11,0,0,0,20,0,0,0,0,4,0,89,0,0,0,0,21,2,0,42,0,0,0,0,0,0,0,22,0,0,0,0,32,0,0,0
LC04,margo,0.912,38.65,6.11,0,0,0,54,0,0,0,0,2,0,108,0,0,1,0,53,0,0,85,0,0,0,0,0,0,0,69,0,0,0,0,82,0,0,0
LC04,margo,0.997,38.65,6.11,0,0,0,56,0,0,0,0,1,0,83,0,0,4,0,25,0,0,73,0,0,0,0,0,0,0,43,0,0,0,0,52,0,0,0
ODP 969,margo,0.605,33.839,24.884,0,1,0,74,0,0,0,0,1,0,49,0,0,0,0,16,2,0,94,0,0,0,0,0,0,0,56,0,0,0,0,32,0,0,0
ODP 969,margo,0.625,33.839,24.884,0,1,0,74,0,0,0,0,0,0,28,0,0,0,0,11,1,0,82,0,0,0,0,0,0,0,27,0,0,0,0,24,0,0,0
ODP 969,margo,0.645,33.839,24.884,0,0,0,139,0,0,0,0,0,0,49,0,0,1,0,8,0,0,129,0,0,0,0,0,0,0,45,0,0,0,0,54,0,0,0
ODP 969,margo,0.665,33.839,24.884,0,0,0,98,0,0,0,0,0,0,45,0,0,1,0,12,0,0,98,0,0,0,0,0,0,0,39,0,0,0,0,42,0,0,0
ODP 969,margo,0.685,33.839,24.884,0,0,0,119,0,0,0,0,0,0,36,1,0,0,0,7,0,0,84,0,0,0,0,0,0,0,35,0,0,0,0,54,0,0,0
ODP 973,margo,0.945,35.78,18.948,0,0,0,28,1,0,1,0,2,0,44,0,0,0,0,12,0,0,33,0,0,0,0,0,0,0,107,0,0,0,0,62,0,0,0
ODP 973,margo,0.985,35.78,18.948,0,0,0,91,0,0,0,0,3,0,62,0,0,3,0,6,2,0,90,0,0,0,1,0,0,0,60,0,0,0,0,47,0,0,0
KL96,margo,0.455,32.77,19.19,0,0,0,181,0,0,0,0,0,0,15,0,0,3,0,2,2,0,42,0,0,0,0,0,0,0,25,0,0,0,0,1,0,0,0
KL96,margo,0.505,32.77,19.19,1,0,0,145,0,0,0,0,0,0,16,0,0,2,0,3,2,0,43,0,0,0,0,0,0,0,31,0,0,0,0,4,0,0,0
