Latitude,Longitude,O. universa,G. conglobatus,G. ruber ruber,G. ruber albus,G. tenella,T. sacculifer,S. dehiscens,G. adamsi,G. siphonifera,G. calida,G. bulloides,G. falconensis,G. digitata,G. rubescens,T. humilis,T. quinqueloba,N. pachyderma,N. incompta,N. dutertrei,G. conglomerata,G. hexagonus,P. obliquiloculata,G. inflata,G. truncatulinoides,G. crassaformis,G. crassa,G. hirsuta,G. scitula,D. anfracta,G. menardii,G. tumida,C. nitida,G. glutinata,G. theyeri,T. iota,G. uvula,SST
-6.5823,10.3186,48.8,0.0,20.1,18.8,0.0,7.9,0.0,,3.0,1.1,143.4,0.0,2.8,1.1,0.0,0.9,0.8,59.4,19.0,0.0,0.0,0.1,99.2,0.1,11.4,,0.0,12.0,0.0,0.0,0.0,0.1,4.5,4.9,0.0,,23.109647042573236
-11.7705,11.6819,68.6666666666667,0.0,14.3333333333333,12.6666666666667,0.333333333333333,15.3333333333333,1.0,,2.0,0.666666666666667,75.6666666666667,0.333333333333333,10.6666666666667,1.66666666666667,0.0,0.666666666666667,0.666666666666667,57.6666666666667,23.3333333333333,0.0,0.0,0.0,131.0,0.0,6.0,,0.0,21.6666666666667,0.0,2.33333333333333,1.0,0.0,9.0,12.3333333333333,0.0,,22.267768416124724
-20.104,9.1858,14.5,0.0,0.0,4.0,0.0,0.0,0.0,,1.5,1.5,162.0,0.0,0.5,1.0,0.0,12.5,81.0,173.0,4.5,0.0,0.0,0.0,56.0,1.0,1.0,,0.0,5.5,0.0,0.0,0.0,0.0,30.0,0.0,0.0,,18.523291840691495
-21.88,7.1017,14.5,0.5,3.5,15.0,3.0,0.0,0.0,,2.0,11.5,89.0,3.5,2.5,2.0,0.0,12.5,19.5,150.5,10.5,0.0,0.0,0.0,79.0,11.0,0.0,,3.0,2.0,0.0,0.0,0.0,0.0,30.5,0.0,0.0,,17.06071953746672
1.6583,-10.98,12.0,3.0,1.0,41.5,0.0,83.5,0.0,,11.5,1.0,14.5,0.0,1.5,0.0,0.0,0.0,0.0,74.0,221.5,0.0,0.0,29.5,71.5,3.0,14.5,,0.0,0.0,0.0,0.5,0.0,0.0,0.5,3.5,0.0,,22.918470092759243
-1.665,-12.4283,8.0,0.0,0.0,54.0,3.0,15.0,0.0,,5.0,2.0,94.0,4.0,0.0,12.0,0.0,0.0,2.0,72.0,36.0,0.0,0.0,0.0,118.0,7.0,11.0,,0.0,4.0,0.0,0.0,0.0,0.0,36.0,0.0,0.0,,22.015093174568445
-5.7783,-10.75,22.0,0.5,8.0,79.0,0.0,64.0,0.0,,19.0,2.5,81.5,3.0,1.0,2.5,0.0,1.5,1.0,74.5,33.0,0.0,0.0,0.0,122.0,7.0,12.0,,0.0,0.0,0.0,0.0,0.0,0.0,32.0,0.0,0.0,,22.56813179975349
-3.5583,-12.58,20.5,0.0,28.0,74.0,1.0,39.5,0.0,,9.5,3.5,125.0,0.0,0.5,3.5,0.0,1.0,1.0,57.5,68.5,0.0,0.0,0.5,151.5,5.0,7.0,,0.5,5.5,0.0,0.0,0.0,0.0,39.0,2.0,0.0,,22.521630938450222
-3.815,-14.8967,9.0,0.0,5.33333333333333,42.0,2.0,46.0,0.0,,10.6666666666667,2.33333333333333,37.6666666666667,0.666666666666667,0.0,4.33333333333333,0.0,6.33333333333333,4.0,61.3333333333333,31.3333333333333,0.0,0.0,4.0,92.3333333333333,9.0,12.0,,0.0,0.666666666666667,0.0,1.0,0.0,0.0,25.3333333333333,0.0,0.0,,22.61533661058427
-24.69,7.24,8.5,0.0,0.0,51.5,4.5,4.5,0.0,,8.5,0.5,131.5,1.0,1.0,11.5,0.0,11.0,22.5,219.0,1.0,0.0,0.0,0.0,105.0,14.5,2.0,,4.0,3.0,0.0,0.0,0.0,0.0,48.5,0.0,1.5,,15.828021714957327
-24.0333,5.3067,9.5,1.0,31.5,0.0,1.5,0.0,0.0,,4.0,4.0,66.0,4.0,0.0,9.0,1.0,0.0,15.5,117.0,0.0,0.0,0.0,0.0,54.0,24.0,1.5,,3.0,3.5,0.0,0.0,0.0,0.0,17.5,0.0,0.0,,15.665147126265708
-35.2067,-26.765,1.0,0.0,0.0,34.0,0.0,0.0,0.0,,0.0,0.0,102.0,0.0,0.0,0.0,0.0,0.0,2.0,443.0,0.0,0.0,0.0,0.0,101.0,23.0,0.0,,10.0,0.0,2.0,0.0,0.0,0.0,2.0,0.0,0.0,,14.866317720611026
1.95,3.5517,17.8,1.6,106.2,65.6,0.4,43.0,0.0,,19.8,3.0,18.8,0.6,3.2,11.4,0.2,0.2,0.8,46.6,170.6,0.0,0.0,0.0,76.4,0.2,24.4,,1.0,6.2,0.0,0.0,0.2,0.0,41.2,2.6,0.0,,23.019176373555798
-29.45,11.75,3.5,0.0,0.0,25.0,0.0,1.5,0.0,,3.0,1.0,62.0,0.0,0.5,4.5,0.0,3.0,9.0,292.5,8.5,0.0,0.0,0.0,110.5,14.0,0.0,,4.0,1.5,0.0,0.0,0.0,0.0,17.5,0.0,0.0,,15.120078143190078
-30.87,14.3433,6.33333333333333,0.0,0.0,17.3333333333333,0.333333333333333,4.33333333333333,0.0,,10.0,2.66666666666667,102.333333333333,0.0,0.0,4.66666666666667,1.33333333333333,5.66666666666667,1.0,530.333333333333,10.0,0.0,0.0,0.0,86.6666666666667,16.0,0.0,,5.0,3.0,0.0,0.0,0.0,0.0,12.6666666666667,0.0,0.0,,15.13856290900382
-31.9,-1.33,4.0,0.0,0.0,55.0,0.0,0.0,0.0,,11.0,0.0,227.0,12.0,0.0,7.0,0.0,0.0,4.0,139.0,0.0,0.0,0.0,0.0,98.0,62.0,1.0,,20.0,7.0,3.0,0.0,0.0,0.0,26.0,0.0,1.0,,15.54565585249922
-36.06,-8.7783,1.0,0.0,0.0,10.0,0.0,0.0,0.0,,0.0,0.0,244.0,0.0,0.0,2.0,0.0,25.0,20.0,215.0,0.0,0.0,0.0,0.0,132.0,30.0,3.0,,9.0,0.0,2.0,0.0,0.0,0.0,15.0,0.0,0.0,,13.341688576980541
-36.8333,-14.4033,5.0,0.0,0.0,3.0,0.0,0.0,0.0,,0.0,0.0,186.0,0.0,1.0,0.0,0.0,43.0,42.0,192.0,0.0,0.0,0.0,0.0,141.0,33.0,3.0,,2.0,1.0,0.0,0.0,0.0,0.0,34.0,0.0,0.0,,13.384368305272721
-8.675,-11.845,20.3333333333333,9.0,39.6666666666667,130.0,0.333333333333333,117.666666666667,0.0,,26.6666666666667,22.0,36.6666666666667,1.33333333333333,2.33333333333333,38.3333333333333,1.0,1.0,0.333333333333333,85.6666666666667,77.6666666666667,0.0,0.0,0.0,82.6666666666667,29.6666666666667,20.3333333333333,,0.0,12.0,0.0,0.0,0.0,0.0,80.6666666666667,3.0,0.0,,22.053762060979235
-17.1433,-13.9867,9.5,5.0,37.5,333.5,15.0,81.5,0.0,,26.5,13.0,55.0,2.5,4.0,98.5,2.0,0.0,0.0,7.5,1.0,0.0,0.0,4.0,78.5,44.5,9.0,,0.0,14.5,0.0,5.5,0.0,0.5,81.0,0.0,0.0,,18.820446933442533
-3.6783,-32.0067,6.0,1.0,4.5,176.0,0.0,182.0,0.0,,16.5,2.5,9.5,0.0,0.5,0.0,0.5,0.0,0.0,31.0,50.0,0.0,0.0,0.0,12.5,68.5,5.0,,0.0,1.0,0.0,1.0,0.0,0.0,33.0,3.0,0.0,,23.280441869798466
2.3117,-30.6467,1.0,1.0,47.5,139.5,4.0,62.5,0.0,,8.0,5.0,47.0,22.0,2.5,33.5,0.0,1.5,0.0,80.0,88.0,0.0,0.0,0.5,21.0,34.5,11.0,,0.0,9.0,0.0,0.5,0.5,1.5,118.0,0.0,0.0,,23.56588871871938
2.27,-33.01,3.0,4.0,0.0,268.5,0.5,117.5,0.0,,10.0,0.0,26.5,4.5,2.0,6.0,0.0,0.0,1.5,70.5,76.5,0.0,0.0,1.5,24.0,52.5,18.5,,0.0,2.5,0.5,0.0,0.5,0.0,97.5,0.0,0.0,,23.418596943535185
5.3333,-34.025,5.0,1.0,16.0,180.0,0.0,170.0,0.0,,29.0,6.0,1.0,0.0,0.0,10.0,0.0,0.0,1.0,13.0,40.0,0.0,0.0,0.0,0.0,19.0,10.0,,0.0,6.0,0.0,0.0,0.0,1.0,56.0,0.0,0.0,,23.34609001890322
4.2383,-43.6667,5.0,2.0,2.0,210.0,1.0,136.0,0.0,,10.0,0.0,6.0,0.0,0.0,7.0,0.0,0.0,0.0,10.0,19.0,0.0,0.0,0.0,0.0,41.0,11.0,,0.0,1.0,0.0,0.0,0.0,0.0,72.0,0.0,0.0,,23.15670367602599
-27.9117,-45.8817,0.5,1.5,9.75,169.75,0.25,14.75,0.0,,4.75,0.0,21.5,2.0,0.25,30.75,0.0,0.0,0.0,15.25,1.0,0.0,0.0,0.0,56.75,41.75,0.5,,6.0,4.5,1.25,0.0,0.0,1.75,80.0,0.0,0.0,,20.98442417067168
-25.5117,-35.9983,1.0,30.0,0.0,12.0,0.0,25.0,0.0,,0.0,0.0,6.0,0.0,2.0,0.0,0.0,0.0,0.0,8.0,2.0,0.0,0.0,0.0,37.0,61.0,2.0,,4.0,0.0,0.0,2.0,0.0,0.0,2.0,0.0,0.0,,21.01955585212759
-23.0383,-36.6517,3.0,12.0,0.0,294.0,0.0,29.0,0.0,,2.0,0.0,38.0,0.0,4.0,11.0,0.0,0.0,0.0,3.0,0.0,0.0,0.0,0.0,34.0,18.0,1.0,,0.0,0.0,0.0,0.0,0.0,0.0,5.0,0.0,0.0,,21.557645812353854
-20.8233,-39.8633,1.5,1.5,48.0,259.5,2.5,21.5,0.0,,4.0,6.5,10.0,6.0,0.5,30.0,2.0,0.0,0.0,5.0,9.5,0.0,0.0,0.0,21.5,7.0,3.5,,0.0,1.0,0.0,0.0,0.0,1.5,184.0,0.0,0.0,,21.929142338974707
-8.1983,-34.265,2.5,4.0,66.75,407.0,0.25,56.75,0.0,,12.25,6.75,3.0,0.0,1.5,36.75,0.0,0.0,0.25,0.0,2.5,0.0,0.0,0.0,1.25,14.25,3.75,,0.0,6.5,0.0,0.5,0.0,12.75,120.75,0.0,0.0,,22.923181140615668
0.0067,-23.495,1.0,2.0,3.0,75.0,0.0,65.0,0.0,,6.5,0.0,41.0,4.5,2.0,6.5,0.0,1.0,1.5,130.0,78.5,0.0,0.0,0.0,53.5,44.5,10.0,,0.0,0.0,2.0,0.0,0.0,0.0,48.5,0.0,0.0,,22.883587649809517
-15.68,-9.455,6.5,2.5,0.0,106.0,13.5,43.5,0.0,,12.5,3.5,55.0,41.5,1.0,7.0,0.0,1.0,0.5,36.0,8.0,0.0,0.0,0.5,94.0,34.5,17.0,,0.0,6.0,0.0,0.0,0.0,0.0,45.0,0.0,0.0,,19.059021531496313
-20.3667,-12.7067,6.5,5.5,5.0,172.0,17.0,51.0,0.0,,17.0,5.5,124.5,13.5,2.5,33.0,1.0,1.0,0.0,24.0,6.0,0.0,0.0,0.0,72.0,44.0,12.5,,0.0,12.0,2.0,0.0,0.0,1.0,60.5,0.0,1.0,,18.15117440949485
-15.5367,-17.0683,6.0,6.0,2.0,221.0,0.0,82.0,0.0,,9.0,0.0,85.0,17.0,4.0,48.0,0.0,0.0,0.0,0.0,2.0,0.0,0.0,0.0,50.0,22.0,8.0,,0.0,0.0,1.0,0.0,0.0,1.0,42.0,0.0,0.0,,20.078614912666268
-30.8483,-38.3433,3.0,4.0,0.0,187.0,1.0,13.0,0.0,,5.0,0.0,103.0,9.0,6.0,20.0,0.0,0.0,3.0,159.0,5.0,0.0,0.0,0.0,99.0,79.0,1.0,,19.0,24.0,3.0,0.0,0.0,0.0,34.0,0.0,0.0,,19.02104037099796
-3.6667,-37.7167,1.0,0.8,35.4,213.6,3.8,77.8,0.0,,11.8,2.6,0.0,0.0,0.0,10.0,0.0,0.0,0.0,11.8,24.4,0.0,0.0,0.0,5.0,18.6,1.6,,0.0,0.4,0.0,0.0,0.0,0.6,143.6,0.0,0.0,,23.45590888223454
-4.295,-37.0917,0.714285714285714,0.285714285714286,25.1428571428571,200.857142857143,0.428571428571429,65.2857142857143,0.0,,5.71428571428571,3.57142857142857,0.571428571428572,0.0,0.0,18.1428571428571,0.0,0.0,0.0,10.1428571428571,16.0,0.0,0.0,0.0,2.28571428571429,14.2857142857143,0.428571428571429,,0.0,1.14285714285714,0.0,0.0,0.0,0.142857142857143,102.714285714286,0.0,0.0,,23.37694169462597
-7.0533,-34.4633,2.75,0.25,25.5,280.5,2.75,44.25,0.0,,4.0,0.0,12.75,0.5,0.0,10.5,0.0,0.0,0.0,4.0,2.5,0.0,0.0,2.25,3.0,18.5,1.5,,0.0,0.25,0.0,0.0,0.0,1.5,32.0,0.0,0.0,,23.060692152666974
-7.0117,-34.4417,2.0,1.5,18.75,314.25,1.25,34.25,0.0,,6.0,0.75,10.5,0.5,0.0,15.75,0.0,0.0,0.75,0.5,2.25,0.0,0.0,0.25,4.0,13.75,1.5,,0.0,2.5,0.0,0.0,0.0,8.25,63.75,0.0,0.0,,23.060692152666974
-22.915,6.0367,15.0,0.0,4.5,28.0,4.5,0.5,0.0,,4.5,12.5,74.5,8.0,0.0,3.5,0.0,1.0,12.5,175.5,4.0,0.0,0.0,0.0,87.0,19.0,0.0,,5.0,4.0,0.0,0.0,0.0,0.0,30.0,0.0,0.0,,16.383212372340545
-21.735,5.4217,23.0,0.0,0.0,81.0,0.0,4.0,0.0,,8.0,0.0,136.0,4.0,0.0,5.0,0.0,13.0,13.0,209.0,8.0,0.0,0.0,0.0,170.0,30.0,0.0,,4.0,11.0,0.0,0.0,0.0,0.0,38.0,0.0,0.0,,16.570721798663556
-3.475,-7.6,13.5,0.0,1.0,47.5,0.0,13.5,0.0,,4.0,0.0,74.0,0.0,0.0,0.0,0.0,1.0,1.0,67.0,40.0,0.0,0.0,0.0,158.0,0.5,12.5,,0.0,4.0,0.0,0.0,0.0,0.0,17.5,0.0,0.0,,22.37991780801959
-35.125,17.5433,3.5,0.0,0.0,4.0,0.0,1.5,0.0,,2.5,0.0,68.5,0.5,0.0,0.0,0.0,1.0,3.5,250.0,3.0,0.0,0.0,0.0,54.0,7.0,0.0,,0.0,0.0,0.0,0.0,0.0,0.0,17.0,0.0,0.0,,16.107779823240307
-25.25,12.0217,2.75,0.0,0.0,0.0,0.0,0.0,0.0,,0.25,1.25,47.0,0.0,0.75,0.0,0.0,0.0,8.5,789.5,0.0,0.0,0.0,0.0,64.0,3.0,0.0,,6.5,0.0,0.0,0.0,0.0,0.0,0.25,0.0,0.0,,16.631190444203288
-29.5117,-8.305,3.0,4.0,0.0,72.0,0.0,11.0,0.0,,7.0,0.0,88.0,31.0,1.0,20.0,0.0,2.0,0.0,62.0,0.0,0.0,0.0,0.0,90.0,36.0,3.0,,18.0,0.0,2.0,0.0,0.0,1.0,20.0,0.0,2.0,,16.92874043212572
-30.8117,-14.7117,4.0,3.0,0.0,135.0,0.0,3.0,0.0,,23.0,0.0,184.0,5.0,1.0,21.0,0.0,0.0,5.0,71.0,0.0,0.0,0.0,0.0,118.0,57.0,6.0,,19.0,11.0,11.0,0.0,0.0,1.0,45.0,0.0,1.0,,17.214834789174482
-32.2683,-21.9667,1.0,4.0,0.0,80.0,0.0,3.0,0.0,,2.0,0.0,88.0,12.0,0.0,5.0,0.0,0.0,3.0,177.0,2.0,0.0,0.0,0.0,101.0,49.0,5.0,,17.0,0.0,0.0,0.0,0.0,0.0,22.0,0.0,0.0,,16.60433050562898
-23.825,-16.2583,6.0,5.0,14.0,185.0,0.0,48.0,0.0,,14.0,3.0,48.0,11.0,0.0,74.0,0.0,0.0,0.0,8.0,0.0,0.0,0.0,0.0,69.0,38.0,0.0,,2.0,9.0,0.0,0.0,4.0,20.0,69.0,0.0,0.0,,18.86405129574343
-24.1433,-14.0433,9.5,2.75,9.0,227.75,0.0,34.0,0.0,,32.0,8.25,46.25,8.0,7.75,66.0,0.0,0.25,1.25,7.0,0.0,0.0,0.0,1.0,55.5,41.75,0.75,,2.5,11.5,0.0,0.0,0.0,14.0,89.75,0.0,0.0,,18.50213379474791
-24.1833,-12.0217,9.0,7.0,6.0,156.0,0.0,34.0,0.0,,22.0,1.0,47.0,25.0,6.0,87.0,0.0,0.0,2.0,4.0,0.0,0.0,0.0,0.0,61.0,42.0,5.0,,3.0,14.0,0.0,0.0,0.0,8.0,83.0,0.0,4.0,,18.120754787678774
-19.0867,-10.1917,9.0,1.0,6.0,195.0,0.0,56.0,0.0,,17.0,0.0,86.0,76.0,3.0,59.0,0.0,0.0,0.0,24.0,0.0,0.0,0.0,1.0,91.0,32.0,11.0,,0.0,30.0,3.0,0.0,0.0,3.0,79.0,0.0,3.0,,17.944395650671982
-19.0517,-16.6133,5.0,3.33333333333333,7.66666666666667,163.0,2.33333333333333,56.6666666666667,0.0,,9.0,3.66666666666667,45.6666666666667,26.3333333333333,0.333333333333333,144.0,3.66666666666667,0.333333333333333,8.66666666666667,12.0,1.0,0.0,0.0,0.666666666666667,38.0,24.6666666666667,6.33333333333333,,0.0,6.66666666666667,4.0,0.0,0.666666666666667,2.0,77.6666666666667,0.0,2.33333333333333,,18.88713247950988
51.268,167.7255,0.0,0.0,0.0,0.0,0.0,0.0,0.0,0.0,0.0,0.0,15.7252111577778,0.0,0.0,0.0,0.0,0.0,82.39383792,1.58035775811111,0.0,0.0,0.0,0.0,0.0,0.0,0.0,0.0,0.0,0.0310366232222222,0.0,0.0,0.0,0.0,0.240316777333333,0.0,0.0,0.0,2.938908589758489
51.199,167.768,0.0,0.0,0.0,0.0,0.0,0.0,0.0,0.0,0.0,0.0,10.2108349014,0.021978022,0.0,0.0,0.0,0.0273224044,88.548813077,1.1059145315,0.0,0.0,0.0,0.0,0.0,0.0,0.0,0.0,0.0,0.030492255,0.0,0.0,0.0,0.0,0.0546448087,0.0,0.0,0.0,2.938908589758489
28.148,127.271,1.18733538759091,0.624615387409091,0.0,0.0,0.0054665719090909,5.2635295265,0.0707002721363636,0.0,1.46033903986364,1.22828845618182,6.63923168686364,1.51355100554545,0.0,7.12996169190909,0.0,5.46920239727273,0.0,1.78817713418182,20.7327880431818,0.0,0.0,4.78418230472727,1.98288234004545,0.0,1.71163336340909,0.0,0.377066904227273,0.0017846307727272,0.0,0.0,0.0,0.0,2.37405017972727,0.0,0.0,0.0,21.140803919912386
-41.58333333,-171.5,0.4542676035,0.0,0.0,0.0,0.0,0.0,0.0,0.0,0.0,0.1628664495,16.12922134,3.2309521615,0.0,0.0,0.0,3.299615652,0.1628664495,30.784689715,3.8736256835,0.0,0.0,0.0,28.412031185,0.0,4.105155623,0.0,0.0,0.1628664495,0.0,0.0,0.0,0.0,3.368279142,0.0,0.0,0.0,10.029588197653206
-27.283,-102.083,23.0,300.0,0.0,0.0,130.0,19.0,0.0,0.0,18.0,38.0,61.0,90.0,8.0,15.0,0.0,0.0,0.0,0.0,0.0,3.0,12.0,0.0,20.0,0.0,62.0,0.0,0.0,0.0,0.0,0.0,0.0,2.0,303.0,0.0,0.0,0.0,18.2329931965249
-28.75,172.6,6.0,37.0,0.0,0.0,11.0,15.0,0.0,0.0,36.0,10.0,132.0,230.0,2.0,0.0,0.0,5.0,0.0,130.0,14.0,0.0,0.0,1.0,186.0,0.0,82.0,0.0,12.0,1.0,0.0,0.0,0.0,0.0,50.0,0.0,0.0,0.0,17.82728842140718
-33.233,168.733,18.0,0.0,0.0,0.0,3.0,3.0,0.0,0.0,23.0,3.0,246.0,140.0,0.0,1.0,0.0,7.0,3.0,272.0,48.0,0.0,0.0,3.0,321.0,0.0,37.0,0.0,0.0,0.0,0.0,0.0,0.0,0.0,40.0,0.0,0.0,0.0,15.748194569528764
0.917,-134.317,0.0,0.0,0.0,0.0,0.0,7.0,0.0,0.0,14.0,0.0,19.0,0.0,4.0,0.0,0.0,0.0,0.0,100.0,188.0,17.0,1.0,178.0,5.0,0.0,11.0,0.0,0.0,0.0,0.0,0.0,0.0,0.0,20.0,0.0,0.0,0.0,20.839500985816606
-11.183,-162.917,2.0,61.0,0.0,0.0,46.0,53.0,1.0,0.0,31.0,12.0,8.0,0.0,2.0,17.0,0.0,0.0,0.0,0.0,2.0,0.0,0.0,9.0,0.0,0.0,0.0,0.0,0.0,0.0,0.0,0.0,0.0,0.0,330.0,0.0,0.0,0.0,25.783409012421224
33.083,158.0,11.0,0.0,0.0,0.0,0.0,0.0,0.0,0.0,0.0,1.0,49.0,2.0,0.0,0.0,0.0,1.0,1.0,61.0,80.0,0.0,0.0,0.0,177.0,0.0,10.0,0.0,0.0,2.0,0.0,0.0,0.0,0.0,2.0,0.0,0.0,0.0,16.374198718315203
1.817,-140.05,1.0,0.0,0.0,0.0,1.0,5.0,0.0,0.0,3.0,1.0,9.0,1.0,1.0,3.0,0.0,0.0,0.0,15.0,56.0,4.0,1.0,47.0,1.0,0.0,38.0,0.0,0.0,0.0,0.0,0.0,0.0,0.0,1.0,0.0,0.0,0.0,21.648050977040626
-6.133,-140.85,1.0,18.0,0.0,0.0,35.0,46.0,0.0,0.0,28.0,4.0,58.0,2.0,2.0,10.0,0.0,0.0,0.0,3.0,42.0,51.0,3.0,69.0,0.0,0.0,6.0,0.0,0.0,0.0,0.0,0.0,0.0,0.0,160.0,0.0,0.0,0.0,24.554985326817633
-14.817,-139.967,2.0,14.0,0.0,0.0,73.0,59.0,1.0,0.0,18.0,16.0,17.0,2.0,0.0,20.0,0.0,0.0,0.0,0.0,1.0,4.0,7.0,2.0,0.0,0.0,1.0,0.0,1.0,0.0,0.0,0.0,0.0,2.0,285.0,0.0,0.0,0.0,24.7207695846304
-8.8,-110.8,6.0,17.0,0.0,0.0,1.0,42.0,0.0,0.0,11.0,3.0,50.0,0.0,1.0,3.0,0.0,1.0,0.0,58.0,94.0,22.0,21.0,30.0,2.0,0.0,1.0,0.0,0.0,0.0,0.0,0.0,0.0,0.0,170.0,0.0,0.0,0.0,21.944875623854387
-26.0,169.2,21.0,85.0,0.0,0.0,10.0,37.0,0.0,0.0,42.0,22.0,102.0,180.0,3.0,0.0,0.0,1.0,0.0,40.0,23.0,0.0,0.0,2.0,197.0,0.0,75.0,0.0,2.0,4.0,0.0,0.0,0.0,0.0,111.0,0.0,0.0,0.0,18.764820697156733
15.1,124.133,4.0,76.0,0.0,0.0,16.0,107.0,12.0,0.0,21.0,12.0,35.0,3.0,3.0,4.0,0.0,0.0,0.0,0.0,16.0,0.0,0.0,7.0,0.0,0.0,4.0,0.0,0.0,0.0,0.0,0.0,0.0,1.0,40.0,0.0,0.0,0.0,24.577809876370296
19.083,-170.067,2.0,33.0,0.0,0.0,0.0,7.0,40.0,0.0,1.0,1.0,6.0,0.0,3.0,0.0,0.0,0.0,0.0,1.0,3.0,1.0,1.0,3.0,6.0,0.0,8.0,0.0,0.0,0.0,0.0,0.0,0.0,0.0,1.0,0.0,0.0,0.0,22.27662956630396
-19.017,-124.233,4.0,231.0,0.0,0.0,46.0,103.0,3.0,0.0,44.0,21.0,40.0,0.0,5.0,4.0,0.0,0.0,0.0,0.0,4.0,38.0,8.0,16.0,0.0,0.0,16.0,0.0,0.0,0.0,0.0,0.0,0.0,1.0,618.0,0.0,0.0,0.0,22.36576582985316
-1.65,-103.633,3.0,0.0,0.0,0.0,0.0,4.0,0.0,0.0,4.0,0.0,31.0,1.0,0.0,1.0,0.0,0.0,0.0,272.0,121.0,2.0,2.0,9.0,47.0,0.0,9.0,0.0,0.0,0.0,0.0,0.0,0.0,0.0,15.0,0.0,0.0,0.0,19.349317859695745
-2.85,-126.2,0.0,0.0,0.0,0.0,0.0,1.0,0.0,0.0,1.0,0.0,11.0,0.0,0.0,2.0,0.0,0.0,0.0,45.0,69.0,3.0,0.0,30.0,0.0,0.0,3.0,0.0,0.0,0.0,0.0,0.0,0.0,0.0,17.0,0.0,0.0,0.0,21.398194409681548
3.167,-118.467,0.0,1.0,0.0,0.0,0.0,9.0,0.0,0.0,3.0,0.0,2.0,0.0,1.0,0.0,0.0,0.0,0.0,11.0,154.0,2.0,0.0,15.0,0.0,0.0,1.0,0.0,0.0,0.0,0.0,0.0,0.0,0.0,4.0,0.0,0.0,0.0,21.766863199383092
-3.583,-83.933,4.0,0.0,0.0,0.0,0.0,3.0,0.0,0.0,5.0,4.5,308.0,0.0,1.0,1.0,0.0,45.0,48.5,216.0,316.0,0.0,0.0,0.5,215.0,0.0,3.0,0.0,0.0,0.0,0.0,0.0,0.0,0.0,16.0,0.0,0.0,0.0,21.525048537443517
-17.017,-113.517,0.0,53.0,0.0,0.0,0.0,9.0,5.0,0.0,2.0,1.0,3.0,0.0,0.0,0.0,0.0,0.0,0.0,1.0,23.0,65.0,0.0,101.0,0.0,0.0,8.0,0.0,0.0,0.0,0.0,0.0,0.0,0.0,30.0,0.0,0.0,0.0,21.174563590720528
-17.0,-114.183,2.0,62.0,0.0,0.0,44.0,97.0,2.0,0.0,33.0,11.0,68.0,0.0,2.0,12.0,0.0,0.0,0.0,0.0,25.0,85.0,3.0,91.0,5.0,0.0,3.0,0.0,0.0,0.0,0.0,0.0,0.0,0.0,630.0,0.0,0.0,0.0,21.338158498788534
-16.933,-121.2,1.0,59.0,0.0,0.0,29.0,53.0,2.0,0.0,16.0,7.0,24.0,1.0,1.0,4.0,0.0,0.0,0.0,0.0,2.0,20.0,4.0,14.0,0.0,0.0,2.0,0.0,0.0,0.0,0.0,0.0,0.0,1.0,340.0,0.0,0.0,0.0,22.54487053133474
-16.65,-124.383,2.0,96.0,0.0,0.0,11.0,73.0,7.0,0.0,29.0,16.0,19.0,0.0,2.0,4.0,0.0,0.0,0.0,0.0,9.0,50.0,11.0,36.0,1.0,0.0,5.0,0.0,0.0,0.0,0.0,0.0,0.0,1.0,530.0,0.0,0.0,0.0,22.935268556825974
0.867,172.0,0.0,9.0,0.0,0.0,1.0,30.0,0.0,0.0,12.0,0.0,33.0,0.0,0.0,0.0,0.0,0.0,0.0,2.0,41.0,2.0,0.0,87.0,0.0,0.0,4.0,0.0,0.0,0.0,0.0,0.0,0.0,0.0,34.0,0.0,0.0,0.0,24.588693089662712
47.95,168.783,0.0,0.0,0.0,0.0,0.0,0.0,0.0,0.0,0.0,0.0,14.0,0.0,0.0,0.0,0.0,26.0,380.0,7.0,0.0,0.0,0.0,0.0,0.0,0.0,0.0,0.0,0.0,0.0,0.0,0.0,0.0,0.0,0.0,0.0,0.0,0.0,2.4986144807469914
-1.217,-89.683,7.0,1.0,0.0,0.0,2.0,4.0,0.0,0.0,1.0,0.0,663.0,0.0,0.0,5.0,0.0,50.0,4.0,270.0,233.0,0.0,0.0,0.0,219.0,0.0,1.0,0.0,0.0,2.0,0.0,0.0,0.0,0.0,30.0,0.0,0.0,0.0,20.019428752668944
-3.8,-92.083,2.0,0.0,0.0,0.0,0.0,1.0,0.0,0.0,1.0,0.0,74.0,0.0,0.0,0.0,0.0,0.0,0.0,129.0,212.0,0.0,0.0,4.0,118.0,0.0,1.0,0.0,0.0,0.0,0.0,0.0,0.0,0.0,36.0,0.0,0.0,0.0,19.72727359008882
37.683,163.033,1.0,0.0,0.0,0.0,0.0,0.0,0.0,0.0,0.0,0.0,27.0,0.0,0.0,0.0,0.0,2.0,16.0,70.0,6.0,0.0,0.0,1.0,224.0,0.0,0.0,0.0,0.0,0.0,0.0,0.0,0.0,0.0,44.0,0.0,0.0,0.0,10.722368575957574
2.767,-173.933,0.0,26.0,0.0,0.0,16.0,58.0,1.0,0.0,28.0,10.0,125.0,0.0,0.0,46.0,0.0,0.0,0.0,0.0,3.0,8.0,0.0,73.0,0.0,0.0,1.0,0.0,0.0,0.0,0.0,0.0,0.0,1.0,220.0,0.0,0.0,0.0,24.04358812237046
0.95,-179.417,2.0,12.0,0.0,0.0,14.0,77.0,0.0,0.0,48.0,5.0,94.0,1.0,1.0,11.0,0.0,0.0,0.0,0.0,49.0,23.0,0.0,144.0,0.0,0.0,12.0,0.0,0.0,1.0,0.0,0.0,0.0,0.0,197.0,0.0,0.0,0.0,24.011948090179033
-5.5,166.75,0.0,15.0,0.0,0.0,10.0,70.0,0.0,0.0,20.0,16.0,70.0,1.0,1.0,14.0,0.0,0.0,0.0,0.0,54.0,1.0,1.0,26.0,0.0,0.0,4.0,0.0,0.0,4.0,0.0,0.0,0.0,0.0,232.0,0.0,0.0,0.0,25.965829973230733
1.017,160.483,0.0,6.0,0.0,0.0,4.0,22.0,0.0,0.0,21.0,7.0,39.0,1.0,0.0,6.0,0.0,0.0,0.0,0.0,21.0,4.0,0.0,36.0,0.0,0.0,3.0,0.0,0.0,0.0,0.0,0.0,0.0,1.0,63.0,0.0,0.0,0.0,25.514928402156823
3.25,159.183,0.0,7.0,0.0,0.0,2.0,14.0,0.0,0.0,23.0,5.0,30.0,0.0,0.0,2.0,0.0,0.0,0.0,0.0,30.0,5.0,0.0,52.0,0.0,0.0,5.0,0.0,0.0,1.0,0.0,0.0,0.0,0.0,56.0,0.0,0.0,0.0,25.919579621620812
11.067,138.533,2.0,54.0,0.0,0.0,45.0,178.0,2.0,0.0,48.0,4.0,100.0,1.0,4.0,17.0,0.0,0.0,0.0,1.0,42.0,0.0,9.0,8.0,0.0,0.0,0.0,0.0,0.0,0.0,0.0,0.0,0.0,3.0,140.0,0.0,0.0,0.0,25.63889253246127
28.433,139.967,28.0,5.0,0.0,0.0,28.0,98.0,1.0,0.0,43.0,7.0,272.0,305.0,6.0,5.0,0.0,2.0,4.0,265.0,90.0,0.0,0.0,26.0,188.0,0.0,75.0,0.0,0.0,19.0,0.0,0.0,0.0,0.0,182.0,0.0,0.0,0.0,20.060193745692164
28.533,134.133,5.0,42.0,0.0,0.0,4.0,82.0,0.0,0.0,29.0,17.0,167.0,65.0,11.0,1.0,0.0,1.0,2.0,162.0,123.0,0.0,1.0,23.0,113.0,0.0,14.0,0.0,1.0,3.0,0.0,0.0,0.0,0.0,90.0,0.0,0.0,0.0,20.33877626157778
25.417,125.633,2.0,16.0,0.0,0.0,65.0,9.0,0.0,0.0,3.0,63.0,71.0,8.0,6.0,40.0,0.0,1.0,0.0,2.0,44.0,0.0,0.0,44.0,1.0,0.0,3.0,0.0,0.0,0.0,0.0,0.0,0.0,0.0,341.0,0.0,0.0,0.0,21.933978644683023
35.317,177.9,9.0,0.0,0.0,0.0,0.0,0.0,0.0,0.0,4.0,0.0,182.0,0.0,2.0,0.0,0.0,9.0,8.0,205.0,17.0,0.0,0.0,0.0,179.0,0.0,0.0,0.0,0.0,1.0,0.0,0.0,0.0,0.0,17.0,0.0,0.0,0.0,11.4474943666368
36.467,177.167,12.0,0.0,0.0,0.0,0.0,0.0,0.0,0.0,0.0,0.0,174.0,0.0,1.0,0.0,0.0,16.0,74.0,429.0,7.0,0.0,0.0,0.0,240.0,0.0,0.0,0.0,0.0,0.0,0.0,0.0,0.0,0.0,13.0,0.0,0.0,0.0,10.160738754751645
31.567,151.1,6.0,3.0,0.0,0.0,0.0,3.0,0.0,0.0,3.0,0.0,30.0,5.0,1.0,0.0,0.0,0.0,0.0,40.0,15.0,0.0,0.0,3.0,237.0,0.0,6.0,0.0,1.0,3.0,0.0,0.0,0.0,3.0,0.0,0.0,0.0,0.0,18.015192109588284
3.333,-101.717,1.0,0.0,0.0,0.0,1.0,7.0,0.0,0.0,2.0,2.0,10.0,1.0,0.0,2.0,0.0,0.0,0.0,6.0,105.0,0.0,0.0,8.0,4.0,0.0,6.0,0.0,0.0,0.0,0.0,0.0,0.0,0.0,16.0,0.0,0.0,0.0,22.274898977870347
0.1,-95.65,0.0,0.0,0.0,0.0,0.0,1.0,0.0,0.0,1.0,1.0,31.0,1.0,0.0,0.0,0.0,2.0,0.0,16.0,212.0,0.0,0.0,0.0,20.0,0.0,14.0,0.0,0.0,6.0,0.0,0.0,0.0,0.0,7.0,0.0,0.0,0.0,19.760466096632644
-1.633,-104.833,2.0,1.0,0.0,0.0,0.0,4.0,0.0,0.0,4.0,1.0,26.0,1.0,0.0,0.0,0.0,0.0,0.0,16.0,174.0,2.0,1.0,10.0,22.0,0.0,7.0,0.0,0.0,0.0,0.0,0.0,0.0,0.0,9.0,0.0,0.0,0.0,19.391349221749078
0.033,-110.483,5.0,0.0,0.0,0.0,1.0,9.0,0.0,0.0,3.0,0.0,25.0,2.0,0.0,0.0,0.0,0.0,0.0,53.0,235.0,2.0,0.0,7.0,21.0,0.0,42.0,0.0,0.0,1.0,0.0,0.0,0.0,0.0,7.0,0.0,0.0,0.0,19.21768390880561
2.983,-86.55,3.0,0.0,0.0,0.0,3.0,1.0,0.0,0.0,1.0,2.0,35.0,4.0,1.0,3.0,0.0,3.0,0.0,27.0,100.0,0.0,2.0,1.0,5.0,0.0,0.0,0.0,0.0,5.0,0.0,0.0,0.0,0.0,39.0,0.0,0.0,0.0,22.64813346834176
0.1,-86.483,1.0,0.0,0.0,0.0,0.0,2.0,0.0,0.0,0.0,2.0,66.0,0.0,1.0,1.0,0.0,0.0,0.0,25.0,141.0,0.0,0.0,2.0,42.0,0.0,0.0,0.0,0.0,2.0,0.0,0.0,0.0,0.0,12.0,0.0,0.0,0.0,21.36564777859007
7.167,-85.15,2.0,0.0,0.0,0.0,0.0,2.0,0.0,0.0,7.0,0.0,35.0,0.0,0.0,0.0,0.0,0.0,0.0,1.0,114.0,0.0,2.0,2.0,0.0,0.0,1.0,0.0,0.0,0.0,0.0,0.0,0.0,0.0,40.0,0.0,0.0,0.0,23.469058434304184
-6.383,-106.933,1.0,0.0,0.0,0.0,0.0,13.0,0.0,0.0,3.0,5.0,15.0,0.0,1.0,0.0,0.0,0.0,0.0,3.0,151.0,0.0,0.0,6.0,10.0,0.0,3.0,0.0,0.0,0.0,0.0,0.0,0.0,0.0,31.0,0.0,0.0,0.0,21.245996474351912
-16.44,-77.56,4.0,0.0,0.0,0.0,0.0,0.0,0.0,0.0,1.0,0.0,90.0,1.0,1.0,0.0,0.0,15.0,117.0,64.0,119.0,0.0,10.0,1.0,201.0,0.0,0.0,0.0,0.0,7.0,0.0,0.0,0.0,0.0,21.0,0.0,0.0,0.0,18.886594137958337
-18.085,-79.04,5.0,0.0,0.0,0.0,1.0,0.0,0.0,0.0,4.0,2.0,95.0,0.0,3.0,0.0,0.0,0.0,22.0,37.0,55.0,0.0,14.0,5.0,182.0,0.0,0.0,0.0,0.0,10.0,0.0,0.0,0.0,0.0,30.0,0.0,0.0,0.0,18.14862349441926
-16.443,-77.563,6.66666666666667,0.0,0.0,0.0,0.666666666666667,0.333333333333333,0.333333333333333,0.0,1.0,1.33333333333333,81.0,1.33333333333333,0.666666666666667,1.0,0.0,5.66666666666667,63.0,40.3333333333333,58.3333333333333,0.333333333333333,6.33333333333333,0.666666666666667,154.0,0.0,0.666666666666667,0.0,0.0,5.0,0.0,0.0,0.0,0.0,10.3333333333333,0.0,0.0,0.0,18.886594137958337
-16.007,-76.378,4.5,0.0,0.0,0.0,0.0,0.0,0.0,0.0,0.0,3.0,73.5,2.0,0.0,0.0,0.0,28.0,54.0,54.5,30.5,0.0,5.0,0.0,89.0,0.0,0.0,0.0,0.0,15.5,0.0,0.0,0.0,0.0,16.0,0.0,0.0,0.0,19.16423529526956
8.983333333,51.73333333,2.0,0.0,0.0,18.0,0.0,1.0,1.0,0.0,1.0,0.0,40.0,2.0,0.0,12.0,0.0,1.0,3.0,66.0,55.0,0.0,3.0,19.0,0.0,0.0,7.0,0.0,0.0,2.0,0.0,20.0,12.0,0.0,36.0,0.0,0.0,0.0,22.58766538843176
-45.5235,174.948,0.0,0.0,0.0,0.0,0.0,0.0,0.0,0.0,0.0,0.0,3.0,0.0,0.0,0.0,0.0,4.0,495.0,15.0,0.0,0.0,0.0,0.0,12.0,0.0,0.0,0.0,0.0,0.0,0.0,0.0,0.0,0.0,5.0,0.0,0.0,0.0,5.979780757005129
-40.28333333,168.34,3.0,0.0,0.0,0.0,0.0,0.0,0.0,0.0,0.0,0.0,105.0,0.0,0.0,0.0,0.0,37.0,0.0,44.0,2.0,0.0,0.0,0.0,56.0,60.0,0.0,0.0,0.0,0.0,0.0,0.0,0.0,0.0,11.0,0.0,0.0,0.0,10.834436406314133
-45.0667,147.2283,2.0,0.0,0.0,1.0,0.0,0.0,0.0,0.0,0.0,0.0,120.0,2.0,0.0,0.0,0.0,17.0,46.0,43.0,0.0,0.0,0.0,0.0,45.0,12.0,0.0,0.0,0.0,2.0,0.0,0.0,0.0,0.0,26.0,0.0,0.0,0.0,8.418280009181212
-43.23333333,105.5833333,0.0,0.0,0.0,0.0,0.0,0.0,0.0,0.0,0.0,0.0,157.0,0.0,1.0,0.0,0.0,12.0,50.0,17.0,0.0,0.0,0.0,0.0,38.0,13.0,0.0,0.0,0.0,1.0,0.0,0.0,0.0,0.0,11.0,0.0,0.0,0.0,6.623354742745742
-45.037,114.348,1.0,0.0,0.0,0.0,0.0,0.0,0.0,0.0,0.0,0.0,155.0,0.0,0.0,0.0,1.0,17.0,43.0,14.0,0.0,0.0,0.0,0.0,52.0,4.0,1.0,0.0,0.0,1.0,0.0,0.0,0.0,0.0,11.0,0.0,0.0,0.0,5.415118395580558
-33.61666667,113.5833333,0.0,0.0,0.0,19.0,4.0,2.0,0.0,0.0,4.0,0.0,37.0,13.0,0.0,0.0,0.0,0.0,6.0,14.0,4.0,0.0,0.0,0.0,152.0,16.0,0.0,0.0,1.0,0.0,0.0,1.0,0.0,0.0,41.0,0.0,0.0,0.0,15.669542441555791
-29.7,97.58333333,4.0,6.0,0.0,53.0,0.0,0.0,0.0,0.0,0.0,1.0,27.0,1.0,0.0,0.0,1.0,0.0,4.0,40.0,1.0,0.0,0.0,0.0,123.0,6.0,10.0,0.0,0.0,0.0,0.0,7.0,4.0,0.0,13.0,0.0,0.0,0.0,15.28434567393262
-30.35333333,86.485,7.0,7.0,0.0,58.0,0.0,2.0,0.0,0.0,7.0,2.0,50.0,7.0,0.0,0.0,0.0,0.0,6.0,0.0,0.0,0.0,0.0,0.0,93.0,56.0,0.0,0.0,7.0,5.0,0.0,0.0,0.0,0.0,3.0,0.0,0.0,0.0,15.87785124360814
-38.8533,141.0633,0.0,0.0,0.0,0.0,0.0,0.0,0.0,0.0,0.0,0.0,71.0,2.0,0.0,18.0,0.0,62.0,0.0,19.0,0.0,0.0,0.0,0.0,35.0,47.0,0.0,0.0,3.0,0.0,0.0,0.0,0.0,0.0,62.0,0.0,0.0,0.0,10.722819072094428
-44.2606,149.9963889,0.0,0.0,0.0,0.0,0.0,1.0,0.0,0.0,1.0,0.0,169.0,2.0,0.0,0.0,0.0,32.0,35.0,81.0,0.0,0.0,0.0,0.0,38.0,14.0,0.0,0.0,5.0,0.0,0.0,0.0,0.0,0.0,15.0,0.0,0.0,0.0,9.955330659633022
-46.01666667,96.46666667,0.0,0.0,0.0,0.0,0.0,0.0,0.0,0.0,0.0,0.0,6.0,0.0,0.0,0.0,0.0,1.0,206.0,2.0,0.0,0.0,0.0,0.0,0.0,1.0,0.0,0.0,0.0,0.0,0.0,0.0,0.0,0.0,1.0,0.0,0.0,0.0,4.6624919438140395
-16.922,115.5413333,6.0,4.0,0.0,100.0,2.0,17.0,1.0,0.0,21.0,1.0,2.0,5.0,0.0,4.0,0.0,0.0,1.0,4.0,37.0,0.0,0.0,4.0,8.0,10.0,2.0,0.0,0.0,3.0,0.0,23.0,7.0,1.0,63.0,0.0,0.0,0.0,24.430838919570668
-19.88733333,112.254,5.0,2.0,0.0,71.0,3.0,15.0,1.0,0.0,15.0,0.0,7.0,8.0,0.0,2.0,0.0,0.0,0.0,2.0,30.0,3.0,3.0,1.0,30.0,5.0,4.0,0.0,3.0,1.0,0.0,14.0,1.0,0.0,40.0,0.0,0.0,0.0,23.52985618215863
-40.39666667,177.9966667,0.0,0.0,0.0,3.0,0.0,0.0,0.0,0.0,0.0,0.0,62.0,4.0,0.0,0.0,0.0,6.0,39.0,97.0,12.0,0.0,0.0,0.0,61.0,4.0,12.0,0.0,1.0,1.0,0.0,0.0,0.0,0.0,17.0,0.0,0.0,0.0,12.236579629358577
-45.995,172.025,0.0,0.0,0.0,0.0,0.0,0.0,0.0,0.0,0.0,0.0,20.0,0.0,0.0,0.0,0.0,3.0,251.0,1.0,0.0,0.0,0.0,0.0,2.0,1.0,0.0,0.0,0.0,0.0,0.0,0.0,0.0,0.0,0.0,0.0,0.0,0.0,4.713699935155828
-49.70333333,182.075,0.0,0.0,0.0,0.0,0.0,0.0,0.0,0.0,0.0,0.0,15.0,0.0,0.0,0.0,0.0,0.0,325.0,1.0,0.0,0.0,0.0,0.0,3.0,0.0,0.0,0.0,0.0,0.0,0.0,0.0,0.0,0.0,0.0,0.0,0.0,0.0,3.246156438336551
-42.53333333,181.5083333,0.5,0.0,0.0,0.0,0.0,0.5,0.0,0.0,0.0,0.5,53.5,0.0,0.0,0.0,0.0,42.0,24.0,104.5,12.5,0.0,0.0,0.0,92.0,22.5,4.5,0.0,1.0,1.5,0.0,0.0,0.0,0.0,23.5,0.0,0.0,0.0,10.42547545370618
-42.88333333,42.35,0.0,0.0,0.0,0.0,0.0,0.0,0.0,0.0,0.0,0.0,18.0,0.0,0.0,0.0,0.0,11.0,223.0,37.0,0.0,0.0,0.0,0.0,1.0,1.0,0.0,0.0,0.0,0.0,0.0,0.0,0.0,0.0,9.0,0.0,0.0,0.0,9.565031928352083
-44.78333333,184.2333333,6.0,0.0,0.0,0.0,0.0,0.0,0.0,0.0,0.0,1.0,68.0,5.0,0.0,0.0,0.0,26.0,11.0,34.0,18.0,0.0,1.0,0.0,74.0,23.0,0.0,0.0,0.0,0.0,0.0,0.0,0.0,0.0,14.0,0.0,0.0,0.0,8.201657171750611
-29.68,113.7,0.0,0.0,0.0,71.0,1.0,23.0,0.0,0.0,5.0,0.0,14.0,17.0,0.0,0.0,0.0,0.0,0.0,0.0,15.0,0.0,0.0,0.0,160.0,3.0,1.0,0.0,2.0,2.0,0.0,0.0,0.0,0.0,34.0,0.0,0.0,0.0,17.990856094536056
-31.28333333,114.5516667,1.5,0.0,0.0,11.0,1.5,4.5,0.0,0.0,2.5,5.0,27.0,10.0,1.5,4.0,0.0,0.0,2.0,6.0,3.0,0.0,0.0,1.5,162.0,9.5,0.0,0.0,2.5,7.0,0.0,0.0,0.0,0.0,33.0,0.0,0.0,0.0,16.93693602499657
19.56833333,59.595,14.0,0.0,0.0,33.0,0.0,17.0,0.0,0.0,5.0,14.0,87.0,2.0,1.0,8.0,1.0,1.0,0.0,6.0,20.0,0.0,0.0,6.0,0.0,0.0,1.0,0.0,0.0,5.0,0.0,19.0,0.0,0.0,60.0,0.0,0.0,0.0,22.84972829335684
19.07666667,60.42166667,10.0,0.0,0.0,39.0,2.0,23.0,0.0,0.0,7.0,5.0,66.0,11.0,0.0,7.0,0.0,0.0,0.0,0.0,41.0,0.0,1.0,11.0,0.0,0.0,0.0,0.0,0.0,0.0,0.0,24.0,9.0,0.0,46.0,0.0,0.0,0.0,22.8532893368351
-14.53,157.97,3.0,4.0,0.0,89.0,8.0,22.0,2.0,0.0,17.0,9.0,15.0,8.0,2.0,3.0,0.0,0.0,0.0,0.0,15.0,0.0,0.0,8.0,0.0,1.0,0.0,0.0,0.0,0.0,0.0,1.0,1.0,0.0,71.0,0.0,0.0,0.0,23.796880905364617
-43.51666667,79.86666667,0.0,0.0,0.0,0.0,0.0,0.0,0.0,0.0,0.0,1.0,76.0,0.0,0.0,0.0,0.0,5.0,179.0,24.0,0.0,0.0,0.0,0.0,5.0,6.0,1.0,0.0,0.0,0.0,0.0,0.0,0.0,0.0,3.0,0.0,0.0,0.0,7.157040524860816
-39.71666667,82.25,1.0,0.0,0.0,2.0,0.0,0.0,0.0,0.0,0.0,0.0,96.0,36.0,0.0,0.0,0.0,28.0,27.0,51.0,0.0,0.0,0.0,0.0,19.0,13.0,0.0,0.0,1.0,2.0,0.0,0.0,0.0,0.0,25.0,0.0,0.0,0.0,9.683578974621037
-30.06666667,94.41666667,3.0,1.0,0.0,46.0,4.0,4.0,0.0,0.0,3.0,5.0,80.0,6.0,3.0,4.0,0.0,3.0,0.0,11.0,0.0,0.0,0.0,0.0,51.0,39.0,0.0,0.0,2.0,21.0,0.0,0.0,0.0,0.0,13.0,0.0,0.0,0.0,15.04302910200929
-33.06666667,110.55,3.0,0.0,0.0,36.0,2.0,1.0,0.0,0.0,1.0,6.0,85.0,10.0,0.0,1.0,1.0,3.0,0.0,21.0,2.0,0.0,0.0,0.0,76.0,18.0,2.0,0.0,1.0,5.0,0.0,0.0,0.0,0.0,28.0,0.0,0.0,0.0,14.828700125678834
-25.48333333,110.0166667,2.0,2.0,0.0,56.0,1.0,8.0,0.0,0.0,4.0,1.0,6.0,11.0,0.0,0.0,0.0,0.0,0.0,3.0,13.0,0.0,0.0,0.0,158.0,5.0,2.0,0.0,0.0,0.0,0.0,1.0,0.0,0.0,62.0,0.0,0.0,0.0,20.232703533359874
-19.05833333,112.75,3.0,3.0,0.0,59.0,11.0,11.0,0.0,0.0,3.0,11.0,14.0,16.0,0.0,24.0,0.0,0.0,0.0,10.0,19.0,0.0,0.0,5.0,27.0,8.0,3.0,0.0,0.0,3.0,0.0,14.0,3.0,0.0,54.0,0.0,0.0,0.0,23.52985618215863
-25.88333333,157.8666667,3.0,1.0,0.0,97.0,5.0,22.0,0.0,0.0,16.0,7.0,34.0,89.0,0.0,3.0,0.0,0.0,0.0,2.0,8.0,0.0,0.0,6.0,105.0,5.0,9.0,0.0,1.0,1.0,0.0,2.0,0.0,0.0,29.0,0.0,0.0,0.0,19.49401084062774
-24.88,163.52,5.0,2.0,0.0,96.0,12.0,18.0,0.0,0.0,8.0,8.0,17.0,64.0,2.0,4.0,0.0,0.0,0.0,1.0,6.0,0.0,0.0,3.0,43.0,13.0,5.0,0.0,3.0,2.0,0.0,1.0,0.0,0.0,16.0,0.0,0.0,0.0,19.737921491152306
9.133333333,90.03333333,1.0,6.0,0.0,34.0,4.0,18.0,1.0,0.0,4.0,5.0,33.0,3.0,1.0,4.0,0.0,0.0,0.0,2.0,54.0,0.0,2.0,16.0,0.0,0.0,3.0,0.0,0.0,0.0,0.0,67.0,2.0,0.0,38.0,0.0,0.0,0.0,24.89103979134993
-14.51666667,177.1,13.0,12.0,0.0,200.0,14.0,34.0,0.0,0.0,20.0,19.0,13.0,7.0,3.0,6.0,0.0,3.0,0.0,2.0,11.0,0.0,0.0,3.0,0.0,0.0,2.0,0.0,0.0,1.0,0.0,1.0,5.0,0.0,154.0,0.0,0.0,0.0,24.399209670711436
-35.51666667,44.75,1.0,0.0,0.0,0.0,0.0,4.0,0.0,0.0,9.0,0.0,48.0,30.0,0.0,0.0,0.0,2.0,3.0,64.0,39.0,0.0,0.0,0.0,68.0,9.0,1.0,0.0,4.0,4.0,0.0,0.0,0.0,0.0,16.0,0.0,0.0,0.0,15.066780989335227
-39.01666667,47.88333333,1.0,0.0,0.0,3.0,0.0,0.0,0.0,0.0,1.0,0.0,77.0,2.0,0.0,1.0,0.0,26.0,17.0,122.0,3.0,0.0,0.0,0.0,35.0,5.0,0.0,0.0,2.0,0.0,0.0,0.0,0.0,0.0,6.0,0.0,0.0,0.0,11.39018192310499
-10.92333333,88.315,8.0,5.0,0.0,73.0,11.0,38.0,0.0,0.0,4.0,2.0,9.0,0.0,0.0,9.0,0.0,0.0,0.0,7.0,32.0,3.0,2.0,9.0,3.0,0.0,3.0,0.0,0.0,0.0,0.0,33.0,3.0,1.0,47.0,0.0,0.0,0.0,23.6449323262918
-0.833333333,89.95,2.0,2.0,0.0,69.0,0.0,30.0,0.0,0.0,7.0,9.0,21.0,1.0,0.0,6.0,0.0,0.0,0.0,1.0,25.0,14.0,3.0,25.0,0.0,0.0,5.0,0.0,0.0,0.0,0.0,45.0,4.0,0.0,31.0,0.0,0.0,0.0,24.937346619627554
1.466666667,90.16666667,0.0,2.0,0.0,78.0,10.0,19.0,0.0,0.0,11.0,10.0,20.0,2.0,0.0,4.0,1.0,0.0,0.0,1.0,26.0,10.0,5.0,20.0,0.0,0.0,0.0,0.0,0.0,1.0,0.0,28.0,1.0,0.0,52.0,0.0,0.0,0.0,25.336905175194453
-31.5,32.6,3.0,0.0,0.0,45.0,3.0,9.0,0.0,0.0,6.0,12.0,27.0,3.0,6.0,3.0,0.0,0.0,0.0,12.0,18.0,0.0,0.0,0.0,95.0,3.0,0.0,0.0,6.0,3.0,0.0,3.0,0.0,0.0,45.0,0.0,0.0,0.0,21.215683551342604
-32.11666667,36.01666667,4.0,0.0,0.0,40.0,2.0,9.0,0.0,0.0,9.0,16.0,42.0,3.0,1.0,9.0,0.0,2.0,1.0,12.0,3.0,0.0,0.0,1.0,92.0,3.0,0.0,0.0,9.0,9.0,0.0,1.0,0.0,0.0,33.0,0.0,0.0,0.0,18.351624690247974
-13.21666667,65.61666667,5.0,7.0,0.0,78.0,3.0,22.0,0.0,0.0,11.0,7.0,10.0,3.0,0.0,7.0,0.0,0.0,0.0,3.0,29.0,1.0,1.0,5.0,0.0,1.0,0.0,0.0,2.0,4.0,0.0,12.0,21.0,0.0,68.0,0.0,0.0,0.0,22.976824996100078
-10.508,57.72,1.0,0.0,0.0,67.0,15.0,9.0,0.0,0.0,2.0,6.0,51.0,22.0,0.0,32.0,0.0,0.0,1.0,11.0,15.0,0.0,2.0,6.0,0.0,1.0,1.0,0.0,0.0,2.0,0.0,8.0,1.0,1.0,50.0,0.0,0.0,0.0,23.78701710664394
15.033,66.097,4.0,1.0,0.0,67.0,1.0,21.0,0.0,0.0,2.0,6.0,14.0,10.0,3.0,2.0,0.0,0.0,0.0,2.0,28.0,0.0,5.0,46.0,0.0,0.0,0.0,0.0,0.0,1.0,0.0,35.0,7.0,0.0,46.0,0.0,0.0,0.0,23.770344438911305
-38.86166667,140.1,0.0,0.0,0.0,1.0,0.0,0.0,0.0,0.0,0.0,0.0,138.0,0.0,0.0,0.0,0.0,21.0,15.0,51.0,1.0,0.0,0.0,0.0,30.0,42.0,0.0,0.0,0.0,4.0,0.0,0.0,0.0,0.0,14.0,0.0,0.0,0.0,10.722819072094428
-23.77216667,108.5006667,0.0,1.0,0.0,51.0,6.0,8.0,0.0,0.0,11.0,2.0,9.0,12.0,1.0,1.0,0.0,0.0,0.0,2.0,9.0,0.0,0.0,0.0,75.0,6.0,2.0,0.0,1.0,3.0,0.0,3.0,0.0,0.0,40.0,0.0,0.0,0.0,20.109485419068864
-45.15,146.28,0.0,0.0,0.0,1.0,0.0,0.0,0.0,0.0,0.0,2.0,207.0,11.0,0.0,0.0,104.0,0.0,122.0,79.0,1.0,0.0,0.0,0.0,42.0,7.0,0.0,0.0,1.0,3.0,0.0,0.0,0.0,0.0,42.0,0.0,0.0,0.0,8.180474810728866
-46.45,145.24,0.0,0.0,0.0,0.0,0.0,0.0,0.0,0.0,0.0,0.0,96.0,5.0,0.0,0.0,0.0,22.0,101.0,41.0,0.0,0.0,0.0,0.0,19.0,5.0,0.0,0.0,0.0,0.0,0.0,0.0,0.0,0.0,26.0,0.0,0.0,0.0,6.7367735266216915
-44.53,149.05,0.0,0.0,0.0,0.0,0.0,0.0,0.0,0.0,0.0,0.0,108.0,0.0,0.0,0.0,0.0,55.0,36.0,56.0,0.0,0.0,0.0,0.0,35.0,10.0,0.0,0.0,0.0,0.0,0.0,0.0,0.0,0.0,15.0,0.0,0.0,0.0,9.955330659633022
-35.31,177.9966667,1.0,0.0,0.0,0.0,1.0,0.0,0.0,0.0,2.0,0.0,46.0,15.0,1.0,0.0,0.0,27.0,14.0,126.0,40.0,0.0,0.0,0.0,52.0,24.0,18.0,2.0,0.0,0.0,0.0,0.0,0.0,0.0,30.0,0.0,0.0,0.0,15.579505963163296
-4.33223,117.59584,6.0,0.0,0.0,134.0,1.0,1.0,0.0,0.0,12.0,6.0,53.0,0.0,0.0,13.0,0.0,0.0,8.0,0.0,37.0,0.0,0.0,14.0,0.0,0.0,0.0,0.0,0.0,5.0,0.0,13.0,0.0,0.0,152.0,0.0,0.0,0.0,25.547789751313438
-8.455833333,128.238,4.0,1.0,0.0,126.0,6.0,19.0,0.0,0.0,18.0,6.0,24.0,5.0,0.0,23.0,0.0,0.0,1.0,13.0,59.0,13.0,0.0,27.0,0.0,4.0,7.0,0.0,0.0,5.0,0.0,27.0,1.0,0.0,85.0,0.0,0.0,0.0,25.388892523926046
-11.35444,122.03799,3.0,0.0,0.0,99.0,6.0,11.0,0.0,0.0,12.0,1.0,14.0,0.0,0.0,15.0,0.0,0.0,0.0,29.0,32.0,0.0,0.0,14.0,0.0,2.0,5.0,0.0,0.0,1.0,0.0,29.0,0.0,0.0,79.0,0.0,0.0,0.0,25.278151644016507
-9.09764,111.00721,2.0,0.0,0.0,31.0,4.0,2.0,0.0,0.0,8.0,2.0,61.0,0.0,0.0,8.0,0.0,0.0,2.0,102.0,108.0,0.0,0.0,16.0,0.0,1.0,4.0,0.0,0.0,4.0,0.0,31.0,2.0,1.0,31.0,0.0,0.0,0.0,24.44845815646786
-42.25,144.75,0.0,0.0,0.0,3.0,0.0,15.0,0.0,0.0,0.0,0.0,109.0,1.0,0.0,0.0,0.0,19.0,65.0,70.0,0.0,0.0,0.0,0.0,33.0,25.0,0.0,0.0,0.0,2.0,0.0,0.0,0.0,0.0,30.0,0.0,0.0,0.0,9.036661892325704
-43.8,145.5,4.0,0.0,0.0,1.0,0.0,0.0,0.0,0.0,0.0,0.0,140.0,0.0,0.0,0.0,0.0,4.0,24.0,34.0,0.0,0.0,0.0,0.0,50.0,17.0,0.0,0.0,0.0,0.0,0.0,0.0,0.0,0.0,25.0,0.0,0.0,0.0,8.45605597952245
-45.87,145.99,0.0,0.0,0.0,0.0,0.0,0.0,0.0,0.0,0.0,0.0,116.0,0.0,0.0,0.0,0.0,3.0,68.0,47.0,0.0,0.0,0.0,0.0,28.0,4.0,0.0,0.0,0.0,0.0,0.0,0.0,0.0,0.0,27.0,0.0,0.0,0.0,7.901952683757878
-46.87,145.98,0.0,0.0,0.0,0.0,0.0,0.0,0.0,0.0,0.0,0.0,121.0,0.0,0.0,0.0,0.0,9.0,72.0,40.0,0.0,0.0,0.0,0.0,40.0,3.0,0.0,0.0,0.0,0.0,0.0,0.0,0.0,0.0,20.0,0.0,0.0,0.0,6.7367735266216915
-45.075,179.4983333,0.0,0.0,0.0,0.0,0.0,0.0,0.0,0.0,0.0,0.0,19.0,0.0,0.0,0.0,0.0,26.0,179.0,2.0,0.0,0.0,0.0,0.0,97.0,1.0,0.0,0.0,0.0,0.0,0.0,0.0,0.0,0.0,3.0,0.0,0.0,0.0,6.883080954880686
-29.64166667,32.85833333,6.0,1.0,0.0,53.0,3.0,14.0,0.0,0.0,11.0,18.0,8.0,1.0,1.0,6.0,0.0,0.0,0.0,15.0,19.0,0.0,0.0,6.0,83.0,1.0,1.0,0.0,1.0,9.0,0.0,11.0,0.0,0.0,34.0,0.0,0.0,0.0,21.80119871144962
-28.425,43.78333333,4.0,0.0,0.0,62.0,10.0,12.0,0.0,0.0,4.0,13.0,23.0,3.0,1.0,15.0,1.0,4.0,0.0,14.0,5.0,0.0,0.0,0.0,42.0,8.0,0.0,0.0,2.0,9.0,0.0,3.0,0.0,0.0,65.0,0.0,0.0,0.0,20.554142310593747
8.65,58.56666667,1.0,0.0,0.0,47.0,4.0,7.0,0.0,0.0,6.0,0.0,28.0,7.0,0.0,3.0,0.0,0.0,0.0,32.0,19.0,0.0,3.0,14.0,0.0,0.0,8.0,0.0,0.0,1.0,0.0,12.0,7.0,0.0,103.0,0.0,0.0,0.0,23.57993087092135
10.25,57.18333333,1.0,2.0,0.0,22.0,2.0,6.0,0.0,0.0,9.0,0.0,28.0,6.0,2.0,4.0,0.0,0.0,1.0,41.0,62.0,0.0,7.0,27.0,1.0,0.0,5.0,0.0,0.0,6.0,0.0,9.0,9.0,0.0,50.0,0.0,0.0,0.0,22.782960725835693
-33.01666667,85.78333333,3.0,0.0,0.0,13.0,1.0,0.0,0.0,0.0,1.0,2.0,88.0,1.0,1.0,0.0,1.0,5.0,0.0,50.0,0.0,0.0,0.0,0.0,84.0,29.0,0.0,0.0,6.0,6.0,0.0,0.0,0.0,0.0,8.0,0.0,0.0,0.0,14.159766371999067
-32.433,46.567,3.0,0.0,0.0,31.0,2.0,4.0,0.0,0.0,3.0,9.0,43.0,3.0,2.0,3.0,1.0,0.0,2.0,42.0,1.0,0.0,0.0,0.0,102.0,17.0,0.0,0.0,10.0,8.0,0.0,0.0,0.0,0.0,16.0,0.0,0.0,0.0,17.58515811454157
-25.63333333,87.11666667,5.0,8.0,0.0,116.0,13.0,18.0,1.0,0.0,7.0,14.0,7.0,12.0,0.0,4.0,1.0,1.0,0.0,2.0,2.0,0.0,0.0,1.0,29.0,18.0,1.0,0.0,1.0,5.0,0.0,2.0,2.0,0.0,32.0,0.0,0.0,0.0,17.7932603848812
8.116666667,73.25,3.0,1.0,0.0,59.0,11.0,27.0,1.0,0.0,11.0,5.0,18.0,1.0,2.0,10.0,0.0,1.0,0.0,0.0,29.0,9.0,6.0,16.0,0.0,0.0,0.0,0.0,0.0,2.0,0.0,35.0,3.0,0.0,50.0,0.0,0.0,0.0,25.27068338853743
6.7,59.33333333,1.0,1.0,0.0,62.0,2.0,6.0,0.0,0.0,4.0,3.0,35.0,8.0,0.0,6.0,0.0,1.0,1.0,30.0,11.0,4.0,7.0,6.0,0.0,2.0,2.0,0.0,1.0,3.0,0.0,10.0,1.0,0.0,94.0,0.0,0.0,0.0,24.4165031204347
6.866666667,60.66666667,1.0,6.0,0.0,58.0,1.0,7.0,0.0,0.0,2.0,4.0,30.0,3.0,1.0,1.0,0.0,0.0,1.0,27.0,32.0,4.0,10.0,16.0,0.0,0.0,7.0,0.0,2.0,2.0,0.0,39.0,5.0,0.0,39.0,0.0,0.0,0.0,24.59653765189613
-5.333333333,40.43333333,2.0,2.0,0.0,74.0,2.0,10.0,0.0,0.0,8.0,6.0,16.0,4.0,2.0,15.0,2.0,0.0,0.0,19.0,36.0,0.0,2.0,11.0,1.0,0.0,6.0,0.0,0.0,2.0,0.0,28.0,1.0,1.0,53.0,0.0,0.0,0.0,23.82749185732429
-6.983333333,41.18333333,8.0,4.0,0.0,94.0,3.0,8.0,0.0,0.0,5.0,3.0,19.0,5.0,0.0,3.0,0.0,0.0,2.0,13.0,29.0,1.0,3.0,12.0,3.0,1.0,3.0,0.0,0.0,2.0,0.0,31.0,4.0,0.0,45.0,0.0,0.0,0.0,23.840210530004917
-10.23333333,43.81666667,3.0,8.0,0.0,90.0,2.0,9.0,0.0,0.0,4.0,5.0,21.0,3.0,0.0,0.0,0.0,0.0,0.0,20.0,32.0,0.0,2.0,14.0,1.0,3.0,3.0,0.0,0.0,0.0,0.0,17.0,3.0,0.0,63.0,0.0,0.0,0.0,23.693230037926554
-21.8,69.23333333,3.0,8.0,0.0,126.0,12.0,23.0,0.0,0.0,16.0,4.0,5.0,4.0,1.0,10.0,0.0,0.0,0.0,3.0,2.0,0.0,0.0,1.0,4.0,17.0,1.0,0.0,1.0,2.0,0.0,7.0,2.0,2.0,48.0,0.0,0.0,0.0,20.754139799296986
-22.3,68.0,4.0,5.0,0.0,121.0,12.0,27.0,1.0,0.0,5.0,16.0,7.0,2.0,5.0,10.0,1.0,1.0,0.0,0.0,5.0,0.0,0.0,1.0,1.0,18.0,1.0,0.0,2.0,3.0,0.0,2.0,0.0,1.0,50.0,0.0,0.0,0.0,20.567692209276256
-14.95,147.92,6.0,17.0,0.0,151.0,3.0,42.0,0.0,0.0,31.0,23.0,11.0,2.0,3.0,5.0,0.0,0.0,0.0,0.0,30.0,0.0,0.0,10.0,3.0,3.0,0.0,0.0,0.0,1.0,0.0,13.0,1.0,0.0,56.0,0.0,0.0,0.0,22.86982703609428
-18.2,151.45,2.0,4.0,0.0,115.0,4.0,27.0,0.0,0.0,19.0,13.0,12.0,7.0,3.0,7.0,0.0,0.0,0.0,0.0,18.0,1.0,1.0,7.0,1.0,2.0,1.0,0.0,0.0,3.0,0.0,7.0,4.0,0.0,30.0,0.0,0.0,0.0,22.17791396554478
-13.52,146.88,7.0,3.0,0.0,175.0,3.0,49.0,0.0,0.0,21.0,13.0,11.0,5.0,1.0,3.0,0.0,0.0,0.0,1.0,21.0,0.0,1.0,20.0,1.0,5.0,2.0,0.0,0.0,2.0,0.0,12.0,5.0,0.0,42.0,0.0,0.0,0.0,22.968059522350167
-12.87,146.2,3.0,3.0,0.0,153.0,2.0,49.0,0.0,0.0,10.0,0.0,3.0,0.0,0.0,1.0,0.0,0.0,0.0,0.0,24.0,0.0,0.0,11.0,0.0,13.0,0.0,0.0,0.0,0.0,0.0,9.0,1.0,0.0,57.0,0.0,0.0,0.0,23.08957461502496
1.016666667,160.4833333,1.0,26.0,0.0,238.0,6.0,55.0,0.0,0.0,117.0,65.0,6.0,0.0,0.0,7.0,0.0,0.0,0.0,5.0,161.0,19.0,0.0,97.0,0.0,0.0,9.0,0.0,0.0,4.0,0.0,36.0,20.0,0.0,178.0,0.0,0.0,0.0,25.514928402156823
3.25,159.1833333,0.0,12.0,0.0,76.0,3.0,38.0,0.0,0.0,36.0,41.0,1.0,1.0,0.0,0.0,1.0,0.0,0.0,0.0,90.0,10.0,1.0,155.0,0.0,0.0,4.0,0.0,0.0,8.0,0.0,38.0,30.0,0.0,57.0,0.0,0.0,0.0,25.919579621620812
-14.1,120.5,10.0,4.0,0.0,70.0,5.0,20.0,1.0,0.0,22.0,3.0,0.0,1.0,0.0,2.0,0.0,0.0,0.0,6.0,42.0,0.0,0.0,3.0,0.0,3.0,1.0,0.0,0.0,1.0,0.0,25.0,19.0,0.0,32.0,0.0,0.0,0.0,25.049172622871332
5.116666667,77.58333333,3.0,1.0,0.0,25.0,5.0,10.0,0.0,0.0,7.0,3.0,47.0,4.0,0.0,4.0,0.0,0.0,0.0,1.0,74.0,1.0,6.0,16.0,0.0,0.0,1.0,0.0,0.0,2.0,0.0,29.0,1.0,0.0,61.0,0.0,0.0,0.0,25.47335881659932
3.083333333,76.25,4.0,0.0,0.0,34.0,4.0,10.0,0.0,1.0,6.0,5.0,18.0,1.0,1.0,1.0,0.0,0.0,0.0,11.0,53.0,3.0,9.0,40.0,0.0,0.0,1.0,0.0,0.0,1.0,0.0,61.0,1.0,0.0,37.0,0.0,0.0,0.0,25.683394164873484
-6.0,69.817,6.0,1.0,0.0,70.0,4.0,16.0,0.0,0.0,8.0,2.0,19.0,0.0,3.0,6.0,1.0,0.0,1.0,18.0,27.0,1.0,5.0,18.0,0.0,0.0,3.0,0.0,0.0,0.0,0.0,25.0,2.0,0.0,67.0,0.0,0.0,0.0,25.004992331223836
-6.266666667,63.43333333,3.0,11.0,0.0,60.0,2.0,30.0,1.0,0.0,15.0,9.0,9.0,0.0,3.0,2.0,0.0,0.0,0.0,12.0,47.0,1.0,6.0,14.0,0.0,0.0,2.0,0.0,0.0,4.0,0.0,39.0,4.0,0.0,26.0,0.0,0.0,0.0,24.83822408430376
-27.283,74.867,8.0,4.0,0.0,111.0,2.0,22.0,0.0,0.0,12.0,12.0,14.0,2.0,7.0,5.0,0.0,0.0,0.0,2.0,0.0,0.0,0.0,0.0,22.0,35.0,2.0,0.0,3.0,12.0,0.0,0.0,0.0,1.0,26.0,0.0,0.0,0.0,18.400408783483396
-22.73333333,112.5833333,1.0,0.0,0.0,52.0,9.0,8.0,0.0,0.0,11.0,0.0,6.0,7.0,0.0,1.0,0.0,0.0,2.0,6.0,17.0,0.0,0.0,6.0,104.0,6.0,0.0,0.0,0.0,1.0,0.0,4.0,1.0,1.0,55.0,0.0,0.0,0.0,22.718931146556216
-33.3765,161.6125,7.0,0.0,0.0,25.0,1.0,2.0,0.0,0.0,0.0,10.0,49.0,20.0,0.0,1.0,0.0,104.0,2.0,51.0,37.0,1.0,0.0,0.0,110.0,11.0,5.0,0.0,1.0,5.0,0.0,1.0,0.0,0.0,26.0,0.0,0.0,3.0,16.757944008777702
-33.53,166.53,5.0,0.0,0.0,14.0,0.0,1.0,0.0,0.0,4.0,7.0,69.0,31.0,0.0,3.0,1.0,0.0,3.0,193.0,6.0,0.0,0.0,0.0,140.0,17.0,10.0,0.0,2.0,2.0,0.0,0.0,0.0,0.0,8.0,0.0,0.0,0.0,15.931724540454042
2.688888889,127.7361111,0.0,0.0,0.0,11.0,0.0,0.0,0.0,0.0,0.0,0.0,11.0,1.0,0.0,0.0,0.0,0.0,0.0,6.0,35.0,0.0,0.0,10.0,0.0,0.0,0.0,0.0,0.0,0.0,0.0,14.0,0.0,0.0,16.0,0.0,0.0,0.0,26.190869272793066
41.95,5.93,0.0,0.0,0.0,1.33333333333333,0.0,0.0,0.0,0.0,0.0,0.0,91.6666666666667,0.0,0.0,0.0,0.0,62.0,0.0,14.3333333333333,0.0,0.0,0.0,0.0,0.666666666666667,0.333333333333333,0.0,0.0,0.0,19.3333333333333,0.0,0.0,0.0,0.0,24.0,0.0,0.0,0.0,12.50218249211757
34.97,23.75,0.0,0.0,0.333333333333333,65.3333333333333,0.0,0.0,0.0,0.0,0.666666666666667,0.0,26.0,0.0,0.0,0.333333333333333,0.0,7.0,0.0,62.3333333333333,0.0,0.0,0.0,0.0,0.333333333333333,0.0,0.0,0.0,0.0,19.3333333333333,0.0,0.0,0.0,0.0,24.3333333333333,0.0,0.0,0.0,16.323099825369294
36.143,-2.621,0.714285714285714,0.0,0.0,6.28571428571429,0.0,0.0,0.0,0.0,0.0,0.285714285714286,68.0,0.142857142857143,0.0,0.0,0.0,17.8571428571429,4.85714285714286,288.571428571429,0.0,0.0,0.0,0.0,3.28571428571429,0.0,0.0,0.0,0.0,5.57142857142857,0.0,0.0,0.0,0.0,17.2857142857143,0.0,0.0,0.0,15.283109164479196
39.41,13.34,0.0,0.0,0.0,26.0,0.0,0.0,0.0,0.0,0.0,0.0,100.5,0.0,0.0,0.0,0.0,7.5,2.5,61.5,2.0,0.0,0.0,0.0,1.0,0.0,0.0,0.0,0.0,9.5,0.0,0.0,0.0,0.0,37.5,0.0,0.0,0.0,13.903539151226221
38.49,14.3,0.125,3.625,0.0,0.0,0.125,0.0,0.0,0.0,0.0,0.375,148.25,0.0,0.0,1.0,0.0,26.25,5.0,141.0,1.25,0.0,0.0,0.0,0.75,0.0,0.0,0.0,0.0,38.25,0.0,0.0,0.0,0.0,94.0,0.0,0.0,0.0,14.10984035276363
40.33,13.21,0.166666666666667,0.5,0.0,47.5,0.666666666666667,0.0,0.0,0.0,0.0,0.166666666666667,84.5,0.0,0.0,0.0,0.0,18.3333333333333,6.33333333333333,132.666666666667,0.166666666666667,0.0,0.0,0.0,1.33333333333333,0.166666666666667,0.0,0.0,0.0,26.0,0.0,0.0,0.0,0.0,61.1666666666667,0.0,0.0,0.0,13.680188174522902
36.32,11.41,0.466666666666667,2.86666666666667,0.0,85.7333333333333,0.533333333333333,0.133333333333333,0.0,0.0,0.0,0.6,71.9333333333333,0.0,0.0,0.2,0.0,39.8,1.66666666666667,136.133333333333,10.6666666666667,0.0,0.0,0.0,6.4,0.0,0.0,0.0,0.6,1.33333333333333,0.0,0.0,0.0,0.0,33.8666666666667,0.0,0.0,0.0,14.14030701933961
32.47,34.23,0.105263157894737,6.47368421052632,0.210526315789474,770.842105263158,4.10526315789474,0.157894736842105,0.0,0.0,0.0,26.4736842105263,38.4736842105263,0.315789473684211,0.0526315789473684,3.78947368421053,0.0,1.89473684210526,0.157894736842105,186.263157894737,0.0,0.0,0.0,0.0,0.0,0.0,0.0,0.0,0.0,56.5263157894737,0.0,0.0,0.0,0.0,33.1578947368421,0.0,0.0,0.0,17.80137606230177
42.044,4.151,0.0,0.0434782608695652,0.0,3.08695652173913,0.0869565217391305,0.0,0.0,0.0,0.0,1.1304347826087,244.505434782609,0.0434782608695652,0.0,0.0,0.0,41.1304347826087,1.8695652173913,60.2173913043478,0.0,0.0,0.0,0.0,0.260869565217391,0.0,0.0,0.0,0.0,12.9130434782609,0.0,0.0,0.0,0.0,49.2608695652174,0.0,0.0,0.0,11.861442321128669
41.31,17.59,0.5,0.0,0.0,0.0,0.5,0.0,0.0,0.0,0.0,0.0,78.75,0.0,0.0,0.0,0.0,21.0,5.0,67.0,0.0,0.0,0.0,0.0,0.5,0.0,0.0,0.0,0.0,25.5,0.0,0.0,0.0,0.0,18.5,0.0,0.0,0.0,12.936517563142978
39.947,1.591,0.375,0.5,0.0,40.125,0.125,0.0,0.0,0.0,0.1875,0.25,147.625,0.0625,0.0,0.0,0.0,39.5625,0.9375,54.4375,0.0625,0.0,0.0,0.0,2.0,0.0,0.0,0.0,0.0,24.375,0.0,0.0,0.0,0.0,34.0625,0.0,0.0,0.0,13.28722271993189
41.298,17.613,0.0,1.05882352941176,0.0,9.88235294117647,0.117647058823529,0.0588235294117647,0.0,0.0,0.0,0.0,112.294117647059,6.29411764705882,0.0,0.352941176470588,0.0,31.1764705882353,0.882352941176471,90.5882352941177,0.235294117647059,0.0,0.0,0.0,0.88235294117647,0.0,0.0,0.0,0.0,67.9411764705882,0.0,0.0,0.0,0.0,36.0588235294118,0.0,0.0588235294117647,0.0,12.936517563142978
35.57,-3.48,0.714285714285714,0.142857142857143,0.0,0.0,0.0,0.0,0.0,0.0,0.0,0.857142857142857,37.0,0.0,0.0,0.142857142857143,0.0,65.5714285714286,6.0,254.285714285714,5.28571428571429,0.0,0.0,0.0,3.14285714285714,0.0,0.0,0.0,0.0,6.42857142857143,0.0,0.0,0.0,0.0,13.1428571428571,0.0,0.0,0.0,15.283109164479196
32.14,33.45,0.0,0.0,0.0,265.666666666667,0.333333333333333,0.0,0.0,0.0,0.0,0.0,8.33333333333333,0.0,0.0,0.0,0.0,0.333333333333333,0.333333333333333,106.0,0.0,0.0,0.0,0.0,0.0,0.0,0.0,0.0,0.0,9.33333333333333,0.0,0.0,0.0,0.0,9.66666666666667,0.0,0.0,0.0,17.80137606230177
32.04,34.21,0.444444444444444,4.22222222222222,0.0,0.0,0.555555555555556,0.444444444444444,0.0,0.0,0.111111111111111,0.222222222222222,85.7777777777778,0.222222222222222,0.111111111111111,3.88888888888889,0.0,6.0,1.55555555555556,71.7777777777778,0.0,0.0,0.0,0.0,0.777777777777778,0.0,0.0,0.0,0.0,2.66666666666667,0.0,0.0,0.0,0.0,5.44444444444445,0.0,0.0,0.0,17.80137606230177
33.02,32.38,1.0,0.166666666666667,0.0,0.0,0.0,0.166666666666667,0.0,0.0,0.0,0.0,19.0,0.0,0.0,1.33333333333333,0.0,0.5,1.33333333333333,85.5,0.0,0.0,0.0,0.0,0.0,0.0,0.0,0.0,0.0,10.3333333333333,0.0,0.0,0.0,0.0,7.33333333333333,0.0,0.0,0.0,17.544968823156236
38.2,18.033,0.0,0.2,0.0,0.0,0.4,0.0,0.0,0.0,0.0,0.2,94.2,0.2,0.0,0.4,0.0,6.8,3.2,162.8,0.0,0.0,0.0,0.0,0.4,0.0,0.0,0.0,0.0,39.0,0.0,0.0,0.0,0.0,49.6,0.0,0.0,0.0,14.396490154603828
36.083,26.833,0.0,0.0,0.0,0.0,0.0,0.0,0.0,0.0,0.0,2.0,32.0,0.0,0.0,1.0,0.0,4.0,4.0,193.0,0.0,0.0,0.0,0.0,1.0,0.0,0.0,0.0,0.0,30.0,0.0,0.0,0.0,0.0,81.0,0.0,0.0,0.0,16.38558783437414
35.917,27.3,1.33333333333333,0.666666666666667,0.0,0.0,0.0,0.0,0.0,0.0,0.0,0.0,42.0,0.0,0.0,0.333333333333333,0.0,7.33333333333333,2.33333333333333,150.666666666667,0.0,0.0,0.0,0.0,0.666666666666667,0.0,0.0,0.0,0.0,25.3333333333333,0.0,0.0,0.0,0.0,41.3333333333333,0.0,0.0,0.0,16.386333340991122
36.5,24.3,2.0,0.0,0.0,0.0,0.0,0.0,0.0,0.0,0.0,0.0,58.0,0.0,0.0,0.0,0.0,31.0,4.0,134.0,0.0,0.0,0.0,0.0,5.0,0.0,0.0,0.0,0.0,7.0,0.0,0.0,0.0,0.0,26.0,0.0,0.0,0.0,16.246744211691368
36.19,-1.573,0.4,0.0,0.0,3.2,0.0,0.0,0.0,0.0,0.4,0.0,41.6,0.0,0.0,0.8,0.0,10.0,3.6,345.8,0.0,0.0,0.0,0.0,2.4,0.0,0.0,0.0,0.0,0.0,0.0,0.0,0.0,0.0,9.8,0.0,0.0,0.0,14.97774694963417
38.231,14.23,0.0476190476190476,0.0,0.0,35.8571428571429,0.619047619047619,0.0,0.0,0.0,0.0476190476190476,0.0,36.5714285714286,18.6190476190476,0.0,0.0,0.0,35.6666666666667,0.0,71.2857142857143,0.380952380952381,0.0,0.0,0.0,0.333333333333333,0.0,0.0,0.0,0.0,30.8095238095238,0.0,0.0,0.0,0.0,73.0,0.0,0.0,0.0,14.10984035276363
38.157,14.018,0.0769230769230769,0.153846153846154,0.153846153846154,39.2307692307692,0.0,0.0,0.0,0.0,0.153846153846154,0.0,61.5384615384615,20.6153846153846,0.0,0.0,0.0,38.1538461538462,0.0,67.2307692307692,3.15384615384615,0.0,0.0,0.0,0.538461538461538,0.0,0.0,0.0,0.0,38.6153846153846,0.0,0.0,0.0,0.0,60.4615384615385,0.0,0.0,0.0,14.10984035276363
38.215,13.269,0.0,0.0,0.0,2.33333333333333,0.666666666666667,0.0,0.0,0.0,0.0,0.0,103.666666666667,35.3333333333333,0.0,0.0,0.0,32.3333333333333,3.33333333333333,110.666666666667,0.0,0.0,0.0,0.0,0.666666666666667,0.0,0.0,0.0,0.0,28.3333333333333,0.0,0.0,0.0,0.0,110.0,0.0,0.0,0.0,14.10984035276363
38.247,13.346,0.125,0.166666666666667,0.125,6.375,0.333333333333333,0.0416666666666667,0.0,0.0,0.708333333333333,0.0,45.0,25.5,0.0,0.0,0.0,59.5416666666667,0.166666666666667,62.7083333333333,0.291666666666667,0.0,0.0,0.0,4.625,0.208333333333333,0.0,0.0,0.0,51.6666666666667,0.0,0.0,0.0,0.0,68.8333333333333,0.0,0.0,0.0,14.10984035276363
33.733,27.917,0.0,0.333333333333333,0.0,79.0,0.0,0.0,0.0,0.0,0.0,0.0,53.0,0.0,0.0,0.0,0.0,10.0,3.66666666666667,99.3333333333333,0.0,0.0,0.0,0.0,0.0,0.0,0.0,0.0,0.0,28.3333333333333,0.0,0.0,0.0,0.0,24.0,0.0,0.0,0.0,17.0420959296534
41.997,4.836,0.25,0.0,0.0,3.0,0.0,0.0,0.0,0.0,0.0,0.75,199.25,0.0,0.0,0.0,0.0,103.25,1.75,34.5,0.0,0.0,0.0,0.0,7.0,0.0,0.0,0.0,0.0,8.5,0.0,0.0,0.0,0.0,18.75,0.0,0.0,0.0,12.502130750142445
35.66,26.58,0.0,0.0,0.0,39.125,0.0,0.125,0.0,0.0,0.125,0.0,20.0,0.0,0.0,2.75,0.0,9.875,0.75,63.875,0.0,0.0,0.0,0.0,0.0,0.0,0.0,0.0,0.0,14.5,0.0,0.0,0.0,0.0,33.375,0.0,0.0,0.0,16.38558783437414
38.14,10.07,0.0,0.0,0.0,7.66666666666667,0.0,0.0,0.0,0.0,0.0,0.0,43.6666666666667,0.0,0.0,0.333333333333333,0.0,41.0,0.333333333333333,30.0,0.0,0.0,0.0,0.0,5.66666666666667,0.0,0.0,0.0,0.0,9.33333333333333,0.0,0.0,0.0,0.0,23.6666666666667,0.0,0.0,0.0,13.818356597361262
38.89,4.5,0.2,0.0,0.2,15.6,0.0,0.2,0.0,0.0,0.4,0.0,191.2,0.0,0.0,0.0,0.0,103.2,1.4,64.4,0.0,0.0,0.0,0.0,1.4,0.6,0.0,0.0,0.0,80.6,0.0,0.0,0.0,0.0,84.6,0.0,0.0,0.0,13.668540977115974
40.26,6.887,0.5,0.0,0.0,38.25,0.0,0.0,0.0,0.0,1.0,0.0,137.25,0.0,0.0,0.25,0.0,118.25,0.25,35.5,0.0,0.0,0.0,0.0,0.25,0.0,0.0,0.0,0.0,68.0,0.0,0.0,0.0,0.0,42.5,0.0,0.0,0.0,13.071460339471965
38.65,6.11,0.0,0.0,0.0,43.3333333333333,0.0,0.0,0.0,0.0,2.33333333333333,0.0,93.3333333333333,0.0,0.0,1.66666666666667,0.0,33.0,0.666666666666667,66.6666666666667,0.0,0.0,0.0,0.0,0.0,0.0,0.0,0.0,0.0,44.6666666666667,0.0,0.0,0.0,0.0,55.3333333333333,0.0,0.0,0.0,13.673420230188883
33.839,24.884,0.0,0.4,0.0,100.8,0.0,0.0,0.0,0.0,0.2,0.0,41.4,0.2,0.0,0.4,0.0,10.8,0.6,97.4,0.0,0.0,0.0,0.0,0.0,0.0,0.0,0.0,0.0,40.4,0.0,0.0,0.0,0.0,41.2,0.0,0.0,0.0,16.76386374885183
35.78,18.948,0.0,0.0,0.0,59.5,0.5,0.0,0.5,0.0,2.5,0.0,53.0,0.0,0.0,1.5,0.0,9.0,1.0,61.5,0.0,0.0,0.0,0.0,0.5,0.0,0.0,0.0,0.0,83.5,0.0,0.0,0.0,0.0,54.5,0.0,0.0,0.0,15.618036639463666
32.77,19.19,0.5,0.0,0.0,163.0,0.0,0.0,0.0,0.0,0.0,0.0,15.5,0.0,0.0,2.5,0.0,2.5,2.0,42.0,0.0,0.0,0.0,0.0,0.0,0.0,0.0,0.0,0.0,28.0,0.0,0.0,0.0,0.0,2.5,0.0,0.0,0.0,16.735183616901033
