Data_Source,Latitude,Longitude,symbiont-barren non-spinose,symbiont-barren spinose,symbiont-bearing non-spinose,symbiont-obligate spinose,symbiont-bearing spinose,symbiont-facultative non-spinose,undetermined non-spinose,symbiont-facultative spinose,undetermined spinose,SST
341-U1421,59.5072,-144.0456,0,0.0,0.0,0.0,,,,,,
341-U1421,59.5072,-144.0456,122,130.0,0.0,0.0,,,,,,
341-U1421,59.5072,-144.0456,213,272.0,6.0,0.0,,,,,,
climap1,8.983,51.733,82,62.0,,68.0,12.0,79.0,5.0,,,
climap1,39.267,-36.7,212,75.0,,89.0,2.0,338.0,2.0,,,14.64058196858743
climap1,25.833,-19.3,93,95.0,,82.0,0.0,202.0,11.0,,,16.635859420973706
climap1,-0.05,-24.167,173,32.0,,130.0,1.0,254.0,5.0,,,22.780135173763192
climap1,11.767,-81.1,99,2.0,,295.0,9.0,34.0,42.0,,,23.01813730997105
climap1,-43.52,79.867,200,86.0,,0.0,0.0,12.0,0.0,,,7.157040524860816
climap1,-39.72,82.25,90,123.0,,38.0,0.0,42.0,0.0,,,9.683578974621037
climap1,-25.48,110.02,47,28.0,,51.0,8.0,156.0,2.0,,,20.232703533359874
climap1,-19.07,112.75,81,12.0,,121.0,25.0,57.0,8.0,,,23.52985618215863
climap1,-35.78,18.45,114,36.0,,19.0,0.0,116.0,5.0,,,16.285866961586358
climap1,9.133,90.033,70,59.0,,81.0,16.0,118.0,9.0,,,24.89103979134993
climap1,15.857,-74.79,87,9.0,,331.0,12.0,83.0,17.0,,,22.525318733141773
climap1,16.708,-75.44,60,5.0,,381.0,10.0,30.0,18.0,,,22.975901503461134
climap1,15.065,-75.95,91,8.0,,253.0,16.0,44.0,42.0,,,22.579848882850385
climap1,13.178,-79.83,76,8.0,,294.0,28.0,43.0,23.0,,,22.57564610756582
climap1,-10.92,88.315,67,11.0,,157.0,25.0,59.0,8.0,,,23.6449323262918
climap1,-0.833,89.95,472,260.0,,1381.0,67.0,633.0,244.0,,,24.937346619627554
climap1,-1.467,90.167,69,24.0,,133.0,16.0,56.0,25.0,,,24.913235268947087
climap1,-35.52,44.75,89,33.0,,32.0,0.0,138.0,2.0,,,15.066780989335227
climap1,-39.02,47.883,1024,816.0,,32.0,1.0,468.0,1.0,,,11.39018192310499
climap1,15.033,66.097,70,16.0,,162.0,4.0,77.0,2.0,,,23.770344438911305
climap1,-31.5,32.607,45,23.0,,83.0,6.0,132.0,8.0,,,21.215683551342604
climap1,-32.11,36.01,57,41.0,,77.0,2.0,109.0,8.0,,,18.351624690247974
climap1,-13.22,65.617,87,11.0,,140.0,11.0,41.0,13.0,,,22.976824996100078
climap1,8.65,58.567,136,31.0,,67.0,7.0,61.0,6.0,,,23.57993087092135
climap1,10.25,57.183,80,32.0,,39.0,6.0,135.0,9.0,,,22.782960725835693
climap1,-29.63,32.867,52,8.0,,96.0,9.0,124.0,11.0,,,
climap1,-28.43,43.783,92,27.0,,95.0,25.0,55.0,4.0,,,20.554142310593747
climap1,0.2,-39.9,106,2.0,,211.0,2.0,79.0,5.0,,,22.971638534169248
climap1,15.4,-43.4,153,0.0,,612.0,53.0,50.0,16.0,,,20.70640636830757
climap1,5.067,-36.8,37,10.0,,396.0,6.0,70.0,21.0,,,23.303024846806583
climap1,32.75,-41.9,63,19.0,,189.0,1.0,159.0,6.0,,,19.748555867496805
climap1,11.75,-80.43,86,4.0,,356.0,18.0,24.0,40.0,,,22.865799337290394
climap1,15.033,-80.23,87,4.0,,245.0,25.0,16.0,34.0,,,
climap1,8.117,73.25,107,36.0,,95.0,28.0,46.0,10.0,,,25.27068338853743
climap1,6.7,59.333,119,37.0,,83.0,8.0,45.0,8.0,,,24.4165031204347
climap1,6.867,60.667,84,39.0,,85.0,16.0,72.0,15.0,,,24.59653765189613
climap1,13.233,-78.37,46,4.0,,354.0,15.0,30.0,27.0,,,22.505910992533256
climap1,-5.333,40.433,85,21.0,,117.0,20.0,70.0,9.0,,,23.82749185732429
climap1,-6.983,41.183,94,33.0,,116.0,19.0,40.0,16.0,,,23.840210530004917
climap1,-10.23,43.817,91,23.0,,130.0,2.0,62.0,4.0,,,23.693230037926554
climap1,11.8,-79.07,61,4.0,,263.0,19.0,33.0,43.0,,,22.820474555227307
climap1,2.0,-5.25,67,34.0,,309.0,1.0,202.0,8.0,,,23.396821355463647
climap1,-21.8,69.233,57,4.0,,190.0,23.0,8.0,15.0,,,20.754139799296986
climap1,-22.3,68.0,66,7.0,,193.0,17.0,6.0,5.0,,,20.567692209276256
climap1,23.367,-43.65,107,4.0,,409.0,53.0,7.0,27.0,,,19.676431200805645
climap1,3.383,-20.12,82,11.0,,360.0,4.0,546.0,25.0,,,24.18807326986478
climap1,14.167,-18.58,68,148.0,,106.0,0.0,80.0,6.0,,,22.551974350236605
climap1,8.717,-41.25,94,15.0,,418.0,2.0,92.0,14.0,,,22.81386695885846
climap1,21.3,-22.68,75,39.0,,49.0,2.0,171.0,9.0,,,18.00356302992263
climap1,29.583,-28.57,93,25.0,,156.0,12.0,88.0,20.0,,,17.353893804094085
climap1,15.317,-77.95,90,3.0,,312.0,16.0,37.0,82.0,,,22.724221524996455
climap1,-3.55,-35.23,203,0.0,,391.0,14.0,58.0,22.0,,,23.37694169462597
climap1,19.333,-26.12,76,22.0,,159.0,2.0,146.0,1.0,,,18.45355988142435
climap1,5.1,-26.65,35,25.0,,360.0,1.0,199.0,22.0,,,23.76469849998439
climap1,3.05,-11.82,59,0.0,,111.0,3.0,78.0,0.0,,,23.99130774156055
climap1,35.017,-40.92,102,48.0,,93.0,1.0,96.0,5.0,,,18.30314607998946
climap1,17.033,-76.6,107,3.0,,356.0,26.0,32.0,50.0,,,23.78070632523444
climap1,11.933,-78.68,47,5.0,,355.0,24.0,33.0,21.0,,,22.882235969095472
climap1,11.65,-80.13,78,0.0,,289.0,0.0,21.0,24.0,,,22.865799337290394
climap1,11.117,-80.4,78,1.0,,286.0,23.0,42.0,35.0,,,22.865799337290394
climap1,33.7,-29.38,114,3.0,,60.0,10.0,109.0,4.0,,,17.419676336197448
climap1,33.7,-29.38,80,17.0,,104.0,3.0,101.0,7.0,,,17.419676336197448
climap1,36.3,-29.37,118,46.0,,108.0,0.0,105.0,4.0,,,16.23982634749543
climap1,5.117,77.583,62,74.0,,53.0,9.0,112.0,5.0,,,25.47335881659932
climap1,3.083,76.25,162,56.0,,160.0,13.0,293.0,25.0,,,25.683394164873484
climap1,-6.267,63.433,69,21.0,,126.0,4.0,115.0,13.0,,,24.83822408430376
climap2,39.267,-36.7,195,99.0,0.0,90.0,0.0,220.0,0.0,4.0,,14.64058196858743
climap2,39.5998,-36.7,195,99.0,0.0,90.0,0.0,220.0,0.0,4.0,,14.64058196858743
climap2,25.833,-19.2998,199,89.0,0.0,89.0,1.0,52.0,0.0,5.0,,16.635859420973706
climap2,-0.05,-24.1667,162,23.0,0.0,98.0,10.0,218.0,0.0,0.0,,22.780135173763192
climap2,-39.72,82.25,123,105.0,0.0,22.0,0.0,51.0,0.0,0.0,,9.683578974621037
climap2,15.857,-74.79,22,6.0,0.0,219.0,8.0,89.0,0.0,0.0,,22.525318733141773
climap2,16.708,-75.44,9,3.0,0.0,235.0,6.0,46.0,0.0,0.0,,22.975901503461134
climap2,15.065,-75.95,19,6.0,0.0,197.0,12.0,74.0,0.0,0.0,,22.579848882850385
climap2,-0.8333,89.95,152,96.0,0.0,296.0,40.0,1284.0,180.0,0.0,,24.937346619627554
climap2,15.033,66.097,15,17.0,0.0,44.0,3.0,155.0,0.0,0.0,,23.770344438911305
climap2,-31.5,32.607,36,23.0,0.0,49.0,6.0,145.0,0.0,0.0,,21.215683551342604
climap2,-32.11,36.01,45,42.0,0.0,43.0,4.0,123.0,0.0,0.0,,18.351624690247974
climap2,-13.22,65.617,32,10.0,0.0,55.0,10.0,114.0,1.0,0.0,,22.976824996100078
climap2,8.65,58.567,51,28.0,0.0,21.0,7.0,148.0,0.0,0.0,,23.57993087092135
climap2,10.25,57.183,69,30.0,0.0,24.0,6.0,149.0,0.0,0.0,,22.782960725835693
climap2,-29.63,32.867,27,9.0,0.0,51.0,9.0,153.0,0.0,0.0,,
climap2,-28.43,43.783,33,28.0,0.0,36.0,25.0,115.0,0.0,1.0,,20.554142310593747
climap2,15.4,-43.4,55,15.0,0.0,392.0,8.0,9.0,1.0,0.0,,20.70640636830757
climap2,5.067,-36.8,15,9.0,0.0,245.0,7.0,36.0,0.0,2.0,,23.303024846806583
climap2,32.75,-41.9,59,24.0,0.0,147.0,1.0,99.0,0.0,0.0,,19.748555867496805
climap2,8.117,73.25,25,30.0,0.0,27.0,24.0,131.0,6.0,2.0,,25.27068338853743
climap2,6.7,59.333,47,36.0,0.0,23.0,8.0,121.0,4.0,0.0,,24.4165031204347
climap2,6.867,60.667,61,35.0,0.0,27.0,13.0,101.0,3.0,0.0,,24.59653765189613
climap2,13.233,-78.37,10,3.0,2.0,226.0,10.0,37.0,0.0,0.0,,22.505910992533256
climap2,-5.333,40.433,30,18.0,0.0,32.0,17.0,130.0,0.0,2.0,,23.82749185732429
climap2,-6.983,41.183,20,28.0,0.0,52.0,17.0,119.0,1.0,2.0,,23.840210530004917
climap2,-10.23,43.817,52,27.0,0.0,29.0,1.0,101.0,0.0,0.0,,23.693230037926554
climap2,11.8,-79.07,9,3.0,0.0,197.0,13.0,54.0,0.0,0.0,,22.820474555227307
climap2,2.0,-5.25,89,23.0,0.0,216.0,1.0,95.0,0.0,0.0,,23.396821355463647
climap2,-21.8,69.233,16,4.0,0.0,58.0,23.0,60.0,1.0,2.0,,20.754139799296986
climap2,-22.3,68.0,21,9.0,0.0,57.0,17.0,59.0,0.0,1.0,,20.567692209276256
climap2,23.367,-43.65,13,12.0,0.0,270.0,25.0,5.0,0.0,0.0,,19.676431200805645
climap2,3.383,-20.12,62,5.0,0.0,167.0,0.0,139.0,0.0,0.0,,24.18807326986478
climap2,14.167,-18.58,62,116.0,1.0,89.0,0.0,66.0,0.0,3.0,,22.551974350236605
climap2,8.717,-41.25,27,27.0,0.0,247.0,5.0,103.0,0.0,0.0,,22.81386695885846
climap2,21.3,-22.68,161,36.0,0.0,54.0,2.0,41.0,0.0,1.0,,18.00356302992263
climap2,29.583,-28.57,38,26.0,0.0,168.0,6.0,67.0,0.0,1.0,,17.353893804094085
climap2,1.367,-33.48,78,10.0,0.0,263.0,12.0,193.0,0.0,0.0,,23.263086850529742
climap2,19.333,-26.12,107,20.0,0.0,124.0,1.0,47.0,0.0,0.0,,18.45355988142435
climap2,5.1,-26.65,46,17.0,0.0,253.0,1.0,110.0,0.0,0.0,,23.76469849998439
climap2,3.05,-11.82,48,0.0,0.0,81.0,3.0,51.0,0.0,0.0,,23.99130774156055
climap2,35.017,-40.92,61,52.0,0.0,83.0,1.0,69.0,0.0,5.0,,18.30314607998946
climap2,68.467,-13.55,301,0.0,0.0,0.0,0.0,0.0,0.0,0.0,,-1.5875723990637711
climap2,72.183,8.583,6,3.0,0.0,0.0,0.0,1.0,0.0,0.0,,-0.8762643922170594
climap2,66.6,1.117,673,0.0,0.0,0.0,0.0,1.0,0.0,0.0,,-0.6648785343495991
climap2,11.117,-80.4,19,1.0,0.0,211.0,15.0,61.0,0.0,0.0,,22.865799337290394
climap2,64.783,-29.57,674,4.0,0.0,0.0,0.0,0.0,0.0,0.0,,4.5163737668259545
climap2,68.033,-6.117,488,0.0,0.0,0.0,0.0,0.0,0.0,0.0,,-1.4241667079410885
climap2,33.7,-29.38,60,20.0,0.0,104.0,4.0,75.0,0.0,4.0,,17.419676336197448
climap2,36.3,-29.37,62,53.0,0.0,114.0,0.0,75.0,0.0,4.0,,16.23982634749543
climap2,68.383,-5.45,331,0.0,0.0,0.0,0.0,0.0,0.0,0.0,,-1.3948625628830182
climap2,68.3833,-5.45,331,0.0,0.0,0.0,0.0,0.0,0.0,0.0,,-1.3948625628830182
climap2,5.117,77.583,11,47.0,0.0,28.0,9.0,180.0,1.0,0.0,,25.47335881659932
climap2,3.083,76.25,23,20.0,0.0,26.0,5.0,191.0,3.0,0.0,,25.683394164873484
climap2,-6.267,63.433,51,14.0,0.0,42.0,3.0,138.0,3.0,0.0,,24.83822408430376
climap3,43.465,-32.85,75,126.0,,26.0,0.0,79.0,1.0,8.0,,10.6173913394692
climap3,39.895,85.41,101,151.0,,0.0,0.0,49.0,0.0,0.0,,
climap3,-38.542,79.898,114,140.0,,2.0,0.0,42.0,0.0,2.0,,10.52637077647979
climap3,-44.877,106.518,76,105.0,,1.0,,40.0,0.0,0.0,,5.944421172322243
climap3,13.178,-79.83,14,5.0,0.0,187.0,18.0,65.0,15.0,0.0,,22.57564610756582
climap3,15.065,-75.95,19,6.0,0.0,169.0,12.0,74.0,28.0,0.0,,22.579848882850385
climap3,16.708,-75.44,9,3.0,0.0,224.0,6.0,46.0,11.0,0.0,,22.975901503461134
climap3,42.3833,-21.9667,131,154.0,0.0,23.0,0.0,85.0,0.0,32.0,,12.65345506856482
climap3,35.05,-11.62,90,67.0,0.0,107.0,7.0,32.0,4.0,23.0,,14.869844981022874
climap3,37.233,33.13,151,115.0,0.0,86.0,10.0,62.0,3.0,38.0,,
epilog,-6.5823,10.3186,92,275.0,0.0,116.0,0.0,179.0,0.0,0.0,,23.109647042573236
epilog,-6.5823,10.3186,87,96.0,0.0,75.0,0.0,207.0,4.0,0.0,,23.109647042573236
epilog,-6.5823,10.3186,61,183.0,0.0,67.0,3.0,182.0,0.0,0.0,,23.109647042573236
epilog,-6.5823,10.3186,111,95.0,0.0,76.0,0.0,181.0,7.0,0.0,,23.109647042573236
epilog,-6.5823,10.3186,73,66.0,0.0,63.0,0.0,109.0,5.0,0.0,,23.109647042573236
epilog,-6.5823,10.3186,82,106.0,0.0,117.0,0.0,59.0,14.0,0.0,,23.109647042573236
epilog,-6.5823,10.3186,27,45.0,0.0,83.0,0.0,28.0,15.0,0.0,,23.109647042573236
epilog,-6.5823,10.3186,136,242.0,0.0,128.0,5.0,81.0,11.0,0.0,,23.109647042573236
epilog,-6.5823,10.3186,59,118.0,0.0,140.0,0.0,70.0,17.0,0.0,,23.109647042573236
epilog,-6.5823,10.3186,109,245.0,0.0,101.0,3.0,133.0,8.0,0.0,,23.109647042573236
epilog,-11.7705,11.6819,126,194.0,0.0,118.0,4.0,223.0,20.0,0.0,,22.267768416124724
epilog,-11.7705,11.6819,39,33.0,0.0,92.0,5.0,160.0,11.0,0.0,,22.267768416124724
epilog,-11.7705,11.6819,96,34.0,0.0,124.0,0.0,114.0,13.0,0.0,,22.267768416124724
epilog,-20.104,9.1858,221,156.0,0.0,8.0,2.0,75.0,0.0,0.0,,18.523291840691495
epilog,-20.104,9.1858,308,194.0,0.0,32.0,0.0,106.0,3.0,0.0,,18.523291840691495
epilog,-21.88,7.1017,152,83.0,0.0,40.0,4.0,126.0,1.0,0.0,,17.06071953746672
epilog,-21.88,7.1017,233,125.0,0.0,46.0,6.0,114.0,3.0,0.0,,17.06071953746672
epilog,-22.915,6.0367,186,69.0,0.0,35.0,7.0,113.0,4.0,0.0,,16.383212372340545
epilog,-22.915,6.0367,256,82.0,0.0,84.0,9.0,129.0,5.0,0.0,,16.383212372340545
epilog,-21.735,5.4217,280,149.0,0.0,112.0,5.0,216.0,8.0,0.0,,16.570721798663556
epilog,-3.475,-7.6,103,101.0,0.0,92.0,0.0,249.0,6.0,0.0,,22.37991780801959
epilog,-3.475,-7.6,82,49.0,0.0,59.0,0.0,182.0,2.0,0.0,,22.37991780801959
epilog,1.6583,-10.98,115,19.0,0.0,169.0,0.0,311.0,13.0,0.0,,22.918470092759243
epilog,1.6583,-10.98,68,13.0,0.0,115.0,0.0,336.0,18.0,0.0,,22.918470092759243
epilog,-1.665,-12.4283,100,94.0,0.0,83.0,15.0,190.0,5.0,0.0,,22.015093174568445
epilog,-5.7783,-10.75,111,87.0,0.0,170.0,5.0,185.0,21.0,0.0,,22.56813179975349
epilog,-5.7783,-10.75,105,81.0,0.0,188.0,0.0,189.0,17.0,0.0,,22.56813179975349
epilog,-3.5583,-12.58,102,126.0,0.0,168.0,8.0,264.0,14.0,0.0,,22.521630938450222
epilog,-3.5583,-12.58,51,127.0,0.0,163.0,1.0,255.0,11.0,0.0,,22.521630938450222
epilog,-3.815,-14.8967,87,31.0,0.0,157.0,4.0,92.0,13.0,0.0,,22.61533661058427
epilog,-3.815,-14.8967,53,43.0,0.0,67.0,8.0,117.0,8.0,0.0,,22.61533661058427
epilog,-3.815,-14.8967,164,58.0,0.0,92.0,7.0,253.0,11.0,0.0,,22.61533661058427
epilog,-24.69,7.24,250,132.0,0.0,69.0,17.0,163.0,11.0,0.0,,15.828021714957327
epilog,-24.69,7.24,290,155.0,0.0,63.0,15.0,146.0,9.0,0.0,,15.828021714957327
epilog,-24.0333,5.3067,166,60.0,0.0,49.0,5.0,62.0,3.0,2.0,,15.665147126265708
epilog,-24.0333,5.3067,163,72.0,0.0,51.0,16.0,81.0,5.0,0.0,,15.665147126265708
epilog,-35.2067,-26.765,478,102.0,0.0,35.0,0.0,103.0,2.0,0.0,,14.866317720611026
epilog,-15.68,-9.455,99,64.0,0.0,233.0,23.0,176.0,12.0,0.0,,19.059021531496313
epilog,-15.68,-9.455,92,50.0,0.0,172.0,18.0,119.0,13.0,0.0,,19.059021531496313
epilog,-20.3667,-12.7067,113,131.0,0.0,240.0,55.0,121.0,23.0,0.0,,18.15117440949485
epilog,-20.3667,-12.7067,79,125.0,0.0,276.0,45.0,158.0,17.0,2.0,,18.15117440949485
epilog,-15.5367,-17.0683,33,89.0,0.0,334.0,48.0,95.0,10.0,0.0,,20.078614912666268
epilog,-3.6783,-32.0067,109,8.0,0.0,308.0,0.0,89.0,23.0,0.0,,23.280441869798466
epilog,-3.6783,-32.0067,102,12.0,0.0,435.0,0.0,104.0,17.0,1.0,,23.280441869798466
epilog,2.3117,-30.6467,131,42.0,0.0,282.0,37.0,250.0,8.0,0.0,,23.56588871871938
epilog,2.3117,-30.6467,143,60.0,0.0,273.0,38.0,209.0,8.0,0.0,,23.56588871871938
epilog,2.27,-33.01,171,37.0,0.0,429.0,12.0,231.0,11.0,0.0,,23.418596943535185
epilog,2.27,-33.01,139,20.0,0.0,365.0,1.0,168.0,10.0,0.0,,23.418596943535185
epilog,5.3333,-34.025,49,1.0,0.0,378.0,10.0,97.0,29.0,0.0,,23.34609001890322
epilog,4.2383,-43.6667,65,6.0,0.0,352.0,8.0,91.0,10.0,0.0,,23.15670367602599
epilog,1.95,3.5517,67,19.0,0.0,210.0,5.0,311.0,25.0,1.0,,23.019176373555798
epilog,1.95,3.5517,59,30.0,0.0,367.0,20.0,390.0,27.0,0.0,,23.019176373555798
epilog,1.95,3.5517,50,32.0,0.0,272.0,13.0,318.0,25.0,0.0,,23.019176373555798
epilog,1.95,3.5517,122,12.0,0.0,217.0,18.0,267.0,24.0,0.0,,23.019176373555798
epilog,1.95,3.5517,99,18.0,0.0,116.0,3.0,155.0,14.0,0.0,,23.019176373555798
epilog,-29.45,11.75,262,67.0,0.0,24.0,6.0,177.0,5.0,0.0,,15.120078143190078
epilog,-29.45,11.75,393,64.0,0.0,38.0,3.0,96.0,1.0,0.0,,15.120078143190078
epilog,-8.675,-11.845,64,28.0,0.0,252.0,27.0,218.0,25.0,1.0,,22.053762060979235
epilog,-8.675,-11.845,158,41.0,0.0,294.0,17.0,243.0,33.0,1.0,,22.053762060979235
epilog,-8.675,-11.845,222,51.0,0.0,470.0,72.0,262.0,33.0,1.0,,22.053762060979235
epilog,-17.1433,-13.9867,74,77.0,0.0,355.0,76.0,202.0,26.0,1.0,,18.820446933442533
epilog,-17.1433,-13.9867,77,41.0,0.0,610.0,151.0,139.0,27.0,3.0,,18.820446933442533
epilog,-30.87,14.3433,518,107.0,0.0,33.0,1.0,131.0,17.0,3.0,,15.13856290900382
epilog,-30.87,14.3433,436,97.0,0.0,30.0,4.0,95.0,10.0,0.0,,15.13856290900382
epilog,-30.87,14.3433,712,120.0,0.0,29.0,10.0,102.0,3.0,1.0,,15.13856290900382
epilog,-31.9,-1.33,233,227.0,0.0,71.0,7.0,124.0,15.0,0.0,,15.54565585249922
epilog,-36.06,-8.7783,279,269.0,0.0,11.0,2.0,147.0,2.0,0.0,,13.341688576980541
epilog,-36.8333,-14.4033,273,230.0,0.0,8.0,0.0,175.0,0.0,0.0,,13.384368305272721
epilog,-27.9117,-45.8817,55,16.0,0.0,188.0,18.0,125.0,8.0,0.0,,20.98442417067168
epilog,-27.9117,-45.8817,51,23.0,0.0,161.0,20.0,91.0,6.0,0.0,,20.98442417067168
epilog,-27.9117,-45.8817,84,25.0,0.0,179.0,28.0,189.0,6.0,0.0,,20.98442417067168
epilog,-27.9117,-45.8817,86,23.0,0.0,264.0,58.0,153.0,4.0,0.0,,20.98442417067168
epilog,-25.5117,-35.9983,75,8.0,0.0,68.0,0.0,43.0,0.0,0.0,,21.01955585212759
epilog,-23.0383,-36.6517,22,42.0,0.0,337.0,11.0,39.0,2.0,0.0,,21.557645812353854
epilog,-20.8233,-39.8633,18,12.0,0.0,322.0,29.0,197.0,7.0,0.0,,
epilog,-20.8233,-39.8633,15,10.0,0.0,361.0,36.0,236.0,1.0,4.0,,
epilog,-8.1983,-34.265,31,6.0,0.0,598.0,22.0,124.0,16.0,0.0,,
epilog,-8.1983,-34.265,30,9.0,0.0,567.0,29.0,135.0,18.0,0.0,,
epilog,-8.1983,-34.265,24,15.0,0.0,537.0,49.0,152.0,4.0,0.0,,
epilog,-8.1983,-34.265,14,5.0,0.0,471.0,48.0,140.0,11.0,0.0,,
epilog,0.0067,-23.495,217,72.0,0.0,218.0,12.0,202.0,15.0,0.0,,22.883587649809517
epilog,0.0067,-23.495,173,16.0,0.0,82.0,1.0,159.0,2.0,0.0,,22.883587649809517
epilog,-30.8483,-38.3433,289,109.0,0.0,214.0,21.0,138.0,8.0,0.0,,19.02104037099796
epilog,-3.6667,-37.7167,23,0.0,0.0,451.0,11.0,217.0,9.0,0.0,,
epilog,-3.6667,-37.7167,36,0.0,0.0,346.0,9.0,212.0,7.0,0.0,,
epilog,-3.6667,-37.7167,34,0.0,0.0,301.0,9.0,157.0,12.0,0.0,,
epilog,-3.6667,-37.7167,34,0.0,0.0,283.0,22.0,173.0,21.0,0.0,,
epilog,-3.6667,-37.7167,35,0.0,0.0,227.0,18.0,109.0,10.0,0.0,,
epilog,-4.295,-37.0917,40,0.0,0.0,347.0,30.0,176.0,4.0,0.0,,
epilog,-4.295,-37.0917,35,0.0,0.0,254.0,21.0,137.0,3.0,0.0,,
epilog,-4.295,-37.0917,31,0.0,0.0,248.0,47.0,121.0,6.0,0.0,,
epilog,-4.295,-37.0917,24,0.0,0.0,236.0,10.0,129.0,9.0,0.0,,
epilog,-4.295,-37.0917,18,3.0,0.0,211.0,8.0,93.0,5.0,0.0,,
epilog,-4.295,-37.0917,20,0.0,0.0,314.0,4.0,89.0,6.0,0.0,,
epilog,-4.295,-37.0917,14,1.0,0.0,381.0,10.0,103.0,7.0,0.0,,
epilog,-7.0533,-34.4633,29,11.0,3.0,383.0,10.0,45.0,8.0,0.0,,
epilog,-7.0533,-34.4633,20,13.0,0.0,315.0,16.0,36.0,2.0,0.0,,
epilog,-7.0533,-34.4633,16,22.0,0.0,306.0,12.0,32.0,3.0,0.0,,
epilog,-7.0533,-34.4633,32,5.0,0.0,407.0,15.0,52.0,3.0,0.0,,
epilog,-7.0117,-34.4417,17,4.0,0.0,302.0,13.0,76.0,6.0,0.0,,
epilog,-7.0117,-34.4417,25,12.0,0.0,375.0,21.0,103.0,5.0,0.0,,
epilog,-7.0117,-34.4417,26,21.0,0.0,400.0,26.0,64.0,7.0,0.0,,
epilog,-7.0117,-34.4417,9,6.0,0.0,405.0,8.0,71.0,6.0,0.0,,
epilog,-35.125,17.5433,282,71.0,0.0,11.0,0.0,69.0,2.0,0.0,,16.107779823240307
epilog,-35.125,17.5433,239,68.0,0.0,8.0,0.0,79.0,3.0,0.0,,16.107779823240307
epilog,-25.25,12.0217,627,29.0,0.0,0.0,0.0,54.0,0.0,0.0,,16.631190444203288
epilog,-25.25,12.0217,864,91.0,0.0,12.0,0.0,95.0,1.0,0.0,,16.631190444203288
epilog,-25.25,12.0217,960,25.0,0.0,3.0,0.0,64.0,0.0,0.0,,16.631190444203288
epilog,-25.25,12.0217,781,46.0,0.0,1.0,0.0,44.0,0.0,0.0,,16.631190444203288
epilog,-29.5117,-8.305,119,91.0,0.0,120.0,20.0,111.0,11.0,0.0,,16.92874043212572
epilog,-30.8117,-14.7117,169,185.0,0.0,150.0,21.0,164.0,35.0,0.0,,17.214834789174482
epilog,-32.2683,-21.9667,252,88.0,0.0,100.0,5.0,125.0,2.0,0.0,,16.60433050562898
epilog,-23.825,-16.2583,61,48.0,0.0,272.0,74.0,158.0,14.0,0.0,,18.86405129574343
epilog,-24.1433,-14.0433,73,71.0,0.0,354.0,78.0,177.0,39.0,0.0,,18.50213379474791
epilog,-24.1433,-14.0433,79,55.0,0.0,313.0,80.0,138.0,39.0,0.0,,18.50213379474791
epilog,-24.1433,-14.0433,51,49.0,0.0,249.0,44.0,154.0,18.0,0.0,,18.50213379474791
epilog,-24.1433,-14.0433,58,43.0,0.0,281.0,62.0,172.0,32.0,0.0,,18.50213379474791
epilog,-24.1833,-12.0217,76,54.0,0.0,238.0,87.0,152.0,26.0,0.0,,18.120754787678774
epilog,-19.0867,-10.1917,102,89.0,0.0,343.0,59.0,174.0,23.0,0.0,,17.944395650671982
epilog,-19.0517,-16.6133,62,47.0,0.0,238.0,158.0,122.0,14.0,2.0,,18.88713247950988
epilog,-19.0517,-16.6133,62,47.0,0.0,315.0,172.0,152.0,17.0,4.0,,18.88713247950988
epilog,-19.0517,-16.6133,59,45.0,0.0,242.0,109.0,84.0,15.0,5.0,,18.88713247950988
Fr194-GC3,-44.25,149.98,114,222.0,0.0,1.0,0.0,84.0,0.0,,0.0,9.955330659633022
Fr194-GC3,-44.25,149.98,93,206.0,0.0,1.0,0.0,81.0,0.0,,0.0,9.955330659633022
GIK1561202,44.36,-26.543333,362,128.0,0.0,2.0,0.0,13.0,0.0,0.0,,9.56603531180047
GIK1561202,44.36,-26.543333,311,107.0,0.0,0.0,0.0,27.0,0.0,0.0,,9.56603531180047
GIK1561202,44.36,-26.543333,320,172.0,0.0,0.0,0.0,19.0,0.0,0.0,,9.56603531180047
GIK1561202,44.36,-26.543333,230,120.0,0.0,5.0,0.0,13.0,0.0,0.0,,9.56603531180047
GIK1561202,44.36,-26.543333,271,164.0,0.0,0.0,3.0,36.0,0.0,0.0,,9.56603531180047
GIK1561202,44.36,-26.543333,251,153.0,0.0,4.0,0.0,32.0,0.0,0.0,,9.56603531180047
GIK17732-1,71.613333,4.213333,462,7.0,0.0,0.0,,0.0,0.0,,,-1.2335311270460125
GIK23059-3,70.305,-3.123333,372,2.0,0.0,0.0,,0.0,0.0,,,-1.6084277256882424
IODP_U1418,58.8,-144.13,10,,,,,,,,,7.057073438580697
JM05-085-GC,71.6218,22.9261,0,0.0,0.0,0.0,,0.0,,,,
JM05-085-GC,71.6218,22.9261,10,0.0,2.0,0.0,,0.0,,,,
JM05-085-GC,71.6218,22.9261,143,10.0,11.0,1.0,,1.0,,,,
JM05-085-GC,71.6218,22.9261,49,4.0,2.0,0.0,,3.0,,,,
JM05-085-GC,71.6218,22.9261,16,2.0,0.0,0.0,,1.0,,,,
JM05-085-GC,71.6218,22.9261,15,0.0,1.0,0.0,,0.0,,,,
JM05-085-GC,71.6218,22.9261,18,1.0,0.0,0.0,,1.0,,,,
margo,36.5,24.3,145,89.0,0.0,2.0,0.0,31.0,0.0,0.0,,
margo,8.983333333,51.73333333,27,41.0,0.0,24.0,13.0,130.0,0.0,0.0,,
margo,41.95,5.93,28,146.0,0.0,0.0,0.0,32.0,0.0,0.0,,12.50218249211757
margo,41.95,5.93,33,130.0,0.0,2.0,0.0,10.0,0.0,0.0,,12.50218249211757
margo,41.95,5.93,41,185.0,0.0,2.0,0.0,32.0,0.0,0.0,,12.50218249211757
margo,38.231,14.23,95,45.0,0.0,28.0,3.0,59.0,0.0,0.0,,
margo,38.231,14.23,135,97.0,0.0,41.0,2.0,104.0,0.0,0.0,,
margo,38.231,14.23,197,146.0,0.0,88.0,1.0,119.0,0.0,0.0,,
margo,38.231,14.23,81,57.0,0.0,37.0,0.0,41.0,0.0,0.0,,
margo,38.231,14.23,73,61.0,0.0,47.0,0.0,55.0,0.0,0.0,,
margo,38.231,14.23,96,68.0,0.0,51.0,0.0,59.0,0.0,0.0,,
margo,38.231,14.23,170,116.0,0.0,72.0,0.0,103.0,0.0,0.0,,
margo,38.231,14.23,62,47.0,0.0,36.0,0.0,39.0,0.0,0.0,,
margo,38.231,14.23,98,65.0,0.0,64.0,0.0,62.0,0.0,0.0,,
margo,38.231,14.23,137,70.0,0.0,77.0,0.0,91.0,0.0,0.0,,
margo,38.231,14.23,124,96.0,0.0,101.0,0.0,82.0,0.0,0.0,,
margo,38.231,14.23,139,112.0,0.0,62.0,2.0,113.0,0.0,0.0,,
margo,38.231,14.23,74,58.0,0.0,38.0,0.0,67.0,0.0,0.0,,
margo,38.231,14.23,72,55.0,0.0,27.0,0.0,57.0,0.0,0.0,,
margo,38.231,14.23,105,62.0,0.0,55.0,1.0,79.0,0.0,0.0,,
margo,38.231,14.23,84,80.0,0.0,62.0,0.0,93.0,0.0,0.0,,
margo,38.231,14.23,88,84.0,0.0,64.0,1.0,104.0,0.0,0.0,,
margo,38.231,14.23,61,42.0,0.0,50.0,0.0,52.0,0.0,0.0,,
margo,38.231,14.23,95,64.0,0.0,63.0,0.0,73.0,0.0,0.0,,
margo,38.231,14.23,66,52.0,0.0,46.0,0.0,42.0,0.0,0.0,,
margo,38.231,14.23,92,40.0,0.0,37.0,3.0,54.0,0.0,0.0,,
margo,38.157,14.018,138,89.0,0.0,54.0,0.0,82.0,0.0,0.0,,
margo,38.157,14.018,122,107.0,0.0,37.0,0.0,71.0,0.0,0.0,,
margo,38.157,14.018,111,105.0,0.0,67.0,0.0,49.0,0.0,0.0,,
margo,38.157,14.018,125,101.0,0.0,43.0,0.0,51.0,0.0,0.0,,
margo,38.157,14.018,107,109.0,0.0,53.0,0.0,43.0,0.0,0.0,,
margo,38.157,14.018,104,96.0,0.0,93.0,0.0,50.0,0.0,0.0,,
margo,38.157,14.018,104,120.0,0.0,55.0,0.0,65.0,0.0,0.0,,
margo,38.157,14.018,120,88.0,0.0,81.0,0.0,74.0,0.0,0.0,,
margo,38.157,14.018,108,99.0,0.0,67.0,0.0,63.0,0.0,0.0,,
margo,38.157,14.018,114,99.0,0.0,75.0,0.0,54.0,0.0,0.0,,
margo,38.157,14.018,118,91.0,0.0,57.0,0.0,77.0,0.0,0.0,,
margo,38.157,14.018,97,81.0,0.0,58.0,0.0,65.0,0.0,0.0,,
margo,38.157,14.018,93,111.0,0.0,45.0,0.0,90.0,0.0,0.0,,
margo,38.215,13.269,186,168.0,0.0,43.0,2.0,72.0,0.0,0.0,,14.10984035276363
margo,38.215,13.269,119,114.0,0.0,43.0,0.0,127.0,0.0,0.0,,14.10984035276363
margo,38.215,13.269,122,126.0,0.0,27.0,0.0,133.0,0.0,0.0,,14.10984035276363
margo,38.247,13.346,43,90.0,0.0,28.0,0.0,79.0,0.0,0.0,,14.10984035276363
margo,38.247,13.346,53,83.0,0.0,24.0,1.0,72.0,0.0,0.0,,14.10984035276363
margo,38.247,13.346,65,102.0,0.0,23.0,0.0,95.0,0.0,0.0,,14.10984035276363
margo,38.247,13.346,50,73.0,0.0,20.0,0.0,75.0,0.0,0.0,,14.10984035276363
margo,38.247,13.346,55,75.0,0.0,28.0,0.0,79.0,0.0,0.0,,14.10984035276363
margo,38.247,13.346,40,82.0,0.0,15.0,2.0,100.0,0.0,0.0,,14.10984035276363
margo,38.247,13.346,15,26.0,0.0,16.0,0.0,14.0,0.0,0.0,,14.10984035276363
margo,38.247,13.346,30,142.0,0.0,59.0,1.0,102.0,0.0,0.0,,14.10984035276363
margo,38.247,13.346,39,92.0,0.0,29.0,0.0,87.0,0.0,0.0,,14.10984035276363
margo,38.247,13.346,44,111.0,0.0,31.0,0.0,91.0,0.0,0.0,,14.10984035276363
margo,38.247,13.346,45,116.0,0.0,36.0,0.0,105.0,0.0,0.0,,14.10984035276363
margo,38.247,13.346,44,100.0,0.0,45.0,0.0,85.0,0.0,0.0,,14.10984035276363
margo,38.247,13.346,137,78.0,0.0,43.0,0.0,43.0,0.0,0.0,,14.10984035276363
margo,38.247,13.346,48,69.0,0.0,33.0,0.0,37.0,0.0,0.0,,14.10984035276363
margo,38.247,13.346,143,124.0,0.0,51.0,1.0,60.0,0.0,0.0,,14.10984035276363
margo,38.247,13.346,70,100.0,0.0,38.0,1.0,59.0,0.0,0.0,,14.10984035276363
margo,38.247,13.346,60,108.0,0.0,30.0,0.0,59.0,0.0,0.0,,14.10984035276363
margo,38.247,13.346,104,191.0,0.0,35.0,0.0,93.0,0.0,0.0,,14.10984035276363
margo,38.247,13.346,49,95.0,0.0,28.0,0.0,62.0,0.0,0.0,,14.10984035276363
margo,38.247,13.346,160,148.0,0.0,46.0,0.0,86.0,0.0,0.0,,14.10984035276363
margo,38.247,13.346,46,119.0,0.0,33.0,2.0,67.0,0.0,0.0,,14.10984035276363
margo,38.247,13.346,63,155.0,0.0,25.0,0.0,82.0,0.0,0.0,,14.10984035276363
margo,38.247,13.346,45,130.0,0.0,25.0,0.0,68.0,0.0,0.0,,14.10984035276363
margo,38.247,13.346,47,100.0,0.0,52.0,0.0,70.0,0.0,0.0,,14.10984035276363
margo,-41.58333333,-171.5,13,54.0,0.0,11.0,0.0,126.0,0.0,,,10.029588197653206
margo,-41.58333333,-171.5,18,85.0,0.0,17.0,0.0,121.0,0.0,,,10.029588197653206
margo,39.41,13.34,51,78.0,0.0,24.0,0.0,34.0,0.0,0.0,,13.903539151226221
margo,39.41,13.34,96,138.0,0.0,28.0,0.0,47.0,0.0,0.0,,13.903539151226221
margo,28.148,127.271,57,131.0,0.0,263.0,69.0,663.0,0.0,,,
margo,28.148,127.271,55,140.0,0.0,277.0,67.0,654.0,0.0,,,
margo,28.148,127.271,55,144.0,0.0,262.0,76.0,678.0,0.0,,,
margo,28.148,127.271,60,471.0,0.0,348.0,318.0,945.0,0.0,,,
margo,28.148,127.271,64,476.0,0.0,337.0,332.0,972.0,0.0,,,
margo,28.148,127.271,62,455.0,0.0,319.0,303.0,999.0,0.0,,,
margo,28.148,127.271,56,382.0,0.0,296.0,260.0,963.0,0.0,,,
margo,28.148,127.271,60,377.0,0.0,304.0,253.0,951.0,0.0,,,
margo,28.148,127.271,58,370.0,0.0,315.0,262.0,960.0,0.0,,,
margo,28.148,127.271,60,348.0,0.0,318.0,213.0,812.0,0.0,,,
margo,28.148,127.271,66,341.0,0.0,298.0,227.0,790.0,0.0,,,
margo,28.148,127.271,56,369.0,0.0,301.0,245.0,831.0,0.0,,,
margo,28.148,127.271,66,372.0,0.0,289.0,252.0,834.0,0.0,,,
margo,28.148,127.271,68,390.0,0.0,304.0,264.0,876.0,0.0,,,
margo,28.148,127.271,57,292.0,0.0,249.0,208.0,747.0,0.0,,,
margo,28.148,127.271,54,309.0,0.0,274.0,216.0,764.0,0.0,,,
margo,28.148,127.271,45,261.0,0.0,247.0,182.0,625.0,0.0,,,
margo,28.148,127.271,54,242.0,0.0,266.0,126.0,684.0,0.0,,,
margo,28.148,127.271,60,257.0,0.0,278.0,135.0,670.0,0.0,,,
margo,28.148,127.271,31,366.0,0.0,384.0,162.0,646.0,0.0,,,
margo,28.148,127.271,36,360.0,0.0,315.0,98.0,655.0,0.0,,,
margo,28.148,127.271,41,351.0,0.0,289.0,103.0,690.0,0.0,,,
margo,-45.5235,174.948,495,7.0,0.0,0.0,0.0,17.0,0.0,0.0,,5.979780757005129
margo,-40.28333333,168.34,60,142.0,0.0,3.0,0.0,69.0,0.0,0.0,,10.834436406314133
margo,-45.0667,147.2283,60,137.0,0.0,5.0,0.0,71.0,0.0,0.0,,8.418280009181212
margo,-43.23333333,105.5833333,64,170.0,0.0,0.0,0.0,49.0,0.0,0.0,,6.623354742745742
margo,-45.037,114.348,49,172.0,0.0,1.0,0.0,63.0,0.0,1.0,,5.415118395580558
margo,-33.61666667,113.5833333,23,37.0,0.0,38.0,4.0,198.0,0.0,0.0,,15.669542441555791
margo,-29.7,97.58333333,24,27.0,0.0,65.0,0.0,144.0,0.0,1.0,,15.28434567393262
margo,-30.35333333,86.485,74,50.0,0.0,90.0,0.0,96.0,0.0,0.0,,15.87785124360814
margo,-38.8533,141.0633,50,133.0,0.0,2.0,18.0,97.0,0.0,0.0,,
margo,-44.2606,149.9963889,54,201.0,0.0,4.0,0.0,53.0,0.0,0.0,,9.955330659633022
margo,-6.5823,10.3186,95,277.0,0.0,121.0,1.0,182.0,0.0,0.0,,23.109647042573236
margo,-6.5823,10.3186,91,99.0,0.0,82.0,0.0,210.0,4.0,0.0,,23.109647042573236
margo,-6.5823,10.3186,66,185.0,0.0,71.0,4.0,186.0,1.0,0.0,,23.109647042573236
margo,-6.5823,10.3186,115,96.0,0.0,84.0,0.0,185.0,5.0,0.0,,23.109647042573236
margo,-6.5823,10.3186,78,67.0,0.0,71.0,0.0,113.0,3.0,0.0,,23.109647042573236
margo,-6.5823,10.3186,86,107.0,0.0,127.0,0.0,63.0,10.0,0.0,,23.109647042573236
margo,-6.5823,10.3186,31,48.0,0.0,94.0,0.0,33.0,12.0,0.0,,23.109647042573236
margo,-6.5823,10.3186,140,245.0,0.0,137.0,6.0,85.0,8.0,0.0,,23.109647042573236
margo,-6.5823,10.3186,62,121.0,0.0,158.0,0.0,73.0,7.0,0.0,,23.109647042573236
margo,-6.5823,10.3186,113,247.0,0.0,108.0,4.0,138.0,8.0,0.0,,23.109647042573236
margo,-11.7705,11.6819,130,197.0,0.0,124.0,6.0,226.0,21.0,0.0,,22.267768416124724
margo,-11.7705,11.6819,43,36.0,0.0,101.0,7.0,164.0,7.0,0.0,,22.267768416124724
margo,-11.7705,11.6819,100,36.0,0.0,133.0,1.0,117.0,12.0,0.0,,22.267768416124724
margo,-20.104,9.1858,227,159.0,0.0,12.0,3.0,78.0,0.0,0.0,,18.523291840691495
margo,-20.104,9.1858,314,196.0,0.0,39.0,0.0,109.0,0.0,0.0,,18.523291840691495
margo,-21.88,7.1017,156,86.0,0.0,53.0,5.0,129.0,0.0,0.0,,17.06071953746672
margo,-21.88,7.1017,238,127.0,0.0,63.0,7.0,117.0,0.0,0.0,,17.06071953746672
margo,-22.915,6.0367,191,71.0,0.0,51.0,9.0,116.0,0.0,0.0,,16.383212372340545
margo,-22.915,6.0367,262,84.0,0.0,108.0,11.0,132.0,0.0,0.0,,16.383212372340545
margo,-21.735,5.4217,286,152.0,0.0,126.0,6.0,219.0,0.0,0.0,,16.570721798663556
margo,-3.475,-7.6,106,102.0,0.0,104.0,0.0,253.0,0.0,0.0,,22.37991780801959
margo,-3.475,-7.6,87,51.0,0.0,66.0,0.0,186.0,0.0,0.0,,22.37991780801959
margo,1.6583,-10.98,118,21.0,0.0,190.0,0.0,316.0,0.0,0.0,,22.918470092759243
margo,1.6583,-10.98,71,15.0,0.0,131.0,1.0,340.0,8.0,0.0,,22.918470092759243
margo,-1.665,-12.4283,105,95.0,0.0,94.0,17.0,193.0,0.0,0.0,,22.015093174568445
margo,-5.7783,-10.75,116,89.0,0.0,198.0,6.0,189.0,0.0,0.0,,22.56813179975349
margo,-5.7783,-10.75,109,84.0,0.0,213.0,1.0,192.0,0.0,0.0,,22.56813179975349
margo,-3.5583,-12.58,107,129.0,0.0,184.0,10.0,268.0,5.0,0.0,,22.521630938450222
margo,-3.5583,-12.58,56,128.0,0.0,179.0,2.0,258.0,1.0,0.0,,22.521630938450222
margo,-3.815,-14.8967,93,32.0,0.0,176.0,6.0,97.0,0.0,0.0,,22.61533661058427
margo,-3.815,-14.8967,57,45.0,0.0,81.0,10.0,122.0,0.0,0.0,,22.61533661058427
margo,-3.815,-14.8967,169,60.0,0.0,109.0,9.0,256.0,0.0,0.0,,22.61533661058427
margo,-24.69,7.24,256,135.0,0.0,82.0,20.0,166.0,4.0,0.0,,15.828021714957327
margo,-24.69,7.24,296,158.0,0.0,78.0,17.0,149.0,0.0,0.0,,15.828021714957327
margo,-24.0333,5.3067,172,61.0,0.0,59.0,6.0,64.0,0.0,3.0,,15.665147126265708
margo,-24.0333,5.3067,169,73.0,0.0,61.0,18.0,83.0,0.0,0.0,,15.665147126265708
margo,-35.2067,-26.765,483,103.0,0.0,41.0,0.0,106.0,3.0,0.0,,14.866317720611026
margo,-15.68,-9.455,106,67.0,0.0,254.0,25.0,180.0,0.0,0.0,,19.059021531496313
margo,-15.68,-9.455,96,52.0,0.0,192.0,20.0,123.0,0.0,0.0,,19.059021531496313
margo,-20.3667,-12.7067,117,134.0,0.0,269.0,57.0,126.0,5.0,0.0,,18.15117440949485
margo,-20.3667,-12.7067,84,127.0,0.0,299.0,47.0,162.0,3.0,3.0,,18.15117440949485
margo,-15.5367,-17.0683,36,91.0,0.0,351.0,49.0,99.0,2.0,0.0,,20.078614912666268
margo,-3.6783,-32.0067,112,9.0,0.0,333.0,0.0,93.0,5.0,0.0,,23.280441869798466
margo,-3.6783,-32.0067,106,14.0,0.0,457.0,0.0,107.0,3.0,2.0,,23.280441869798466
margo,2.3117,-30.6467,135,45.0,0.0,298.0,39.0,256.0,0.0,0.0,,23.56588871871938
margo,2.3117,-30.6467,148,62.0,0.0,291.0,40.0,213.0,0.0,0.0,,23.56588871871938
margo,2.27,-33.01,175,39.0,0.0,445.0,13.0,236.0,2.0,0.0,,23.418596943535185
margo,2.27,-33.01,144,22.0,0.0,382.0,2.0,174.0,0.0,0.0,,23.418596943535185
margo,5.3333,-34.025,54,3.0,0.0,414.0,11.0,100.0,0.0,0.0,,23.34609001890322
margo,4.2383,-43.6667,69,8.0,0.0,371.0,10.0,93.0,0.0,0.0,,23.15670367602599
margo,1.95,3.5517,70,21.0,0.0,235.0,7.0,314.0,7.0,2.0,,23.019176373555798
margo,1.95,3.5517,66,33.0,0.0,402.0,22.0,393.0,3.0,0.0,,23.019176373555798
margo,1.95,3.5517,54,34.0,0.0,303.0,14.0,321.0,6.0,0.0,,23.019176373555798
margo,1.95,3.5517,126,14.0,0.0,247.0,19.0,270.0,0.0,0.0,,23.019176373555798
margo,1.95,3.5517,103,19.0,0.0,136.0,4.0,158.0,0.0,1.0,,23.019176373555798
margo,-29.45,11.75,268,69.0,0.0,33.0,7.0,181.0,0.0,0.0,,15.120078143190078
margo,-29.45,11.75,398,67.0,0.0,44.0,4.0,99.0,0.0,0.0,,15.120078143190078
margo,-8.675,-11.845,68,30.0,0.0,284.0,28.0,222.0,2.0,2.0,,22.053762060979235
margo,-8.675,-11.845,162,43.0,0.0,327.0,18.0,246.0,9.0,2.0,,22.053762060979235
margo,-8.675,-11.845,227,54.0,0.0,513.0,74.0,265.0,0.0,2.0,,22.053762060979235
margo,-17.1433,-13.9867,78,79.0,0.0,389.0,78.0,208.0,0.0,2.0,,18.820446933442533
margo,-17.1433,-13.9867,82,43.0,0.0,645.0,153.0,145.0,0.0,4.0,,18.820446933442533
margo,-30.87,14.3433,523,109.0,0.0,55.0,2.0,135.0,0.0,4.0,,15.13856290900382
margo,-30.87,14.3433,441,99.0,0.0,45.0,5.0,99.0,0.0,0.0,,15.13856290900382
margo,-30.87,14.3433,718,122.0,0.0,37.0,11.0,105.0,0.0,2.0,,15.13856290900382
margo,-31.9,-1.33,239,229.0,0.0,87.0,8.0,126.0,6.0,0.0,,15.54565585249922
margo,-36.06,-8.7783,285,271.0,0.0,13.0,3.0,149.0,3.0,0.0,,13.341688576980541
margo,-36.8333,-14.4033,279,233.0,0.0,10.0,0.0,178.0,0.0,0.0,,13.384368305272721
margo,-27.9117,-45.8817,61,18.0,0.0,201.0,20.0,129.0,2.0,0.0,,20.98442417067168
margo,-27.9117,-45.8817,56,24.0,0.0,174.0,21.0,95.0,0.0,0.0,,20.98442417067168
margo,-27.9117,-45.8817,88,26.0,0.0,190.0,29.0,193.0,4.0,0.0,,20.98442417067168
margo,-27.9117,-45.8817,91,25.0,0.0,272.0,59.0,157.0,2.0,0.0,,20.98442417067168
margo,-25.5117,-35.9983,80,10.0,0.0,72.0,0.0,47.0,0.0,0.0,,21.01955585212759
margo,-23.0383,-36.6517,27,44.0,0.0,346.0,12.0,43.0,0.0,0.0,,21.557645812353854
margo,-20.8233,-39.8633,23,14.0,0.0,338.0,31.0,201.0,0.0,0.0,,
margo,-20.8233,-39.8633,19,10.0,0.0,375.0,37.0,241.0,0.0,5.0,,
margo,-8.1983,-34.265,34,7.0,0.0,622.0,23.0,128.0,0.0,0.0,,
margo,-8.1983,-34.265,33,2.0,0.0,593.0,31.0,139.0,0.0,0.0,,
margo,-8.1983,-34.265,29,9.0,0.0,548.0,50.0,158.0,0.0,0.0,,
margo,-8.1983,-34.265,18,6.0,0.0,489.0,49.0,144.0,0.0,0.0,,
margo,0.0067,-23.495,221,75.0,0.0,237.0,13.0,205.0,5.0,0.0,,22.883587649809517
margo,0.0067,-23.495,177,18.0,0.0,90.0,2.0,162.0,0.0,0.0,,22.883587649809517
margo,-30.8483,-38.3433,295,111.0,0.0,229.0,24.0,141.0,4.0,0.0,,19.02104037099796
margo,-3.6667,-37.7167,25,0.0,0.0,478.0,13.0,221.0,0.0,0.0,,
margo,-3.6667,-37.7167,40,0.0,0.0,375.0,11.0,216.0,0.0,0.0,,
margo,-3.6667,-37.7167,37,0.0,0.0,329.0,10.0,160.0,0.0,0.0,,
margo,-3.6667,-37.7167,38,0.0,0.0,316.0,25.0,177.0,0.0,0.0,,
margo,-3.6667,-37.7167,38,0.0,0.0,249.0,20.0,114.0,0.0,0.0,,
margo,-4.295,-37.0917,44,0.0,0.0,373.0,31.0,180.0,0.0,0.0,,
margo,-4.295,-37.0917,39,0.0,0.0,285.0,22.0,140.0,0.0,0.0,,
margo,-4.295,-37.0917,34,0.0,0.0,269.0,48.0,125.0,0.0,0.0,,
margo,-4.295,-37.0917,27,0.0,0.0,264.0,12.0,133.0,0.0,0.0,,
margo,-4.295,-37.0917,20,4.0,0.0,238.0,9.0,96.0,0.0,0.0,,
margo,-4.295,-37.0917,23,0.0,0.0,329.0,6.0,93.0,0.0,0.0,,
margo,-4.295,-37.0917,17,2.0,0.0,401.0,11.0,106.0,0.0,0.0,,
margo,-7.0533,-34.4633,33,12.0,0.0,398.0,12.0,49.0,0.0,0.0,,
margo,-7.0533,-34.4633,23,14.0,0.0,325.0,18.0,41.0,0.0,0.0,,
margo,-7.0533,-34.4633,18,23.0,0.0,315.0,13.0,37.0,0.0,0.0,,
margo,-7.0533,-34.4633,36,7.0,0.0,417.0,17.0,57.0,0.0,0.0,,
margo,-7.0117,-34.4417,21,4.0,0.0,316.0,15.0,81.0,0.0,0.0,,
margo,-7.0117,-34.4417,30,13.0,0.0,389.0,23.0,107.0,0.0,0.0,,
margo,-7.0117,-34.4417,30,22.0,0.0,417.0,27.0,70.0,0.0,0.0,,
margo,-7.0117,-34.4417,12,7.0,0.0,418.0,10.0,75.0,0.0,0.0,,
margo,-35.125,17.5433,285,72.0,0.0,16.0,0.0,71.0,0.0,0.0,,16.107779823240307
margo,-35.125,17.5433,242,70.0,0.0,16.0,0.0,82.0,0.0,0.0,,16.107779823240307
margo,-25.25,12.0217,631,30.0,0.0,1.0,0.0,55.0,0.0,0.0,,16.631190444203288
margo,-25.25,12.0217,868,93.0,0.0,17.0,0.0,98.0,0.0,0.0,,16.631190444203288
margo,-25.25,12.0217,964,26.0,0.0,5.0,0.0,65.0,0.0,0.0,,16.631190444203288
margo,-25.25,12.0217,785,47.0,0.0,3.0,0.0,45.0,0.0,0.0,,16.631190444203288
margo,-29.5117,-8.305,123,94.0,0.0,134.0,21.0,115.0,6.0,0.0,,16.92874043212572
margo,-30.8117,-14.7117,175,187.0,0.0,180.0,22.0,168.0,14.0,0.0,,17.214834789174482
margo,-32.2683,-21.9667,258,90.0,0.0,108.0,6.0,129.0,0.0,0.0,,16.60433050562898
margo,-23.825,-16.2583,67,50.0,0.0,294.0,75.0,162.0,0.0,0.0,,18.86405129574343
margo,-24.1433,-14.0433,80,73.0,0.0,401.0,79.0,180.0,0.0,0.0,,18.50213379474791
margo,-24.1433,-14.0433,84,58.0,0.0,360.0,82.0,142.0,0.0,0.0,,18.50213379474791
margo,-24.1433,-14.0433,56,50.0,0.0,275.0,45.0,158.0,0.0,0.0,,18.50213379474791
margo,-24.1433,-14.0433,64,45.0,0.0,321.0,63.0,176.0,0.0,0.0,,18.50213379474791
margo,-24.1833,-12.0217,82,55.0,0.0,268.0,88.0,155.0,5.0,0.0,,18.120754787678774
margo,-19.0867,-10.1917,109,91.0,0.0,367.0,60.0,179.0,8.0,0.0,,17.944395650671982
margo,-19.0517,-16.6133,68,49.0,0.0,252.0,161.0,127.0,8.0,3.0,,18.88713247950988
margo,-19.0517,-16.6133,68,49.0,0.0,335.0,175.0,158.0,7.0,5.0,,18.88713247950988
margo,-19.0517,-16.6133,64,47.0,0.0,260.0,111.0,90.0,7.0,6.0,,18.88713247950988
margo,38.49,14.3,218,139.0,0.0,2.0,2.0,61.0,0.0,0.0,,
margo,38.49,14.3,159,154.0,0.0,2.0,2.0,50.0,0.0,0.0,,
margo,38.49,14.3,238,245.0,0.0,7.0,0.0,146.0,0.0,0.0,,
margo,38.49,14.3,164,172.0,0.0,3.0,4.0,116.0,0.0,0.0,,
margo,38.49,14.3,172,145.0,0.0,7.0,0.0,124.0,0.0,0.0,,
margo,38.49,14.3,112,124.0,0.0,3.0,1.0,71.0,0.0,0.0,,
margo,38.49,14.3,181,192.0,0.0,4.0,0.0,112.0,0.0,0.0,,
margo,38.49,14.3,230,225.0,0.0,5.0,0.0,88.0,0.0,0.0,,
margo,40.33,13.21,145,102.0,0.0,85.0,3.0,92.0,0.0,0.0,,13.680188174522902
margo,40.33,13.21,76,83.0,0.0,56.0,1.0,43.0,0.0,0.0,,13.680188174522902
margo,40.33,13.21,209,91.0,0.0,78.0,0.0,68.0,0.0,0.0,,13.680188174522902
margo,40.33,13.21,177,72.0,0.0,35.0,0.0,45.0,0.0,0.0,,13.680188174522902
margo,40.33,13.21,105,163.0,0.0,31.0,0.0,50.0,0.0,0.0,,13.680188174522902
margo,40.33,13.21,279,106.0,0.0,5.0,0.0,78.0,0.0,0.0,,13.680188174522902
margo,36.32,11.41,130,113.0,0.0,131.0,0.0,83.0,0.0,0.0,,
margo,36.32,11.41,91,141.0,0.0,68.0,1.0,45.0,0.0,0.0,,
margo,36.32,11.41,110,102.0,0.0,114.0,0.0,56.0,0.0,0.0,,
margo,36.32,11.41,73,145.0,0.0,77.0,0.0,36.0,0.0,0.0,,
margo,36.32,11.41,89,102.0,0.0,96.0,0.0,35.0,0.0,0.0,,
margo,36.32,11.41,149,129.0,0.0,146.0,1.0,52.0,0.0,0.0,,
margo,36.32,11.41,102,71.0,0.0,85.0,0.0,45.0,0.0,0.0,,
margo,36.32,11.41,149,137.0,0.0,121.0,1.0,81.0,0.0,0.0,,
margo,36.32,11.41,117,115.0,0.0,98.0,3.0,54.0,0.0,0.0,,
margo,36.32,11.41,120,105.0,0.0,101.0,1.0,42.0,0.0,0.0,,
margo,36.32,11.41,156,91.0,0.0,52.0,0.0,38.0,0.0,0.0,,
margo,36.32,11.41,228,116.0,0.0,80.0,3.0,54.0,0.0,0.0,,
margo,36.32,11.41,238,94.0,0.0,93.0,1.0,41.0,0.0,0.0,,
margo,36.32,11.41,192,100.0,0.0,75.0,0.0,53.0,0.0,0.0,,
margo,36.32,11.41,152,115.0,0.0,10.0,0.0,49.0,0.0,0.0,,
margo,41.31,17.59,122,104.0,0.0,0.0,0.0,19.0,0.0,0.0,,
margo,41.31,17.59,80,44.0,0.0,0.0,2.0,17.0,0.0,0.0,,
margo,41.31,17.59,88,66.0,0.0,2.0,0.0,13.0,0.0,0.0,,
margo,41.31,17.59,100,185.0,0.0,0.0,0.0,27.0,0.0,0.0,,
margo,32.77,19.19,69,17.0,0.0,181.0,3.0,1.0,0.0,0.0,,16.735183616901033
margo,32.77,19.19,76,19.0,0.0,146.0,2.0,4.0,0.0,0.0,,16.735183616901033
margo,40.26,6.887,122,270.0,0.0,39.0,0.0,43.0,0.0,0.0,,13.071460339471965
margo,40.26,6.887,86,188.0,0.0,55.0,0.0,31.0,0.0,0.0,,13.071460339471965
margo,40.26,6.887,90,170.0,0.0,44.0,1.0,40.0,0.0,0.0,,13.071460339471965
margo,40.26,6.887,117,394.0,0.0,21.0,0.0,57.0,0.0,0.0,,13.071460339471965
margo,38.65,6.11,66,110.0,0.0,24.0,0.0,32.0,0.0,0.0,,13.673420230188883
margo,38.65,6.11,154,161.0,0.0,56.0,1.0,82.0,0.0,0.0,,13.673420230188883
margo,38.65,6.11,116,108.0,0.0,57.0,4.0,52.0,0.0,0.0,,13.673420230188883
margo,38.14,10.07,58,112.0,0.0,8.0,1.0,40.0,0.0,0.0,,13.818356597361262
margo,38.14,10.07,30,75.0,0.0,8.0,0.0,30.0,0.0,0.0,,13.818356597361262
margo,38.14,10.07,31,67.0,0.0,7.0,0.0,18.0,0.0,0.0,,13.818356597361262
margo,35.66,26.58,74,23.0,0.0,37.0,2.0,31.0,0.0,0.0,,16.38558783437414
margo,35.66,26.58,79,25.0,0.0,57.0,2.0,10.0,0.0,0.0,,16.38558783437414
margo,35.66,26.58,115,31.0,0.0,55.0,4.0,91.0,0.0,0.0,,16.38558783437414
margo,35.66,26.58,48,12.0,0.0,15.0,2.0,23.0,0.0,0.0,,16.38558783437414
margo,35.66,26.58,65,35.0,0.0,44.0,2.0,34.0,0.0,0.0,,16.38558783437414
margo,35.66,26.58,83,54.0,0.0,45.0,4.0,44.0,0.0,0.0,,16.38558783437414
margo,35.66,26.58,102,14.0,0.0,40.0,2.0,18.0,0.0,0.0,,16.38558783437414
margo,35.66,26.58,67,45.0,0.0,22.0,4.0,16.0,0.0,0.0,,16.38558783437414
margo,36.143,-2.621,258,52.0,0.0,7.0,0.0,14.0,0.0,0.0,,
margo,36.143,-2.621,304,61.0,0.0,11.0,0.0,19.0,0.0,0.0,,
margo,36.143,-2.621,335,54.0,0.0,2.0,0.0,22.0,0.0,0.0,,
margo,36.143,-2.621,285,97.0,0.0,13.0,0.0,11.0,0.0,0.0,,
margo,36.143,-2.621,186,94.0,0.0,5.0,0.0,18.0,0.0,0.0,,
margo,36.143,-2.621,458,144.0,0.0,7.0,0.0,39.0,0.0,0.0,,
margo,36.143,-2.621,301,99.0,0.0,7.0,0.0,21.0,0.0,0.0,,
margo,51.268,167.7255,307,70.0,0.0,0.0,0.0,2.0,0.0,,,2.938908589758489
margo,51.268,167.7255,338,78.0,0.0,0.0,0.0,2.0,0.0,,,2.938908589758489
margo,51.268,167.7255,267,52.0,0.0,0.0,0.0,2.0,0.0,,,2.938908589758489
margo,51.268,167.7255,327,60.0,0.0,0.0,0.0,1.0,0.0,,,2.938908589758489
margo,51.268,167.7255,309,41.0,0.0,0.0,0.0,0.0,0.0,,,2.938908589758489
margo,51.268,167.7255,270,55.0,0.0,0.0,0.0,2.0,0.0,,,2.938908589758489
margo,51.268,167.7255,255,50.0,0.0,0.0,0.0,0.0,0.0,,,2.938908589758489
margo,51.268,167.7255,307,54.0,0.0,0.0,0.0,0.0,0.0,,,2.938908589758489
margo,51.268,167.7255,326,64.0,0.0,0.0,0.0,2.0,0.0,,,2.938908589758489
margo,32.47,34.23,249,19.0,0.0,621.0,9.0,35.0,0.0,0.0,,
margo,32.47,34.23,208,30.0,0.0,743.0,1.0,30.0,0.0,0.0,,
margo,32.47,34.23,192,18.0,0.0,806.0,3.0,30.0,0.0,0.0,,
margo,32.47,34.23,345,53.0,0.0,1228.0,9.0,45.0,0.0,0.0,,
margo,32.47,34.23,126,36.0,0.0,620.0,2.0,24.0,0.0,0.0,,
margo,32.47,34.23,246,35.0,0.0,684.0,5.0,35.0,0.0,0.0,,
margo,32.47,34.23,373,59.0,0.0,1160.0,9.0,57.0,0.0,0.0,,
margo,32.47,34.23,312,50.0,0.0,1053.0,11.0,38.0,0.0,0.0,,
margo,32.47,34.23,189,18.0,0.0,752.0,11.0,14.0,0.0,0.0,,
margo,32.47,34.23,150,14.0,0.0,545.0,11.0,18.0,0.0,0.0,,
margo,32.47,34.23,219,12.0,0.0,903.0,7.0,26.0,0.0,0.0,,
margo,32.47,34.23,239,9.0,0.0,805.0,9.0,34.0,0.0,0.0,,
margo,32.47,34.23,209,12.0,0.0,646.0,13.0,38.0,0.0,0.0,,
margo,32.47,34.23,219,16.0,0.0,493.0,15.0,37.0,0.0,0.0,,
margo,32.47,34.23,246,12.0,0.0,609.0,16.0,41.0,0.0,0.0,,
margo,32.47,34.23,219,10.0,0.0,613.0,8.0,35.0,0.0,0.0,,
margo,32.47,34.23,288,12.0,0.0,1022.0,6.0,36.0,0.0,0.0,,
margo,32.47,34.23,254,68.0,0.0,1026.0,3.0,37.0,0.0,0.0,,
margo,32.47,34.23,361,285.0,0.0,958.0,2.0,20.0,0.0,0.0,,
margo,32.14,33.45,124,8.0,0.0,161.0,1.0,12.0,0.0,0.0,,17.80137606230177
margo,32.14,33.45,111,6.0,0.0,263.0,0.0,10.0,0.0,0.0,,17.80137606230177
margo,32.14,33.45,134,12.0,0.0,373.0,0.0,7.0,0.0,0.0,,17.80137606230177
margo,32.04,34.21,69,8.0,0.0,10.0,8.0,11.0,0.0,0.0,,
margo,32.04,34.21,90,14.0,0.0,4.0,1.0,3.0,0.0,0.0,,
margo,32.04,34.21,43,16.0,0.0,15.0,5.0,4.0,0.0,0.0,,
margo,32.04,34.21,73,11.0,0.0,1.0,0.0,6.0,0.0,0.0,,
margo,32.04,34.21,130,167.0,0.0,11.0,12.0,5.0,0.0,0.0,,
margo,32.04,34.21,69,74.0,0.0,1.0,1.0,0.0,0.0,0.0,,
margo,32.04,34.21,39,137.0,0.0,5.0,12.0,3.0,0.0,0.0,,
margo,32.04,34.21,54,161.0,0.0,4.0,0.0,6.0,0.0,0.0,,
margo,32.04,34.21,117,239.0,0.0,0.0,1.0,18.0,0.0,0.0,,
margo,33.02,32.38,66,4.0,0.0,1.0,0.0,3.0,0.0,0.0,,17.544968823156236
margo,33.02,32.38,71,8.0,0.0,2.0,1.0,8.0,0.0,0.0,,17.544968823156236
margo,33.02,32.38,119,17.0,0.0,0.0,0.0,6.0,0.0,0.0,,17.544968823156236
margo,33.02,32.38,111,7.0,0.0,1.0,0.0,9.0,0.0,0.0,,17.544968823156236
margo,33.02,32.38,95,20.0,0.0,3.0,6.0,11.0,0.0,0.0,,17.544968823156236
margo,33.02,32.38,121,61.0,0.0,1.0,1.0,7.0,0.0,0.0,,17.544968823156236
margo,-46.01666667,96.46666667,207,7.0,0.0,0.0,0.0,1.0,0.0,0.0,,4.6624919438140395
margo,41.298,17.613,281,74.0,0.0,21.0,1.0,42.0,0.0,0.0,,
margo,41.298,17.613,241,105.0,0.0,16.0,0.0,52.0,1.0,0.0,,
margo,41.298,17.613,186,152.0,0.0,32.0,0.0,18.0,0.0,0.0,,
margo,41.298,17.613,193,119.0,0.0,14.0,2.0,42.0,0.0,0.0,,
margo,41.298,17.613,170,89.0,0.0,14.0,1.0,44.0,0.0,0.0,,
margo,41.298,17.613,176,114.0,0.0,9.0,0.0,20.0,0.0,0.0,,
margo,41.298,17.613,234,180.0,0.0,44.0,0.0,32.0,0.0,0.0,,
margo,41.298,17.613,155,135.0,0.0,5.0,0.0,41.0,0.0,0.0,,
margo,41.298,17.613,132,116.0,0.0,13.0,0.0,61.0,0.0,0.0,,
margo,41.298,17.613,266,112.0,0.0,5.0,1.0,50.0,0.0,0.0,,
margo,41.298,17.613,243,146.0,0.0,18.0,0.0,43.0,0.0,0.0,,
margo,41.298,17.613,101,167.0,0.0,21.0,1.0,21.0,0.0,0.0,,
margo,41.298,17.613,100,188.0,0.0,19.0,1.0,36.0,0.0,0.0,,
margo,41.298,17.613,92,185.0,0.0,19.0,1.0,32.0,0.0,0.0,,
margo,41.298,17.613,95,175.0,0.0,14.0,0.0,25.0,0.0,0.0,,
margo,41.298,17.613,59,189.0,0.0,8.0,0.0,40.0,0.0,0.0,,
margo,41.298,17.613,53,193.0,0.0,22.0,0.0,33.0,0.0,0.0,,
margo,39.947,1.591,136,209.0,0.0,43.0,0.0,41.0,0.0,0.0,,13.28722271993189
margo,39.947,1.591,75,147.0,0.0,42.0,0.0,25.0,0.0,0.0,,13.28722271993189
margo,39.947,1.591,94,200.0,0.0,62.0,0.0,26.0,0.0,0.0,,13.28722271993189
margo,39.947,1.591,74,159.0,0.0,44.0,0.0,18.0,0.0,0.0,,13.28722271993189
margo,39.947,1.591,118,135.0,0.0,37.0,0.0,20.0,0.0,0.0,,13.28722271993189
margo,39.947,1.591,93,234.0,0.0,26.0,0.0,18.0,0.0,0.0,,13.28722271993189
margo,39.947,1.591,53,153.0,0.0,59.0,0.0,28.0,0.0,0.0,,13.28722271993189
margo,39.947,1.591,76,176.0,0.0,42.0,1.0,26.0,0.0,0.0,,13.28722271993189
margo,39.947,1.591,103,251.0,0.0,20.0,0.0,22.0,0.0,0.0,,13.28722271993189
margo,39.947,1.591,61,138.0,0.0,36.0,0.0,75.0,0.0,0.0,,13.28722271993189
margo,39.947,1.591,64,151.0,0.0,82.0,0.0,40.0,0.0,0.0,,13.28722271993189
margo,39.947,1.591,66,293.0,0.0,66.0,0.0,73.0,0.0,0.0,,13.28722271993189
margo,39.947,1.591,71,235.0,0.0,42.0,0.0,46.0,0.0,0.0,,13.28722271993189
margo,39.947,1.591,99,135.0,0.0,30.0,0.0,33.0,0.0,0.0,,13.28722271993189
margo,39.947,1.591,55,135.0,0.0,20.0,0.0,20.0,0.0,0.0,,13.28722271993189
margo,39.947,1.591,52,244.0,0.0,13.0,1.0,67.0,0.0,0.0,,13.28722271993189
margo,41.997,4.836,17,422.0,0.0,0.0,0.0,28.0,0.0,0.0,,12.502130750142445
margo,41.997,4.836,8,182.0,0.0,3.0,0.0,2.0,0.0,0.0,,12.502130750142445
margo,41.997,4.836,144,503.0,0.0,13.0,0.0,65.0,0.0,0.0,,12.502130750142445
margo,41.997,4.836,10,103.0,0.0,0.0,0.0,8.0,0.0,0.0,,12.502130750142445
margo,42.044,4.151,67,393.0,0.0,4.0,0.0,53.0,0.0,0.0,,11.861442321128669
margo,42.044,4.151,74,290.875,0.0,4.0,0.0,70.0,0.0,0.0,,11.861442321128669
margo,42.044,4.151,65,275.0,0.0,8.0,0.0,39.0,0.0,0.0,,11.861442321128669
margo,42.044,4.151,65,309.0,0.0,11.0,0.0,54.0,0.0,0.0,,11.861442321128669
margo,42.044,4.151,13,263.875,0.0,0.0,0.0,30.0,0.0,0.0,,11.861442321128669
margo,42.044,4.151,53,298.0,0.0,4.0,0.0,38.0,0.0,0.0,,11.861442321128669
margo,42.044,4.151,51,291.625,0.0,0.0,0.0,37.0,0.0,0.0,,11.861442321128669
margo,42.044,4.151,24,444.5,0.0,7.0,0.0,62.0,0.0,0.0,,11.861442321128669
margo,42.044,4.151,13,185.0,0.0,2.0,0.0,35.0,0.0,0.0,,11.861442321128669
margo,42.044,4.151,25,280.25,0.0,0.0,0.0,36.0,0.0,0.0,,11.861442321128669
margo,42.044,4.151,28,286.5,0.0,2.0,0.0,13.0,0.0,0.0,,11.861442321128669
margo,42.044,4.151,29,350.5,0.0,2.0,0.0,65.0,0.0,0.0,,11.861442321128669
margo,42.044,4.151,46,288.0,0.0,3.0,0.0,77.0,0.0,0.0,,11.861442321128669
margo,42.044,4.151,71,194.25,0.0,1.0,0.0,71.0,0.0,0.0,,11.861442321128669
margo,42.044,4.151,138,292.0,0.0,3.0,0.0,74.0,0.0,0.0,,11.861442321128669
margo,42.044,4.151,139,310.0,0.0,0.0,0.0,45.0,0.0,0.0,,11.861442321128669
margo,42.044,4.151,141,289.5,0.0,1.0,0.0,45.0,0.0,0.0,,11.861442321128669
margo,42.044,4.151,111,180.25,0.0,1.0,0.0,18.0,0.0,0.0,,11.861442321128669
margo,42.044,4.151,154,266.5,0.0,0.0,0.0,39.0,0.0,0.0,,11.861442321128669
margo,42.044,4.151,103,211.0,0.0,0.0,0.0,37.0,0.0,0.0,,11.861442321128669
margo,42.044,4.151,102,314.0,0.0,0.0,0.0,27.0,0.0,0.0,,11.861442321128669
margo,42.044,4.151,83,358.0,0.0,10.0,0.0,46.0,0.0,0.0,,11.861442321128669
margo,42.044,4.151,130,198.0,0.0,36.0,2.0,128.0,0.0,0.0,,11.861442321128669
margo,33.839,24.884,152,65.0,0.0,76.0,0.0,32.0,0.0,0.0,,16.76386374885183
margo,33.839,24.884,110,39.0,0.0,75.0,0.0,24.0,0.0,0.0,,16.76386374885183
margo,33.839,24.884,174,57.0,0.0,139.0,1.0,54.0,0.0,0.0,,16.76386374885183
margo,33.839,24.884,137,57.0,0.0,98.0,1.0,42.0,0.0,0.0,,16.76386374885183
margo,33.839,24.884,119,43.0,0.0,120.0,0.0,54.0,0.0,0.0,,16.76386374885183
margo,35.78,18.948,140,56.0,0.0,30.0,2.0,62.0,0.0,0.0,,15.618036639463666
margo,35.78,18.948,152,68.0,0.0,94.0,3.0,48.0,0.0,0.0,,15.618036639463666
margo,38.89,4.5,175,296.0,0.0,2.0,0.0,117.0,0.0,0.0,,13.668540977115974
margo,38.89,4.5,90,219.0,0.0,2.0,0.0,92.0,0.0,0.0,,13.668540977115974
margo,38.89,4.5,200,428.0,0.0,5.0,0.0,97.0,0.0,0.0,,13.668540977115974
margo,38.89,4.5,100,251.0,0.0,42.0,0.0,56.0,0.0,0.0,,13.668540977115974
margo,38.89,4.5,170,278.0,0.0,32.0,0.0,68.0,0.0,0.0,,13.668540977115974
margo,36.19,-1.573,373,35.0,0.0,4.0,1.0,7.0,0.0,0.0,,14.97774694963417
margo,36.19,-1.573,457,27.0,0.0,5.0,0.0,12.0,0.0,0.0,,14.97774694963417
margo,36.19,-1.573,392,42.0,0.0,3.0,1.0,13.0,0.0,0.0,,14.97774694963417
margo,36.19,-1.573,417,72.0,0.0,5.0,1.0,14.0,0.0,0.0,,14.97774694963417
margo,36.19,-1.573,275,82.0,0.0,3.0,1.0,15.0,0.0,0.0,,14.97774694963417
margo,51.199,167.768,1139,115.0,0.0,0.0,0.0,0.0,0.0,,,2.938908589758489
margo,51.199,167.768,323,42.0,0.0,0.0,0.0,0.0,0.0,,,2.938908589758489
margo,51.199,167.768,379,59.0,0.0,0.0,0.0,0.0,0.0,,,2.938908589758489
margo,51.199,167.768,385,56.0,0.0,0.0,0.0,0.0,0.0,,,2.938908589758489
margo,51.199,167.768,313,49.0,0.0,0.0,0.0,2.0,0.0,,,2.938908589758489
margo,51.199,167.768,359,55.0,0.0,0.0,0.0,0.0,0.0,,,2.938908589758489
margo,51.199,167.768,412,40.0,0.0,2.0,0.0,0.0,0.0,,,2.938908589758489
margo,51.199,167.768,412,25.0,0.0,0.0,0.0,0.0,0.0,,,2.938908589758489
margo,51.199,167.768,1069,85.0,0.0,0.0,0.0,0.0,0.0,,,2.938908589758489
margo,51.199,167.768,398,40.0,0.0,0.0,0.0,0.0,0.0,,,2.938908589758489
margo,-16.922,115.5413333,23,2.0,0.0,154.0,7.0,136.0,0.0,0.0,,24.430838919570668
margo,-19.88733333,112.254,17,7.0,0.0,116.0,6.0,115.0,3.0,0.0,,23.52985618215863
margo,-40.39666667,177.9966667,57,68.0,0.0,7.0,0.0,90.0,0.0,0.0,,
margo,-45.995,172.025,252,23.0,0.0,0.0,0.0,2.0,0.0,0.0,,
margo,-49.70333333,182.075,325,15.0,0.0,0.0,0.0,3.0,0.0,0.0,,3.246156438336551
margo,-42.53333333,181.5083333,50,111.0,0.0,2.0,0.0,158.0,0.0,0.0,,10.42547545370618
margo,-42.53333333,181.5083333,57,80.0,0.0,1.0,0.0,98.0,0.0,0.0,,10.42547545370618
margo,-42.88333333,42.35,224,29.0,0.0,0.0,0.0,10.0,0.0,0.0,,9.565031928352083
margo,-44.78333333,184.2333333,35,94.0,0.0,12.0,0.0,106.0,0.0,0.0,,8.201657171750611
margo,-29.68,113.7,8,14.0,0.0,116.0,1.0,209.0,0.0,0.0,,17.990856094536056
margo,-31.28333333,114.5516667,30,28.0,0.0,46.0,11.0,181.0,0.0,0.0,,16.93693602499657
margo,-31.28333333,114.5516667,12,29.0,0.0,23.0,0.0,218.0,0.0,0.0,,16.93693602499657
margo,19.56833333,59.595,6,89.0,0.0,85.0,8.0,105.0,0.0,1.0,,22.84972829335684
margo,19.07666667,60.42166667,10,66.0,0.0,95.0,9.0,122.0,0.0,0.0,,22.8532893368351
margo,-11.183,-162.917,0,10.0,0.0,159.0,64.0,341.0,0.0,,,25.783409012421224
margo,-14.53,157.97,2,17.0,0.0,152.0,13.0,95.0,0.0,0.0,,23.796880905364617
margo,33.083,158.0,13,50.0,0.0,14.0,0.0,259.0,0.0,,,16.235693598786494
margo,3.333,-101.717,6,10.0,0.0,13.0,3.0,133.0,0.0,,,22.274898977870347
margo,0.917,-134.317,12,23.0,0.0,21.0,0.0,391.0,17.0,,,20.839500985816606
margo,-43.51666667,79.86666667,186,81.0,0.0,1.0,0.0,8.0,0.0,0.0,,7.157040524860816
margo,-39.71666667,82.25,43,124.0,0.0,39.0,0.0,44.0,0.0,0.0,,9.683578974621037
margo,-30.06666667,94.41666667,62,86.0,0.0,68.0,8.0,64.0,0.0,0.0,,15.04302910200929
margo,-33.06666667,110.55,26,88.0,0.0,57.0,3.0,106.0,0.0,1.0,,14.828700125678834
margo,-25.48333333,110.0166667,7,6.0,0.0,84.0,1.0,234.0,0.0,0.0,,20.232703533359874
margo,-19.05833333,112.75,17,14.0,0.0,106.0,35.0,119.0,0.0,0.0,,23.52985618215863
margo,-6.133,-140.85,9,60.0,0.0,99.0,45.0,271.0,51.0,,,24.554985326817633
margo,1.817,-140.05,39,10.0,0.0,11.0,4.0,105.0,4.0,,,21.648050977040626
margo,-14.817,-139.967,9,17.0,0.0,111.0,94.0,290.0,4.0,,,24.7207695846304
margo,-8.8,-110.8,22,52.0,0.0,79.0,4.0,296.0,22.0,,,21.944875623854387
margo,-26.0,169.2,81,106.0,0.0,387.0,10.0,333.0,0.0,,,19.253023275777817
margo,-25.88333333,157.8666667,16,34.0,0.0,235.0,8.0,150.0,0.0,0.0,,19.49401084062774
margo,-24.88,163.52,23,19.0,0.0,201.0,16.0,69.0,0.0,0.0,,19.737921491152306
margo,9.133333333,90.03333333,7,34.0,0.0,71.0,9.0,175.0,0.0,0.0,,24.89103979134993
margo,15.1,124.133,4,38.0,0.0,223.0,32.0,64.0,0.0,,,24.577809876370296
margo,-14.51666667,177.1,8,19.0,0.0,305.0,20.0,169.0,0.0,0.0,,24.399209670711436
margo,-1.65,-103.633,11,31.0,0.0,12.0,1.0,192.0,2.0,,,19.349317859695745
margo,19.083,-170.067,9,9.0,0.0,44.0,40.0,13.0,1.0,,,22.27662956630396
margo,-19.017,-124.233,24,45.0,0.0,403.0,53.0,639.0,38.0,,,22.36576582985316
margo,0.1,-95.65,20,33.0,0.0,4.0,0.0,239.0,0.0,,,19.760466096632644
margo,-1.633,-104.833,8,26.0,0.0,13.0,0.0,215.0,2.0,,,19.391349221749078
margo,-35.51666667,44.75,21,50.0,0.0,44.0,0.0,123.0,0.0,0.0,,15.066780989335227
margo,-39.01666667,47.88333333,24,103.0,0.0,7.0,1.0,44.0,0.0,0.0,,11.39018192310499
margo,-10.92333333,88.315,8,9.0,0.0,130.0,20.0,125.0,3.0,0.0,,23.6449323262918
margo,-0.833333333,89.95,12,21.0,0.0,120.0,6.0,126.0,14.0,0.0,,24.937346619627554
margo,1.466666667,90.16666667,7,20.0,0.0,122.0,14.0,126.0,10.0,1.0,,25.336905175194453
margo,-31.5,32.6,12,33.0,0.0,78.0,6.0,161.0,0.0,0.0,,21.215683551342604
margo,-32.11666667,36.01666667,22,45.0,0.0,81.0,11.0,130.0,0.0,0.0,,18.351624690247974
margo,-13.21666667,65.61666667,29,10.0,0.0,133.0,10.0,114.0,1.0,0.0,,22.976824996100078
margo,-10.508,57.72,8,51.0,0.0,107.0,47.0,80.0,0.0,0.0,,23.78701710664394
margo,15.033,66.097,13,17.0,0.0,111.0,3.0,155.0,0.0,0.0,,23.770344438911305
margo,-27.283,-102.083,74,69.0,0.0,488.0,145.0,325.0,3.0,,,18.2329931965249
margo,-28.75,172.6,95,139.0,0.0,334.0,11.0,251.0,0.0,,,17.82728842140718
margo,-33.233,168.733,40,253.0,0.0,187.0,4.0,412.0,0.0,,,15.748194569528764
margo,33.733,27.917,99,29.0,0.0,79.0,0.0,20.0,0.0,0.0,,17.0420959296534
margo,33.733,27.917,163,74.0,0.0,90.0,0.0,22.0,0.0,0.0,,17.0420959296534
margo,33.733,27.917,132,86.0,0.0,69.0,0.0,30.0,0.0,0.0,,17.0420959296534
margo,38.2,18.033,171,91.0,0.0,0.0,2.0,37.0,0.0,0.0,,14.396490154603828
margo,38.2,18.033,165,114.0,0.0,0.0,0.0,43.0,0.0,0.0,,14.396490154603828
margo,38.2,18.033,253,82.0,0.0,1.0,1.0,40.0,0.0,0.0,,14.396490154603828
margo,38.2,18.033,242,104.0,0.0,1.0,1.0,50.0,0.0,0.0,,14.396490154603828
margo,38.2,18.033,194,114.0,0.0,1.0,0.0,80.0,0.0,0.0,,14.396490154603828
margo,-18.085,-79.04,46,98.0,0.0,11.0,1.0,272.0,0.0,,,18.14862349441926
margo,-16.007,-76.378,95,160.0,0.0,11.0,0.0,127.0,0.0,,,19.16423529526956
margo,-16.007,-76.378,54,43.0,0.0,8.0,0.0,144.0,0.0,,,19.16423529526956
margo,-38.86166667,140.1,61,159.0,0.0,1.0,0.0,45.0,0.0,0.0,,10.722819072094428
margo,-23.77216667,108.5006667,12,10.0,0.0,85.0,7.0,127.0,0.0,0.0,,20.109485419068864
margo,-45.15,146.28,133,207.0,0.0,14.0,0.0,85.0,0.0,104.0,,8.180474810728866
margo,-46.45,145.24,106,118.0,0.0,5.0,0.0,45.0,0.0,0.0,,6.7367735266216915
margo,-44.53,149.05,46,163.0,0.0,0.0,0.0,50.0,0.0,0.0,,9.955330659633022
margo,-35.31,177.9966667,58,74.0,0.0,18.0,1.0,122.0,0.0,0.0,,15.579505963163296
margo,-4.33223,117.59584,13,53.0,0.0,159.0,14.0,216.0,0.0,0.0,,25.547789751313438
margo,-8.455833333,128.238,18,24.0,0.0,179.0,29.0,198.0,13.0,0.0,,25.388892523926046
margo,-11.35444,122.03799,8,14.0,0.0,126.0,21.0,154.0,0.0,0.0,,25.278151644016507
margo,-9.09764,111.00721,13,61.0,0.0,45.0,12.0,187.0,0.0,0.0,,24.44845815646786
margo,-42.25,144.75,92,128.0,0.0,19.0,0.0,63.0,0.0,0.0,,9.036661892325704
margo,-43.8,145.5,41,144.0,0.0,5.0,0.0,75.0,0.0,0.0,,
margo,-45.87,145.99,72,119.0,0.0,0.0,0.0,55.0,0.0,0.0,,7.901952683757878
margo,-46.87,145.98,75,130.0,0.0,0.0,0.0,60.0,0.0,0.0,,6.7367735266216915
margo,35.57,-3.48,259,159.0,0.0,2.0,0.0,21.0,0.0,0.0,,15.283109164479196
margo,35.57,-3.48,331,111.0,0.0,1.0,1.0,33.0,0.0,0.0,,15.283109164479196
margo,35.57,-3.48,332,96.0,0.0,2.0,0.0,29.0,0.0,0.0,,15.283109164479196
margo,35.57,-3.48,191,65.0,0.0,4.0,0.0,14.0,0.0,0.0,,15.283109164479196
margo,35.57,-3.48,265,96.0,0.0,2.0,0.0,19.0,0.0,0.0,,15.283109164479196
margo,35.57,-3.48,246,70.0,0.0,1.0,0.0,10.0,0.0,0.0,,15.283109164479196
margo,35.57,-3.48,243,121.0,0.0,0.0,0.0,25.0,0.0,0.0,,15.283109164479196
margo,34.97,23.75,79,33.0,0.0,53.0,1.0,19.0,0.0,0.0,,16.323099825369294
margo,34.97,23.75,79,39.0,0.0,71.0,0.0,34.0,0.0,0.0,,16.323099825369294
margo,34.97,23.75,87,27.0,0.0,75.0,0.0,21.0,0.0,0.0,,16.323099825369294
margo,-45.075,179.4983333,180,45.0,0.0,0.0,0.0,100.0,0.0,0.0,,6.883080954880686
margo,28.433,139.967,98,280.0,0.0,486.0,34.0,486.0,0.0,,,20.060193745692164
margo,28.533,134.133,21,179.0,0.0,240.0,5.0,349.0,0.0,,,20.33877626157778
margo,31.567,151.1,10,31.0,0.0,20.0,0.0,258.0,0.0,,,18.015192109588284
margo,-2.85,-126.2,3,11.0,0.0,2.0,2.0,116.0,3.0,,,21.398194409681548
margo,3.167,-118.467,1,3.0,0.0,13.0,0.0,173.0,2.0,,,21.766863199383092
margo,-3.583,-83.933,68,383.0,0.0,5.0,1.0,464.0,0.0,,,21.525048537443517
margo,-3.583,-83.933,35,325.0,0.0,28.0,1.0,631.0,0.0,,,21.525048537443517
margo,-17.017,-113.517,8,3.0,0.0,65.0,5.0,154.0,65.0,,,21.174563590720528
margo,-17.0,-114.183,6,70.0,0.0,205.0,58.0,751.0,85.0,,,21.529977226535138
margo,-16.933,-121.2,6,25.0,0.0,137.0,35.0,357.0,20.0,,,22.54487053133474
margo,-16.65,-124.383,16,21.0,0.0,216.0,22.0,577.0,50.0,,,22.935268556825974
margo,0.867,172.0,4,33.0,0.0,51.0,1.0,162.0,2.0,,,24.588693089662712
margo,47.95,168.783,380,40.0,0.0,0.0,0.0,0.0,0.0,,,2.4986144807469914
margo,37.683,163.033,16,29.0,0.0,1.0,0.0,275.0,0.0,,,10.722368575957574
margo,-1.217,-89.683,7,713.0,0.0,13.0,7.0,482.0,0.0,,,20.019428752668944
margo,-3.8,-92.083,1,74.0,0.0,4.0,0.0,370.0,0.0,,,19.72727359008882
margo,0.95,-179.417,13,95.0,0.0,145.0,25.0,390.0,23.0,,,24.011948090179033
margo,2.767,-173.933,1,125.0,0.0,122.0,63.0,297.0,8.0,,,24.04358812237046
margo,-5.5,166.75,9,71.0,0.0,122.0,24.0,312.0,1.0,,,25.965829973230733
margo,1.017,160.483,3,39.0,0.0,57.0,10.0,121.0,4.0,,,25.514928402156823
margo,3.25,159.183,6,30.0,0.0,49.0,4.0,138.0,5.0,,,25.919579621620812
margo,11.067,138.533,9,104.0,0.0,287.0,64.0,193.0,0.0,,,25.63889253246127
margo,35.317,177.9,9,193.0,0.0,13.0,0.0,213.0,0.0,,,11.4474943666368
margo,36.083,26.833,227,36.0,0.0,2.0,1.0,82.0,0.0,0.0,,
margo,35.917,27.3,157,22.0,0.0,3.0,0.0,30.0,0.0,0.0,,16.386333340991122
margo,35.917,27.3,129,30.0,0.0,1.0,0.0,45.0,0.0,0.0,,16.386333340991122
margo,35.917,27.3,249,96.0,0.0,2.0,1.0,51.0,0.0,0.0,,16.386333340991122
margo,-29.64166667,32.85833333,12,9.0,0.0,104.0,9.0,153.0,0.0,0.0,,
margo,-28.425,43.78333333,19,28.0,0.0,98.0,25.0,115.0,0.0,1.0,,20.554142310593747
margo,8.65,58.56666667,19,28.0,0.0,68.0,7.0,148.0,0.0,0.0,,23.57993087092135
margo,10.25,57.18333333,28,30.0,0.0,46.0,6.0,149.0,0.0,0.0,,22.782960725835693
margo,-33.01666667,85.78333333,41,94.0,0.0,20.0,1.0,92.0,0.0,1.0,,14.159766371999067
margo,-32.433,46.567,37,45.0,0.0,53.0,5.0,119.0,0.0,1.0,,17.58515811454157
margo,-25.63333333,87.11666667,27,8.0,0.0,180.0,18.0,66.0,0.0,1.0,,17.7932603848812
margo,8.116666667,73.25,11,21.0,0.0,107.0,22.0,130.0,9.0,0.0,,25.27068338853743
margo,6.7,59.33333333,17,36.0,0.0,85.0,8.0,121.0,4.0,0.0,,24.4165031204347
margo,6.866666667,60.66666667,27,31.0,0.0,81.0,2.0,126.0,4.0,0.0,,24.59653765189613
margo,-5.333333333,40.43333333,11,18.0,0.0,106.0,17.0,130.0,0.0,2.0,,23.82749185732429
margo,-6.983333333,41.18333333,14,19.0,0.0,127.0,6.0,121.0,1.0,0.0,,23.840210530004917
margo,-10.23333333,43.81666667,11,21.0,0.0,122.0,2.0,127.0,0.0,0.0,,23.693230037926554
margo,-21.8,69.23333333,23,6.0,0.0,184.0,22.0,64.0,0.0,0.0,,20.754139799296986
margo,-22.3,68.0,24,13.0,0.0,180.0,23.0,60.0,0.0,1.0,,20.567692209276256
margo,-14.95,147.92,5,14.0,0.0,272.0,8.0,112.0,0.0,0.0,,22.86982703609428
margo,-18.2,151.45,11,15.0,0.0,187.0,11.0,63.0,1.0,0.0,,22.17791396554478
margo,-13.52,146.88,15,12.0,0.0,273.0,6.0,96.0,0.0,0.0,,22.968059522350167
margo,-12.87,146.2,14,3.0,0.0,218.0,3.0,101.0,0.0,0.0,,23.08957461502496
margo,1.016666667,160.4833333,33,6.0,0.0,502.0,13.0,472.0,19.0,0.0,,25.514928402156823
margo,3.25,159.1833333,43,1.0,0.0,204.0,3.0,340.0,10.0,1.0,,25.919579621620812
margo,25.417,125.633,3,78.0,0.0,101.0,105.0,430.0,0.0,,,21.933978644683023
margo,-14.1,120.5,24,0.0,0.0,130.0,8.0,102.0,0.0,0.0,,25.049172622871332
margo,5.116666667,77.58333333,10,47.0,0.0,53.0,9.0,180.0,1.0,0.0,,25.47335881659932
margo,3.083333333,76.25,12,20.0,0.0,60.0,5.0,191.0,3.0,0.0,,25.683394164873484
margo,-6.0,69.817,11,22.0,0.0,103.0,10.0,137.0,1.0,1.0,,25.214480063098552
margo,-6.266666667,63.43333333,16,12.0,0.0,128.0,5.0,126.0,1.0,0.0,,24.83822408430376
margo,-27.283,74.867,52,21.0,0.0,171.0,7.0,49.0,0.0,0.0,,18.400408783483396
margo,36.467,177.167,74,191.0,0.0,12.0,0.0,260.0,0.0,,,10.160738754751645
margo,-22.73333333,112.5833333,10,6.0,0.0,79.0,10.0,187.0,0.0,0.0,,22.718931146556216
margo,0.033,-110.483,43,25.0,0.0,19.0,1.0,270.0,2.0,,,19.21768390880561
margo,2.983,-86.55,7,39.0,0.0,11.0,6.0,145.0,0.0,,,22.64813346834176
margo,0.1,-86.483,2,67.0,0.0,5.0,1.0,197.0,0.0,,,21.36564777859007
margo,7.167,-85.15,3,35.0,0.0,11.0,0.0,156.0,0.0,,,23.469058434304184
margo,-16.443,-77.563,46,111.0,0.0,12.0,3.0,182.0,0.0,,,18.886594137958337
margo,-16.443,-77.563,137,106.0,0.0,6.0,0.0,296.0,0.0,,,18.886594137958337
margo,-16.443,-77.563,42,45.0,0.0,14.0,3.0,192.0,1.0,,,18.886594137958337
margo,-16.44,-77.56,134,106.0,0.0,6.0,0.0,342.0,0.0,,,18.886594137958337
margo,-33.3765,161.6125,24,153.0,3.0,64.0,2.0,174.0,1.0,0.0,,16.757944008777702
margo,-33.53,166.53,34,69.0,0.0,62.0,3.0,154.0,0.0,1.0,,15.931724540454042
margo,-6.383,-106.933,3,16.0,0.0,22.0,0.0,198.0,0.0,,,21.245996474351912
MD952040,40.581833,-9.861167,212,83.0,0.0,32.0,0.0,140.0,15.0,0.0,,
MD952040,40.581833,-9.861167,371,131.0,0.0,52.0,1.0,145.0,22.0,0.0,,
MD952040,40.581833,-9.861167,169,77.0,0.0,34.0,0.0,72.0,11.0,0.0,,
MD952040,40.581833,-9.861167,220,119.0,0.0,48.0,1.0,119.0,22.0,0.0,,
MD952040,40.581833,-9.861167,393,162.0,0.0,43.0,1.0,264.0,28.0,0.0,,
MD952040,40.581833,-9.861167,231,103.0,0.0,42.0,1.0,113.0,5.0,0.0,,
MD952040,40.581833,-9.861167,141,93.0,0.0,26.0,1.0,90.0,9.0,0.0,,
MD952040,40.581833,-9.861167,170,79.0,0.0,29.0,0.0,101.0,14.0,0.0,,
MD952040,40.581833,-9.861167,206,103.0,0.0,38.0,0.0,115.0,17.0,0.0,,
MD952040,40.581833,-9.861167,155,96.0,0.0,34.0,0.0,88.0,3.0,0.0,,
MD952040,40.581833,-9.861167,184,93.0,0.0,39.0,0.0,102.0,8.0,0.0,,
MD952040,40.581833,-9.861167,229,102.0,0.0,47.0,1.0,117.0,6.0,0.0,,
MD952040,40.581833,-9.861167,225,144.0,0.0,57.0,0.0,119.0,10.0,0.0,,
MD952040,40.581833,-9.861167,246,141.0,0.0,55.0,0.0,159.0,11.0,0.0,,
MD952040,40.581833,-9.861167,183,117.0,0.0,28.0,0.0,94.0,5.0,0.0,,
MD952040,40.581833,-9.861167,261,152.0,0.0,59.0,0.0,134.0,9.0,0.0,,
MD952040,40.581833,-9.861167,264,123.0,0.0,58.0,0.0,139.0,7.0,0.0,,
MD952040,40.581833,-9.861167,190,86.0,0.0,51.0,1.0,126.0,3.0,0.0,,
MD952040,40.581833,-9.861167,151,89.0,0.0,52.0,0.0,91.0,4.0,0.0,,
MD952040,40.581833,-9.861167,124,102.0,0.0,39.0,0.0,64.0,4.0,0.0,,
MD952040,40.581833,-9.861167,476,200.0,0.0,70.0,0.0,207.0,6.0,0.0,,
MD952040,40.581833,-9.861167,246,116.0,0.0,36.0,0.0,105.0,5.0,0.0,,
MD952040,40.581833,-9.861167,184,114.0,0.0,28.0,0.0,80.0,4.0,0.0,,
MD952040,40.581833,-9.861167,199,118.0,0.0,21.0,0.0,97.0,5.0,0.0,,
MD952040,40.581833,-9.861167,231,118.0,1.0,27.0,0.0,85.0,4.0,0.0,,
MD952040,40.581833,-9.861167,118,102.0,0.0,26.0,0.0,61.0,4.0,0.0,,
MD952040,40.581833,-9.861167,225,141.0,0.0,49.0,0.0,83.0,11.0,0.0,,
MD952040,40.581833,-9.861167,155,110.0,0.0,20.0,1.0,77.0,2.0,0.0,,
MD952040,40.581833,-9.861167,244,129.0,0.0,39.0,0.0,89.0,7.0,0.0,,
MD952040,40.581833,-9.861167,228,173.0,0.0,68.0,0.0,73.0,6.0,1.0,,
MD952040,40.581833,-9.861167,830,385.0,0.0,40.0,1.0,500.0,9.0,0.0,,
MD952040,40.581833,-9.861167,152,68.0,0.0,30.0,0.0,53.0,2.0,0.0,,
MD952040,40.581833,-9.861167,302,130.0,0.0,33.0,0.0,102.0,4.0,0.0,,
MD952040,40.581833,-9.861167,317,168.0,0.0,46.0,1.0,149.0,5.0,0.0,,
MD952040,40.581833,-9.861167,419,200.0,0.0,42.0,1.0,159.0,9.0,0.0,,
MD952040,40.581833,-9.861167,332,163.0,0.0,50.0,0.0,150.0,9.0,0.0,,
MD952040,40.581833,-9.861167,476,181.0,0.0,27.0,1.0,117.0,7.0,0.0,,
MD952040,40.581833,-9.861167,288,174.0,0.0,42.0,1.0,117.0,4.0,0.0,,
MD952040,40.581833,-9.861167,233,107.0,0.0,48.0,0.0,86.0,4.0,0.0,,
MD952040,40.581833,-9.861167,259,161.0,0.0,44.0,0.0,109.0,6.0,0.0,,
MD952040,40.581833,-9.861167,288,185.0,0.0,34.0,1.0,132.0,2.0,0.0,,
MD952040,40.581833,-9.861167,384,245.0,0.0,30.0,1.0,172.0,7.0,0.0,,
MD952040,40.581833,-9.861167,236,175.0,0.0,48.0,0.0,113.0,9.0,0.0,,
MD952040,40.581833,-9.861167,309,172.0,0.0,43.0,0.0,136.0,12.0,0.0,,
MD952040,40.581833,-9.861167,296,197.0,0.0,24.0,0.0,122.0,5.0,0.0,,
MD952040,40.581833,-9.861167,319,154.0,0.0,46.0,0.0,106.0,2.0,0.0,,
MD952040,40.581833,-9.861167,225,123.0,0.0,30.0,0.0,82.0,2.0,0.0,,
MD952040,40.581833,-9.861167,196,94.0,0.0,16.0,0.0,55.0,2.0,0.0,,
MD952040,40.581833,-9.861167,228,84.0,0.0,19.0,0.0,35.0,0.0,0.0,,
MD952042,37.799833,-10.1665,235,99.0,,22.0,2.0,89.0,,0.0,,14.307510387124964
MD952042,37.799833,-10.1665,197,82.0,,33.0,2.0,87.0,,0.0,,14.307510387124964
MD952042,37.799833,-10.1665,165,62.0,,22.0,2.0,72.0,,0.0,,14.307510387124964
MD952042,37.799833,-10.1665,138,73.0,,28.0,0.0,79.0,,0.0,,14.307510387124964
MD952042,37.799833,-10.1665,164,109.0,,50.0,1.0,74.0,,0.0,,14.307510387124964
MD952042,37.799833,-10.1665,150,147.0,,40.0,0.0,71.0,,0.0,,14.307510387124964
MD952042,37.799833,-10.1665,144,113.0,,50.0,0.0,50.0,,0.0,,14.307510387124964
MD952042,37.799833,-10.1665,136,82.0,,47.0,1.0,84.0,,0.0,,14.307510387124964
OCE400-MC44,43.483033,-67.882617,160,12.0,,,,2.0,,,,
PS1243-1,69.3718,-6.553,394,0.0,0.0,0.0,,0.0,0.0,,,-1.5795114143610685
PS1244-2,69.3652,-8.657,408,0.0,0.0,0.0,,5.0,0.0,,,-1.6058613406328335
PS1246-2,69.3853,-12.8748,478,0.0,0.0,0.0,,0.0,0.0,,,-1.6596495766075923
PS1906-2,76.8463,-2.1505,465,0.0,0.0,0.0,,2.0,0.0,,,-1.6485825749139624
PS2644-5,67.86666,-21.765,0,,,,,,,,,-1.0070176870370326
PS2644-5,67.86666,-21.765,1127,,,,,,,,,-1.0070176870370326
PS2644-5,67.86666,-21.765,914,,,,,,,,,-1.0070176870370326
PS2644-5,67.86666,-21.765,826,,,,,,,,,-1.0070176870370326
PS2644-5,67.86666,-21.765,1052,,,,,,,,,-1.0070176870370326
PS2644-5,67.86666,-21.765,1154,,,,,,,,,-1.0070176870370326
PS2644-5,67.86666,-21.765,1388,,,,,,,,,-1.0070176870370326
PS2644-5,67.86666,-21.765,1729,,,,,,,,,-1.0070176870370326
PS2644-5,67.86666,-21.765,1556,,,,,,,,,-1.0070176870370326
PS2644-5,67.86666,-21.765,1394,,,,,,,,,-1.0070176870370326
PS2644-5,67.86666,-21.765,1090,,,,,,,,,-1.0070176870370326
PS2644-5,67.86666,-21.765,908,,,,,,,,,-1.0070176870370326
PS2644-5,67.86666,-21.765,581,,,,,,,,,-1.0070176870370326
SS0206-GC15,-39.31283,142.68398,157,276.0,,14.0,0.0,86.0,,,,10.24898971116774
SS0206-GC15,-39.31283,142.68398,149,275.0,,9.0,0.0,76.0,,,,10.24898971116774
SS0206-GC15,-39.31283,142.68398,175,280.0,,6.0,0.0,88.0,,,,10.24898971116774
SS0206-GC15,-39.31283,142.68398,174,255.0,,5.0,1.0,71.0,,,,10.24898971116774
SS0206-GC15,-39.31283,142.68398,153,258.0,,3.0,1.0,113.0,,,,10.24898971116774
SS0206-GC15,-39.31283,142.68398,195,238.0,,6.0,0.0,77.0,,,,10.24898971116774
SS0206-GC15,-39.31283,142.68398,179,290.0,,4.0,0.0,101.0,,,,10.24898971116774
SS0206-GC15,-39.31283,142.68398,157,308.0,,3.0,0.0,96.0,,,,10.24898971116774
SS0206-GC15,-39.31283,142.68398,213,303.0,,3.0,0.0,94.0,,,,10.24898971116774
SS0206-GC15,-39.31283,142.68398,186,262.0,,6.0,0.0,93.0,,,,10.24898971116774
SS0206-GC15,-39.31283,142.68398,168,229.0,,14.0,0.0,125.0,,,,10.24898971116774
SS0206-GC15,-39.31283,142.68398,192,290.0,,11.0,0.0,111.0,,,,10.24898971116774
SS0206-GC15,-39.31283,142.68398,147,272.0,,15.0,2.0,103.0,,,,10.24898971116774
SS0206-GC15,-39.31283,142.68398,179,302.0,,7.0,0.0,102.0,,,,10.24898971116774
SS0206-GC15,-39.31283,142.68398,207,298.0,,4.0,0.0,105.0,,,,10.24898971116774
SS0206-GC15,-39.31283,142.68398,159,297.0,,4.0,0.0,112.0,,,,10.24898971116774
SS0206-GC15,-39.31283,142.68398,162,271.0,,3.0,1.0,88.0,,,,10.24898971116774
SS0206-GC15,-39.31283,142.68398,169,261.0,,3.0,0.0,87.0,,,,10.24898971116774
SS0206-GC15,-39.31283,142.68398,177,287.0,,1.0,0.0,70.0,,,,10.24898971116774
SS0206-GC15,-39.31283,142.68398,215,273.0,,5.0,1.0,85.0,,,,10.24898971116774
SS0206-GC15,-39.31283,142.68398,236,305.0,,2.0,0.0,112.0,,,,10.24898971116774
SS0206-GC15,-39.31283,142.68398,214,236.0,,1.0,1.0,112.0,,,,10.24898971116774
SS0206-GC15,-39.31283,142.68398,190,227.0,,7.0,1.0,108.0,,,,10.24898971116774
SS0206-GC15,-39.31283,142.68398,178,263.0,,3.0,0.0,71.0,,,,10.24898971116774
SS0206-GC15,-39.31283,142.68398,190,274.0,,4.0,0.0,70.0,,,,10.24898971116774
SS0206-GC15,-39.31283,142.68398,207,267.0,,6.0,0.0,90.0,,,,10.24898971116774
SS0206-GC15,-39.31283,142.68398,178,301.0,,1.0,0.0,63.0,,,,10.24898971116774
SS0206-GC15,-39.31283,142.68398,177,268.0,,6.0,0.0,78.0,,,,10.24898971116774
SS0206-GC15,-39.31283,142.68398,202,364.0,,3.0,0.0,85.0,,,,10.24898971116774
SS0206-GC15,-39.31283,142.68398,191,301.0,,0.0,0.0,87.0,,,,10.24898971116774
SS0206-GC15,-39.31283,142.68398,141,209.0,,3.0,0.0,69.0,,,,10.24898971116774
SS0206-GC15,-39.31283,142.68398,199,295.0,,5.0,0.0,81.0,,,,10.24898971116774
SS0206-GC15,-39.31283,142.68398,186,256.0,,3.0,1.0,86.0,,,,10.24898971116774
SS0206-GC15,-39.31283,142.68398,190,296.0,,6.0,0.0,71.0,,,,10.24898971116774
V26-124,16.133,-74.45,11,9.0,0.0,201.0,18.0,76.0,35.0,0.0,,22.888326131091304
