Campaign,Event,Latitude,Longitude,Date/Time,Elevation [m],Symbiosis,Spinose,Depth [m],T. quinqueloba,G. ruber ruber,G. ruber albus,G. rubescens,G. clavaticamerata,G. sacculifer,G. scitula,G. tenellus,G. truncatulinoides,G. tumida,O. universa,G. uvula,N. incompta,Relative Abundance
A150/180,A180-73,0.1667,-23,NA,-3749,No,No,0.38,0,3.6,26.4,3.6,15.6,13.6,2.8,2,56.8,0,0.8,0,19.2,0.037
A150/180,A180-73,0.1667,-23,NA,-3749,No,Yes,0.38,0,0.9,6.6,0.9,3.9,3.4,0.7,0.5,14.2,0,0.2,0,4.8,0.006999999999999999
A150/180,A180-73,0.1667,-23,NA,-3749,Yes,No,0.38,0,5.4,39.6,5.4,23.4,20.4,4.2,3,85.2,0,1.2,0,28.8,0.47900000000000004
A150/180,A180-73,0.1667,-23,NA,-3749,Yes,Yes,0.38,0,5.4,39.6,5.4,23.4,20.4,4.2,3,85.2,0,1.2,0,28.8,0.049999999999999996
ANT-IV/1c,GIK16457-2,5.385,-21.7517,22/10/1985,-3303,No,No,0.3,0,6,114.8,0,54.4,54,0,0,29.200000000000003,1.2,2.4,0,6,0.03
ANT-IV/1c,GIK16457-2,5.385,-21.7517,22/10/1985,-3303,No,Yes,0.3,0,1.5,28.7,0,13.6,13.5,0,0,7.300000000000001,0.3,0.6,0,1.5,0.051
ANT-IV/1c,GIK16457-2,5.385,-21.7517,22/10/1985,-3303,Yes,No,0.3,0,9,172.2,0,81.6,81,0,0,43.8,1.8,3.6,0,9,0.24
ANT-IV/1c,GIK16457-2,5.385,-21.7517,22/10/1985,-3303,Yes,Yes,0.3,0,9,172.2,0,81.6,81,0,0,43.8,1.8,3.6,0,9,0.022
ANT-IV/1c,GIK16458-1,5.335,-22.0533,22/10/1985,-3518,No,No,0.27,0,6.8,134.3,0.5,97.1,5.3,0.4,0.5,12.200000000000001,3.8,4.2,0,5.7,0.04
ANT-IV/1c,GIK16458-1,5.335,-22.0533,22/10/1985,-3518,No,Yes,0.27,0,1.7,33.575,0.125,24.275,1.325,0.1,0.125,3.0500000000000003,0.95,1.05,0,1.425,0.045
ANT-IV/1c,GIK16458-1,5.335,-22.0533,22/10/1985,-3518,Yes,No,0.27,0,10.200000000000001,201.45,0.75,145.65,7.95,0.6,0.75,18.3,5.700000000000001,6.3,0,8.55,0.18325
ANT-IV/1c,GIK16458-1,5.335,-22.0533,22/10/1985,-3518,Yes,Yes,0.27,0,10.200000000000001,201.45,0.75,145.65,7.95,0.6,0.75,18.3,5.700000000000001,6.3,0,8.55,0.051500000000000004
ANT-IV/1c,GIK16458-2,5.335,-22.055,22/10/1985,-3518,No,No,0.29,0,16.666666666666668,132,1.7333333333333334,85.60000000000001,43.46666666666667,1.0666666666666667,3.4666666666666663,4.266666666666667,6,5.066666666666666,0,1.5999999999999999,0.010333333333333335
ANT-IV/1c,GIK16458-2,5.335,-22.055,22/10/1985,-3518,No,Yes,0.29,0,4.166666666666667,33,0.43333333333333335,21.400000000000002,10.866666666666667,0.26666666666666666,0.8666666666666666,1.0666666666666667,1.5,1.2666666666666666,0,0.39999999999999997,0.040666666666666663
ANT-IV/1c,GIK16458-2,5.335,-22.055,22/10/1985,-3518,Yes,No,0.29,0,25,198,2.6,128.4,65.2,1.6,5.2,6.4,9,7.6,0,2.4,0.14133333333333334
ANT-IV/1c,GIK16458-2,5.335,-22.055,22/10/1985,-3518,Yes,Yes,0.29,0,25,198,2.6,128.4,65.2,1.6,5.2,6.4,9,7.6,0,2.4,0.052333333333333336
ARK-II/4,PS1230-1,78.8553,-4.7812,16/08/1984,-1249,No,No,0.23333333333333334,0.5333333333333334,0,0,0,0,0,0,0,0,0,0,0,6.266666666666667,0.9836666666666667
ARK-II/4,PS1230-1,78.8553,-4.7812,16/08/1984,-1249,No,Yes,0.23333333333333334,0.13333333333333336,0,0,0,0,0,0,0,0,0,0,0,1.5666666666666667,0
ARK-II/4,PS1230-1,78.8553,-4.7812,16/08/1984,-1249,Yes,No,0.23333333333333334,0.8,0,0,0,0,0,0,0,0,0,0,0,9.4,0
ARK-II/4,PS1230-1,78.8553,-4.7812,16/08/1984,-1249,Yes,Yes,0.23333333333333334,0.8,0,0,0,0,0,0,0,0,0,0,0,9.4,0
ARK-IV/3,PS1533-3,82.0317,15.1908,16/08/1987,-2026,No,No,0.73,1.0666666666666667,0,0,0,0,0,0,0,0,0,0,0,10.8,0.9613333333333334
ARK-IV/3,PS1533-3,82.0317,15.1908,16/08/1987,-2026,No,Yes,0.73,0.26666666666666666,0,0,0,0,0,0,0,0,0,0,0,2.7,0.01
ARK-IV/3,PS1533-3,82.0317,15.1908,16/08/1987,-2026,Yes,No,0.73,1.5999999999999999,0,0,0,0,0,0,0,0,0,0,0,16.2,3.333333333333334e-4
ARK-IV/3,PS1533-3,82.0317,15.1908,16/08/1987,-2026,Yes,Yes,0.73,1.5999999999999999,0,0,0,0,0,0,0,0,0,0,0,16.2,0
ARK-IX/4,PS2446-4,82.3967,40.9083,19/08/1993,-2022,No,No,3.2,0,0,0,0,0,0,0,0,0,0,0,0,8.4,0.979
ARK-IX/4,PS2446-4,82.3967,40.9083,19/08/1993,-2022,No,Yes,3.2,0,0,0,0,0,0,0,0,0,0,0,0,2.1,0
ARK-IX/4,PS2446-4,82.3967,40.9083,19/08/1993,-2022,Yes,No,3.2,0,0,0,0,0,0,0,0,0,0,0,0,12.6,0
ARK-IX/4,PS2446-4,82.3967,40.9083,19/08/1993,-2022,Yes,Yes,3.2,0,0,0,0,0,0,0,0,0,0,0,0,12.6,0
ARK-V/3b,PS1730-2,70.1165,-17.6943,18/08/1988,-1622,No,No,0.9,0,0,0,0,0,0,0,0,0,0,0,0,3.1999999999999997,0.992
ARK-V/3b,PS1730-2,70.1165,-17.6943,18/08/1988,-1622,No,Yes,0.9,0,0,0,0,0,0,0,0,0,0,0,0,0.7999999999999999,0
ARK-V/3b,PS1730-2,70.1165,-17.6943,18/08/1988,-1622,Yes,No,0.9,0,0,0,0,0,0,0,0,0,0,0,0,4.8,0
ARK-V/3b,PS1730-2,70.1165,-17.6943,18/08/1988,-1622,Yes,Yes,0.9,0,0,0,0,0,0,0,0,0,0,0,0,4.8,0
ARK-VII/3b,PS1919-2,74.9967,-11.8267,01/09/1990,-1955,No,No,0.295,0,0,0,0,0,0,0,0,0,0,0,0,2.8,0.993
ARK-VII/3b,PS1919-2,74.9967,-11.8267,01/09/1990,-1955,No,Yes,0.295,0,0,0,0,0,0,0,0,0,0,0,0,0.7,0
ARK-VII/3b,PS1919-2,74.9967,-11.8267,01/09/1990,-1955,Yes,No,0.295,0,0,0,0,0,0,0,0,0,0,0,0,4.2,0
ARK-VII/3b,PS1919-2,74.9967,-11.8267,01/09/1990,-1955,Yes,Yes,0.295,0,0,0,0,0,0,0,0,0,0,0,0,4.2,0
ARK-VII/3b,PS1922-1,75.0003,-8.771,02/09/1990,-3350,No,No,1.534,0,0,0,0,0,0,0,0,0,0,0,0,8.48,0.9783999999999999
ARK-VII/3b,PS1922-1,75.0003,-8.771,02/09/1990,-3350,No,Yes,1.534,0,0,0,0,0,0,0,0,0,0,0,0,2.12,0
ARK-VII/3b,PS1922-1,75.0003,-8.771,02/09/1990,-3350,Yes,No,1.534,0,0,0,0,0,0,0,0,0,0,0,0,12.72,6.000000000000001e-4
ARK-VII/3b,PS1922-1,75.0003,-8.771,02/09/1990,-3350,Yes,Yes,1.534,0,0,0,0,0,0,0,0,0,0,0,0,12.72,0
ARK-VII/3b,PS1927-2,71.4967,-17.1483,03/09/1990,-1706,No,No,0.7725,0,0,0,0,0,0,0,0,0,0,0,0,2.4,0.994
ARK-VII/3b,PS1927-2,71.4967,-17.1483,03/09/1990,-1706,No,Yes,0.7725,0,0,0,0,0,0,0,0,0,0,0,0,0.6,0
ARK-VII/3b,PS1927-2,71.4967,-17.1483,03/09/1990,-1706,Yes,No,0.7725,0,0,0,0,0,0,0,0,0,0,0,0,3.6,0
ARK-VII/3b,PS1927-2,71.4967,-17.1483,03/09/1990,-1706,Yes,Yes,0.7725,0,0,0,0,0,0,0,0,0,0,0,0,3.6,0
ARK-VII/3b,PS1951-1,68.8417,-20.825,27/09/1990,-1459,No,No,0.8724999999999999,0,0,0,0,0,0,0,0,0,0,0,0,7.9,0.9802500000000001
ARK-VII/3b,PS1951-1,68.8417,-20.825,27/09/1990,-1459,No,Yes,0.8724999999999999,0,0,0,0,0,0,0,0,0,0,0,0,1.975,0
ARK-VII/3b,PS1951-1,68.8417,-20.825,27/09/1990,-1459,Yes,No,0.8724999999999999,0,0,0,0,0,0,0,0,0,0,0,0,11.85,0
ARK-VII/3b,PS1951-1,68.8417,-20.825,27/09/1990,-1459,Yes,Yes,0.8724999999999999,0,0,0,0,0,0,0,0,0,0,0,0,11.85,0
ARK-VIII/2,PS2129-1,81.3667,17.4717,11/07/1991,-861,No,No,0.3,0,0,0,0,0,0,0,0,0,0,0,0,10,0.9696666666666667
ARK-VIII/2,PS2129-1,81.3667,17.4717,11/07/1991,-861,No,Yes,0.3,0,0,0,0,0,0,0,0,0,0,0,0,2.5,6.666666666666668e-4
ARK-VIII/2,PS2129-1,81.3667,17.4717,11/07/1991,-861,Yes,No,0.3,0,0,0,0,0,0,0,0,0,0,0,0,15,0.004666666666666667
ARK-VIII/2,PS2129-1,81.3667,17.4717,11/07/1991,-861,Yes,Yes,0.3,0,0,0,0,0,0,0,0,0,0,0,0,15,0
ARK-VIII/2,PS2138-1,81.535,30.5933,18/07/1991,-862,No,No,1.722,1.3599999999999999,0,0,0,0,0,0.24,0,0,0,0,0,8.879999999999999,0.9756
ARK-VIII/2,PS2138-1,81.535,30.5933,18/07/1991,-862,No,Yes,1.722,0.33999999999999997,0,0,0,0,0,0.06,0,0,0,0,0,2.2199999999999998,0
ARK-VIII/2,PS2138-1,81.535,30.5933,18/07/1991,-862,Yes,No,1.722,2.04,0,0,0,0,0,0.36,0,0,0,0,0,13.32,0
ARK-VIII/2,PS2138-1,81.535,30.5933,18/07/1991,-862,Yes,Yes,1.722,2.04,0,0,0,0,0,0.36,0,0,0,0,0,13.32,0
ARK-X/2,PS2613-6,74.1767,-0.48,19/08/1994,-3266,No,No,0.35,0,0,0,0,0,0,0,0,0,0,0,0,12.933333333333334,0.9666666666666667
ARK-X/2,PS2613-6,74.1767,-0.48,19/08/1994,-3266,No,Yes,0.35,0,0,0,0,0,0,0,0,0,0,0,0,3.2333333333333334,0
ARK-X/2,PS2613-6,74.1767,-0.48,19/08/1994,-3266,Yes,No,0.35,0,0,0,0,0,0,0,0,0,0,0,0,19.4,6.666666666666666e-4
ARK-X/2,PS2613-6,74.1767,-0.48,19/08/1994,-3266,Yes,Yes,0.35,0,0,0,0,0,0,0,0,0,0,0,0,19.4,0
ARK-X/2,PS2644-5,67.8667,-21.765,19/09/1994,-777,No,No,1.0899999999999999,0.6000000000000001,0,0,0,0,0,0,0,0,0,0,0,7,0.9795
ARK-X/2,PS2644-5,67.8667,-21.765,19/09/1994,-777,No,Yes,1.0899999999999999,0.15000000000000002,0,0,0,0,0,0,0,0,0,0,0,1.75,0
ARK-X/2,PS2644-5,67.8667,-21.765,19/09/1994,-777,Yes,No,1.0899999999999999,0.8999999999999999,0,0,0,0,0,0,0,0,0,0,0,10.5,0.0022500000000000003
ARK-X/2,PS2644-5,67.8667,-21.765,19/09/1994,-777,Yes,Yes,1.0899999999999999,0.8999999999999999,0,0,0,0,0,0,0,0,0,0,0,10.5,0
ARK-XIII/2,PS2837-5,81.2333,2.3817,12/07/1997,-1023,No,No,3.936666666666667,0,0,0,0,0,0,0,0,0,0,0,0,8.533333333333333,0.9763333333333333
ARK-XIII/2,PS2837-5,81.2333,2.3817,12/07/1997,-1023,No,Yes,3.936666666666667,0,0,0,0,0,0,0,0,0,0,0,0,2.1333333333333333,0
ARK-XIII/2,PS2837-5,81.2333,2.3817,12/07/1997,-1023,Yes,No,3.936666666666667,0,0,0,0,0,0,0,0,0,0,0,0,12.8,0.0023333333333333335
ARK-XIII/2,PS2837-5,81.2333,2.3817,12/07/1997,-1023,Yes,Yes,3.936666666666667,0,0,0,0,0,0,0,0,0,0,0,0,12.8,0
ARK-XIII/3,PS2876-1,81.759,-9.4355,24/08/1997,-1976,No,No,0.254,0,0,0,0,0,0,0,0,0,0,0,0,12.959999999999999,0.9656
ARK-XIII/3,PS2876-1,81.759,-9.4355,24/08/1997,-1976,No,Yes,0.254,0,0,0,0,0,0,0,0,0,0,0,0,3.2399999999999998,0
ARK-XIII/3,PS2876-1,81.759,-9.4355,24/08/1997,-1976,Yes,No,0.254,0,0,0,0,0,0,0,0,0,0,0,0,19.44,0.0018
ARK-XIII/3,PS2876-1,81.759,-9.4355,24/08/1997,-1976,Yes,Yes,0.254,0,0,0,0,0,0,0,0,0,0,0,0,19.44,0
ARK-XIII/3,PS2887-1,79.6,-4.6077,03/09/1997,-1411,No,No,0.49333333333333335,0,0,0,0,0,0,0,0,0,0,0,0,11.066666666666666,0.972
ARK-XIII/3,PS2887-1,79.6,-4.6077,03/09/1997,-1411,No,Yes,0.49333333333333335,0,0,0,0,0,0,0,0,0,0,0,0,2.7666666666666666,0
ARK-XIII/3,PS2887-1,79.6,-4.6077,03/09/1997,-1411,Yes,No,0.49333333333333335,0,0,0,0,0,0,0,0,0,0,0,0,16.6,3.333333333333334e-4
ARK-XIII/3,PS2887-1,79.6,-4.6077,03/09/1997,-1411,Yes,Yes,0.49333333333333335,0,0,0,0,0,0,0,0,0,0,0,0,16.6,0
CEPAG,SU81-18,37.767,-10.183,01/01/1981,-3155,No,No,3.9,16.327272727272728,0,17.563636363636366,1.3818181818181818,0,0,29.818181818181817,0,3.709090909090909,0,4.4363636363636365,0,137.12727272727273,0.009363636363636364
CEPAG,SU81-18,37.767,-10.183,01/01/1981,-3155,No,Yes,3.9,4.081818181818182,0,4.3909090909090915,0.34545454545454546,0,0,7.454545454545454,0,0.9272727272727272,0,1.1090909090909091,0,34.28181818181818,0.20372727272727273
CEPAG,SU81-18,37.767,-10.183,01/01/1981,-3155,Yes,No,3.9,24.490909090909092,0,26.345454545454544,2.072727272727273,0,0,44.72727272727273,0,5.5636363636363635,0,6.654545454545454,0,205.6909090909091,0.2539090909090909
CEPAG,SU81-18,37.767,-10.183,01/01/1981,-3155,Yes,Yes,3.9,24.490909090909092,0,26.345454545454544,2.072727272727273,0,0,44.72727272727273,0,5.5636363636363635,0,6.654545454545454,0,205.6909090909091,0.011545454545454546
CH8X,CH82-24,43.465,-30.66,NA,-3070,No,No,0.63,58.6,0,13.8,0,0,0,0,0,0,0,0,0,9.2,0.201
CH8X,CH82-24,43.465,-30.66,NA,-3070,No,Yes,0.63,14.65,0,3.45,0,0,0,0,0,0,0,0,0,2.3,0.345
CH8X,CH82-24,43.465,-30.66,NA,-3070,Yes,No,0.63,87.9,0,20.7,0,0,0,0,0,0,0,0,0,13.8,0.123
CH8X,CH82-24,43.465,-30.66,NA,-3070,Yes,Yes,0.63,87.9,0,20.7,0,0,0,0,0,0,0,0,0,13.8,0.1275
D184,BOFS14K,58.6288,-19.4349,03/08/1989,-1756,No,No,0.37,13,0,0,0,0,0,1.9,0,0,0,0,0,14.3,0.868
D184,BOFS14K,58.6288,-19.4349,03/08/1989,-1756,No,Yes,0.37,3.25,0,0,0,0,0,0.475,0,0,0,0,0,3.575,0.03
D184,BOFS14K,58.6288,-19.4349,03/08/1989,-1756,Yes,No,0.37,19.5,0,0,0,0,0,2.85,0,0,0,0,0,21.45,0.029
D184,BOFS14K,58.6288,-19.4349,03/08/1989,-1756,Yes,Yes,0.37,19.5,0,0,0,0,0,2.85,0,0,0,0,0,21.45,0
D184,BOFS17K,58.001,-16.5014,10/08/1989,-1150,No,No,0.72,6.640000000000001,0,0,0,0,0,0.72,0,0,0,0,0,3.68,0.9037999999999999
D184,BOFS17K,58.001,-16.5014,10/08/1989,-1150,No,Yes,0.72,1.6600000000000001,0,0,0,0,0,0.18,0,0,0,0,0,0.92,0.024
D184,BOFS17K,58.001,-16.5014,10/08/1989,-1150,Yes,No,0.72,9.959999999999999,0,0,0,0,0,1.08,0,0,0,0,0,5.5200000000000005,0.0338
D184,BOFS17K,58.001,-16.5014,10/08/1989,-1150,Yes,Yes,0.72,9.959999999999999,0,0,0,0,0,1.08,0,0,0,0,0,5.5200000000000005,0
D184,BOFS5K,50.6876,-21.8635,26/07/1989,-3547,No,No,0.86,8.222222222222221,0,0.6222222222222222,0,0,0,3.822222222222222,0,0,0,0,0,4.266666666666667,0.9323333333333333
D184,BOFS5K,50.6876,-21.8635,26/07/1989,-3547,No,Yes,0.86,2.0555555555555554,0,0.15555555555555556,0,0,0,0.9555555555555555,0,0,0,0,0,1.0666666666666667,0.01388888888888889
D184,BOFS5K,50.6876,-21.8635,26/07/1989,-3547,Yes,No,0.86,12.333333333333334,0,0.9333333333333333,0,0,0,5.733333333333333,0,0,0,0,0,6.4,0.010444444444444445
D184,BOFS5K,50.6876,-21.8635,26/07/1989,-3547,Yes,Yes,0.86,12.333333333333334,0,0.9333333333333333,0,0,0,5.733333333333333,0,0,0,0,0,6.4,0
D184,BOFS8K,52.5033,-22.0623,30/07/1989,-4045,No,No,0.88,1.8909090909090909,0,0,0,0,0,0,0,0,0,0,0,6.254545454545455,0.9618181818181818
D184,BOFS8K,52.5033,-22.0623,30/07/1989,-4045,No,Yes,0.88,0.4727272727272727,0,0,0,0,0,0,0,0,0,0,0,1.5636363636363637,0.007727272727272728
D184,BOFS8K,52.5033,-22.0623,30/07/1989,-4045,Yes,No,0.88,2.8363636363636364,0,0,0,0,0,0,0,0,0,0,0,9.381818181818181,0.009454545454545455
D184,BOFS8K,52.5033,-22.0623,30/07/1989,-4045,Yes,Yes,0.88,2.8363636363636364,0,0,0,0,0,0,0,0,0,0,0,9.381818181818181,0
GEOFAR,KF09,37.1113,-32.2868,01/08/1993,-2655,No,No,2.725,12.4,0.2,23.799999999999997,0.8,0.3,0,42.6,0.8,4.2,0,2,0.1,49.5,0.006500000000000001
GEOFAR,KF09,37.1113,-32.2868,01/08/1993,-2655,No,Yes,2.725,3.1,0.05,5.949999999999999,0.2,0.075,0,10.65,0.2,1.05,0,0.5,0.025,12.375,0.2315
GEOFAR,KF09,37.1113,-32.2868,01/08/1993,-2655,Yes,No,2.725,18.6,0.29999999999999993,35.7,1.2000000000000002,0.45,0,63.9,1.2,6.3,0,3,0.15,74.25,0.39349999999999996
GEOFAR,KF09,37.1113,-32.2868,01/08/1993,-2655,Yes,Yes,2.725,18.6,0.29999999999999993,35.7,1.2000000000000002,0.45,0,63.9,1.2,6.3,0,3,0.15,74.25,0.0245
GEOFAR,KF13,37.5783,-31.8422,01/08/1993,-2690,No,No,1.7666666666666666,22.533333333333335,0.6666666666666666,19.466666666666665,0.4,0.13333333333333336,0,56.8,3.0666666666666664,4,0,0.9333333333333333,0,56.666666666666664,0.013000000000000001
GEOFAR,KF13,37.5783,-31.8422,01/08/1993,-2690,No,Yes,1.7666666666666666,5.633333333333334,0.16666666666666666,4.866666666666666,0.1,0.03333333333333334,0,14.2,0.7666666666666666,1,0,0.23333333333333334,0,14.166666666666666,0.217
GEOFAR,KF13,37.5783,-31.8422,01/08/1993,-2690,Yes,No,1.7666666666666666,33.8,1,29.2,0.6000000000000001,0.2,0,85.2,4.6,6,0,1.4,0,85,0.34833333333333333
GEOFAR,KF13,37.5783,-31.8422,01/08/1993,-2690,Yes,Yes,1.7666666666666666,33.8,1,29.2,0.6000000000000001,0.2,0,85.2,4.6,6,0,1.4,0,85,0.024666666666666667
GEOFAR,KF16,37.999,-31.1283,01/08/1993,-3050,No,No,6,43.2,0.4,7.6,1.2,0,0,39.2,0.8,4,0,0.8,0,75.2,0.009000000000000001
GEOFAR,KF16,37.999,-31.1283,01/08/1993,-3050,No,Yes,6,10.8,0.1,1.9,0.3,0,0,9.8,0.2,1,0,0.2,0,18.8,0.268
GEOFAR,KF16,37.999,-31.1283,01/08/1993,-3050,Yes,No,6,64.8,0.6,11.4,1.8,0,0,58.8,1.2,6,0,1.2,0,112.8,0.297
GEOFAR,KF16,37.999,-31.1283,01/08/1993,-3050,Yes,Yes,6,64.8,0.6,11.4,1.8,0,0,58.8,1.2,6,0,1.2,0,112.8,0.007
HUD90/13,HU90-13-013,58.2098,-48.3733,NA,-3380,No,No,4.78,2.8,0,0,0,0,0,0,0,0,0,0,0,2.8,0.98
HUD90/13,HU90-13-013,58.2098,-48.3733,NA,-3380,No,Yes,4.78,0.7,0,0,0,0,0,0,0,0,0,0,0,0.7,0.006999999999999999
HUD90/13,HU90-13-013,58.2098,-48.3733,NA,-3380,Yes,No,4.78,4.2,0,0,0,0,0,0,0,0,0,0,0,4.2,0
HUD90/13,HU90-13-013,58.2098,-48.3733,NA,-3380,Yes,Yes,4.78,4.2,0,0,0,0,0,0,0,0,0,0,0,4.2,0
M11/1,GIK17045-3,52.425,-16.665,07/10/1989,-3663,No,No,0.8566666666666667,8.799999999999999,0,0,0,0,0,1.2000000000000002,0,0,0,0,0,6.800000000000001,0.9103333333333333
M11/1,GIK17045-3,52.425,-16.665,07/10/1989,-3663,No,Yes,0.8566666666666667,2.1999999999999997,0,0,0,0,0,0.30000000000000004,0,0,0,0,0,1.7000000000000002,0.037
M11/1,GIK17045-3,52.425,-16.665,07/10/1989,-3663,Yes,No,0.8566666666666667,13.2,0,0,0,0,0,1.8000000000000003,0,0,0,0,0,10.2,0.009666666666666667
M11/1,GIK17045-3,52.425,-16.665,07/10/1989,-3663,Yes,Yes,0.8566666666666667,13.2,0,0,0,0,0,1.8000000000000003,0,0,0,0,0,10.2,0
M11/1,GIK17049-6,55.26,-26.725,11/10/1989,-3331,No,No,1.6,13.066666666666666,0,0,0,0,0,0,0,0,0,0,0.6666666666666666,9.333333333333334,0.944
M11/1,GIK17049-6,55.26,-26.725,11/10/1989,-3331,No,Yes,1.6,3.2666666666666666,0,0,0,0,0,0,0,0,0,0,0.16666666666666666,2.3333333333333335,0.013
M11/1,GIK17049-6,55.26,-26.725,11/10/1989,-3331,Yes,No,1.6,19.6,0,0,0,0,0,0,0,0,0,0,1,14,0.0026666666666666666
M11/1,GIK17049-6,55.26,-26.725,11/10/1989,-3331,Yes,Yes,1.6,19.6,0,0,0,0,0,0,0,0,0,0,1,14,0
M11/1,GIK17050-1,55.47,-27.8883,12/10/1989,-2795,No,No,3.85,29.466666666666665,0,0,0,0,0,0.8,0,0,0,0,0,12.533333333333333,0.8473333333333333
M11/1,GIK17050-1,55.47,-27.8883,12/10/1989,-2795,No,Yes,3.85,7.366666666666666,0,0,0,0,0,0.2,0,0,0,0,0,3.1333333333333333,0.076
M11/1,GIK17050-1,55.47,-27.8883,12/10/1989,-2795,Yes,No,3.85,44.2,0,0,0,0,0,1.2,0,0,0,0,0,18.8,0.005333333333333333
M11/1,GIK17050-1,55.47,-27.8883,12/10/1989,-2795,Yes,Yes,3.85,44.2,0,0,0,0,0,1.2,0,0,0,0,0,18.8,0.0016666666666666668
M11/1,GIK17051-3,56.1633,-31.99,13/10/1989,-2295,No,No,2.05,27.200000000000003,0,0,0,0,0,0,0,0,0,0,0,6,0.9299999999999999
M11/1,GIK17051-3,56.1633,-31.99,13/10/1989,-2295,No,Yes,2.05,6.800000000000001,0,0,0,0,0,0,0,0,0,0,0,1.5,0.01
M11/1,GIK17051-3,56.1633,-31.99,13/10/1989,-2295,Yes,No,2.05,40.8,0,0,0,0,0,0,0,0,0,0,0,9,0.0115
M11/1,GIK17051-3,56.1633,-31.99,13/10/1989,-2295,Yes,Yes,2.05,40.8,0,0,0,0,0,0,0,0,0,0,0,9,0
M11/1,GIK17055-1,48.215,-27.0567,17/10/1989,-2558,No,No,0.7,10.4,0,0,0,0,0,0.4,0,0,0,0,0,3.6,0.975
M11/1,GIK17055-1,48.215,-27.0567,17/10/1989,-2558,No,Yes,0.7,2.6,0,0,0,0,0,0.1,0,0,0,0,0,0.9,0.002
M11/1,GIK17055-1,48.215,-27.0567,17/10/1989,-2558,Yes,No,0.7,15.6,0,0,0,0,0,0.6,0,0,0,0,0,5.4,0
M11/1,GIK17055-1,48.215,-27.0567,17/10/1989,-2558,Yes,Yes,0.7,15.6,0,0,0,0,0,0.6,0,0,0,0,0,5.4,0
M13/2,GIK17724-2,76,8.3333,07/08/1990,-2354,No,No,0.575,0,0,0,0,0,0,0,0,0,0,0,0,11.2,0.971
M13/2,GIK17724-2,76,8.3333,07/08/1990,-2354,No,Yes,0.575,0,0,0,0,0,0,0,0,0,0,0,0,2.8,0.001
M13/2,GIK17724-2,76,8.3333,07/08/1990,-2354,Yes,No,0.575,0,0,0,0,0,0,0,0,0,0,0,0,16.8,0
M13/2,GIK17724-2,76,8.3333,07/08/1990,-2354,Yes,Yes,0.575,0,0,0,0,0,0,0,0,0,0,0,0,16.8,0
M13/2,GIK17725-1,77.46,4.58,08/08/1990,-2577,No,No,0.25,0,0,0,0,0,0,0,0,0,0,0.8,0,14,0.9570000000000001
M13/2,GIK17725-1,77.46,4.58,08/08/1990,-2577,No,Yes,0.25,0,0,0,0,0,0,0,0,0,0,0.2,0,3.5,0.006
M13/2,GIK17725-1,77.46,4.58,08/08/1990,-2577,Yes,No,0.25,0,0,0,0,0,0,0,0,0,0,1.2,0,21,0
M13/2,GIK17725-1,77.46,4.58,08/08/1990,-2577,Yes,Yes,0.25,0,0,0,0,0,0,0,0,0,0,1.2,0,21,0
M13/2,GIK17730-4,72.1117,7.3883,11/08/1990,-2749,No,No,1.3933333333333333,0,0,0,0,0,0,0,0,0,0,0,0.2666666666666667,8.133333333333333,0.9693333333333334
M13/2,GIK17730-4,72.1117,7.3883,11/08/1990,-2749,No,Yes,1.3933333333333333,0,0,0,0,0,0,0,0,0,0,0,0.06666666666666668,2.033333333333333,0.005
M13/2,GIK17730-4,72.1117,7.3883,11/08/1990,-2749,Yes,No,1.3933333333333333,0,0,0,0,0,0,0,0,0,0,0,0.4,12.200000000000001,0.004666666666666667
M13/2,GIK17730-4,72.1117,7.3883,11/08/1990,-2749,Yes,Yes,1.3933333333333333,0,0,0,0,0,0,0,0,0,0,0,0.4,12.200000000000001,0
M17/2,GIK23419-8,54.9617,-19.755,28/08/1991,-1487,No,No,0.4,12.8,0,0,0,0,0,2,0,0,0,0,0,9.2,0.865
M17/2,GIK23419-8,54.9617,-19.755,28/08/1991,-1487,No,Yes,0.4,3.2,0,0,0,0,0,0.5,0,0,0,0,0,2.3,0.035
M17/2,GIK23419-8,54.9617,-19.755,28/08/1991,-1487,Yes,No,0.4,19.2,0,0,0,0,0,3,0,0,0,0,0,13.8,0.035
M17/2,GIK23419-8,54.9617,-19.755,28/08/1991,-1487,Yes,Yes,0.4,19.2,0,0,0,0,0,3,0,0,0,0,0,13.8,0
M2/2,GIK23056-2,68.5017,3.8383,05/07/1986,-2665,No,No,0.32499999999999996,24,0,0,0,0,0,0,0,0,0,0,0.4,4.6,0.9535
M2/2,GIK23056-2,68.5017,3.8383,05/07/1986,-2665,No,Yes,0.32499999999999996,6,0,0,0,0,0,0,0,0,0,0,0.1,1.15,0.001
M2/2,GIK23056-2,68.5017,3.8383,05/07/1986,-2665,Yes,No,0.32499999999999996,36,0,0,0,0,0,0,0,0,0,0,0.6,6.9,0.0025
M2/2,GIK23056-2,68.5017,3.8383,05/07/1986,-2665,Yes,Yes,0.32499999999999996,36,0,0,0,0,0,0,0,0,0,0,0.6,6.9,0
M2/2,GIK23065-2,68.495,0.8317,09/07/1986,-2804,No,No,0.32,12.533333333333335,0,0,0,0,0,0,0,0,0,0,0,8.8,0.9543333333333334
M2/2,GIK23065-2,68.495,0.8317,09/07/1986,-2804,No,Yes,0.32,3.1333333333333337,0,0,0,0,0,0,0,0,0,0,0,2.2,0.007333333333333333
M2/2,GIK23065-2,68.495,0.8317,09/07/1986,-2804,Yes,No,0.32,18.799999999999997,0,0,0,0,0,0,0,0,0,0,0,13.2,0.001
M2/2,GIK23065-2,68.495,0.8317,09/07/1986,-2804,Yes,Yes,0.32,18.799999999999997,0,0,0,0,0,0,0,0,0,0,0,13.2,0
M2/2,GIK23071-3,67.085,2.9083,12/07/1986,-1308,No,No,1.176,0,0,0,0,0,0,0,0,0,0,0,0,9.36,0.9766
M2/2,GIK23071-3,67.085,2.9083,12/07/1986,-1308,No,Yes,1.176,0,0,0,0,0,0,0,0,0,0,0,0,2.34,0
M2/2,GIK23071-3,67.085,2.9083,12/07/1986,-1308,Yes,No,1.176,0,0,0,0,0,0,0,0,0,0,0,0,14.04,0
M2/2,GIK23071-3,67.085,2.9083,12/07/1986,-1308,Yes,Yes,1.176,0,0,0,0,0,0,0,0,0,0,0,0,14.04,0
M2/2,GIK23074-1,66.6667,4.905,13/07/1986,-1157,No,No,1.8092307692307692,0.24615384615384617,0,0,0,0,0,0,0,0,0,0,0,0.553846153846154,0.969
M2/2,GIK23074-1,66.6667,4.905,13/07/1986,-1157,No,Yes,1.8092307692307692,0.06153846153846154,0,0,0,0,0,0,0,0,0,0,0,0.1384615384615385,0
M2/2,GIK23074-1,66.6667,4.905,13/07/1986,-1157,Yes,No,1.8092307692307692,0.36923076923076925,0,0,0,0,0,0,0,0,0,0,0,0.8307692307692308,0.015000000000000001
M2/2,GIK23074-1,66.6667,4.905,13/07/1986,-1157,Yes,Yes,1.8092307692307692,0.36923076923076925,0,0,0,0,0,0,0,0,0,0,0,0.8307692307692308,0
M25,GIK12309-2,26.8383,-15.11,31/10/1971,-2820,No,No,1.6166666666666667,52.266666666666666,0,11.2,0,0,0,6.4,0.6666666666666666,0,0,5.866666666666667,0.26666666666666666,114.4,0
M25,GIK12309-2,26.8383,-15.11,31/10/1971,-2820,No,Yes,1.6166666666666667,13.066666666666666,0,2.8,0,0,0,1.6,0.16666666666666666,0,0,1.4666666666666668,0.06666666666666667,28.6,0.3143333333333333
M25,GIK12309-2,26.8383,-15.11,31/10/1971,-2820,Yes,No,1.6166666666666667,78.4,0,16.8,0,0,0,9.6,1,0,0,8.799999999999999,0.39999999999999997,171.6,0.24700000000000003
M25,GIK12309-2,26.8383,-15.11,31/10/1971,-2820,Yes,Yes,1.6166666666666667,78.4,0,16.8,0,0,0,9.6,1,0,0,8.799999999999999,0.39999999999999997,171.6,0.009333333333333332
M25,GIK12310-4,23.4983,-18.7167,02/11/1971,-3080,No,No,0.96,14.4,0.4,12.4,0,0.8,0,2,2,0.8,0,2.8,0,127.6,0.002
M25,GIK12310-4,23.4983,-18.7167,02/11/1971,-3080,No,Yes,0.96,3.6,0.1,3.1,0,0.2,0,0.5,0.5,0.2,0,0.7,0,31.9,0.34
M25,GIK12310-4,23.4983,-18.7167,02/11/1971,-3080,Yes,No,0.96,21.6,0.6,18.6,0,1.2,0,3,3,1.2,0,4.2,0,191.4,0.25
M25,GIK12310-4,23.4983,-18.7167,02/11/1971,-3080,Yes,Yes,0.96,21.6,0.6,18.6,0,1.2,0,3,3,1.2,0,4.2,0,191.4,0.015000000000000003
M25,GIK12328-5,21.145,-18.5733,08/11/1971,-2778,No,No,1.85,29.6,0.1,12.3,0,0.1,0.1,1,0.5,0.6,0,2.3,0.30000000000000004,95.8,0
M25,GIK12328-5,21.145,-18.5733,08/11/1971,-2778,No,Yes,1.85,7.4,0.025,3.075,0,0.025,0.025,0.25,0.125,0.15,0,0.575,0.07500000000000001,23.95,0.3615
M25,GIK12328-5,21.145,-18.5733,08/11/1971,-2778,Yes,No,1.85,44.4,0.14999999999999997,18.45,0,0.14999999999999997,0.14999999999999997,1.5,0.75,0.9,0,3.45,0.44999999999999996,143.7,0.31
M25,GIK12328-5,21.145,-18.5733,08/11/1971,-2778,Yes,Yes,1.85,44.4,0.14999999999999997,18.45,0,0.14999999999999997,0.14999999999999997,1.5,0.75,0.9,0,3.45,0.44999999999999996,143.7,0.00275
M25,GIK12329-6,19.3667,-19.93,09/11/1971,-3320,No,No,0.45499999999999996,6.8,1.4,13.2,0.4,1.4,0.2,0,0,1,0,3.2,0,84,0.016999999999999998
M25,GIK12329-6,19.3667,-19.93,09/11/1971,-3320,No,Yes,0.45499999999999996,1.7,0.35,3.3,0.1,0.35,0.05,0,0,0.25,0,0.8,0,21,0.269
M25,GIK12329-6,19.3667,-19.93,09/11/1971,-3320,Yes,No,0.45499999999999996,10.2,2.1,19.8,0.6,2.1,0.3,0,0,1.5,0,4.8,0,126,0.3625
M25,GIK12329-6,19.3667,-19.93,09/11/1971,-3320,Yes,Yes,0.45499999999999996,10.2,2.1,19.8,0.6,2.1,0.3,0,0,1.5,0,4.8,0,126,0.019000000000000003
M25,GIK12337-5,15.9533,-18.1333,14/11/1971,-3082,No,No,1.6,4.8,8,27.6,1.6,8.8,0.8,3.2,0.8,0.8,0,3.2,0,26,0.008
M25,GIK12337-5,15.9533,-18.1333,14/11/1971,-3082,No,Yes,1.6,1.2,2,6.9,0.4,2.2,0.2,0.8,0.2,0.2,0,0.8,0,6.5,0.445
M25,GIK12337-5,15.9533,-18.1333,14/11/1971,-3082,Yes,No,1.6,7.2,12,41.4,2.4,13.2,1.2,4.8,1.2,1.2,0,4.8,0,39,0.21500000000000002
M25,GIK12337-5,15.9533,-18.1333,14/11/1971,-3082,Yes,Yes,1.6,7.2,12,41.4,2.4,13.2,1.2,4.8,1.2,1.2,0,4.8,0,39,0.034
M25,GIK12345-5,15.48,-17.36,17/11/1971,-945,No,No,4.45,10,27.733333333333334,18.2,4.733333333333333,8,1.2666666666666666,5.066666666666666,0.33333333333333337,0,0.4,1.9333333333333333,0,81.4,0.005666666666666667
M25,GIK12345-5,15.48,-17.36,17/11/1971,-945,No,Yes,4.45,2.5,6.933333333333334,4.55,1.1833333333333333,2,0.31666666666666665,1.2666666666666666,0.08333333333333334,0,0.1,0.48333333333333334,0,20.35,0.218
M25,GIK12345-5,15.48,-17.36,17/11/1971,-945,Yes,No,4.45,15,41.6,27.3,7.1,12,1.9,7.6,0.5,0,0.6,2.9,0,122.1,0.35633333333333334
M25,GIK12345-5,15.48,-17.36,17/11/1971,-945,Yes,Yes,4.45,15,41.6,27.3,7.1,12,1.9,7.6,0.5,0,0.6,2.9,0,122.1,0.015833333333333335
M25,GIK12347-2,15.825,-17.8617,17/11/1971,-2576,No,No,3,15.466666666666667,18.133333333333333,18,5.333333333333334,5.866666666666667,2.1333333333333333,0.6666666666666667,0.9333333333333333,0.13333333333333336,0,5.733333333333333,0,99.2,0.030333333333333334
M25,GIK12347-2,15.825,-17.8617,17/11/1971,-2576,No,Yes,3,3.8666666666666667,4.533333333333333,4.5,1.3333333333333335,1.4666666666666668,0.5333333333333333,0.16666666666666669,0.23333333333333334,0.03333333333333334,0,1.4333333333333333,0,24.8,0.20199999999999999
M25,GIK12347-2,15.825,-17.8617,17/11/1971,-2576,Yes,No,3,23.200000000000003,27.2,27,8,8.8,3.1999999999999997,1,1.4000000000000001,0.2,0,8.6,0,148.8,0.25766666666666665
M25,GIK12347-2,15.825,-17.8617,17/11/1971,-2576,Yes,Yes,3,23.200000000000003,27.2,27,8,8.8,3.1999999999999997,1,1.4000000000000001,0.2,0,8.6,0,148.8,0.043000000000000003
M25,GIK12379-1,23.135,-17.745,30/11/1971,-2066,No,No,1.4766666666666666,21.866666666666667,0.5333333333333333,4.8,0,0.8,0.26666666666666666,0.4,0.13333333333333336,6.533333333333333,0,6.533333333333333,0,102.13333333333333,3.333333333333334e-4
M25,GIK12379-1,23.135,-17.745,30/11/1971,-2066,No,Yes,1.4766666666666666,5.466666666666667,0.13333333333333333,1.2,0,0.2,0.06666666666666667,0.1,0.03333333333333334,1.6333333333333333,0,1.6333333333333333,0,25.53333333333333,0.33333333333333337
M25,GIK12379-1,23.135,-17.745,30/11/1971,-2066,Yes,No,1.4766666666666666,32.8,0.7999999999999999,7.2,0,1.2,0.39999999999999997,0.6000000000000001,0.2,9.8,0,9.8,0,153.2,0.3143333333333333
M25,GIK12379-1,23.135,-17.745,30/11/1971,-2066,Yes,Yes,1.4766666666666666,32.8,0.7999999999999999,7.2,0,1.2,0.39999999999999997,0.6000000000000001,0.2,9.8,0,9.8,0,153.2,0.011333333333333334
M25,GIK12392-1,25.1717,-16.845,03/12/1971,-2575,No,No,1.224,21.76,0,5.36,0.4,0.24000000000000002,0.08,2.7199999999999998,0.16,1.52,0,0.24000000000000002,0,142.24,2e-4
M25,GIK12392-1,25.1717,-16.845,03/12/1971,-2575,No,Yes,1.224,5.44,0,1.34,0.1,0.060000000000000005,0.02,0.6799999999999999,0.04,0.38,0,0.060000000000000005,0,35.56,0.372
M25,GIK12392-1,25.1717,-16.845,03/12/1971,-2575,Yes,No,1.224,32.64,0,8.04,0.6,0.36,0.12,4.08,0.24,2.28,0,0.36,0,213.35999999999999,0.186
M25,GIK12392-1,25.1717,-16.845,03/12/1971,-2575,Yes,Yes,1.224,32.64,0,8.04,0.6,0.36,0.12,4.08,0.24,2.28,0,0.36,0,213.35999999999999,0.006
M35/1,M35003-4,12.09,-61.2433,19/04/1996,-1299,No,No,3.1714285714285713,0.1714285714285714,45.2,101.77142857142857,15.200000000000001,35.94285714285714,15.371428571428572,6.857142857142858,2.1142857142857143,14.857142857142858,0,1.0857142857142856,0,1.2,0.05171428571428572
M35/1,M35003-4,12.09,-61.2433,19/04/1996,-1299,No,Yes,3.1714285714285713,0.04285714285714285,11.3,25.442857142857143,3.8000000000000003,8.985714285714286,3.842857142857143,1.7142857142857144,0.5285714285714286,3.7142857142857144,0,0.2714285714285714,0,0.3,0.089
M35/1,M35003-4,12.09,-61.2433,19/04/1996,-1299,Yes,No,3.1714285714285713,0.2571428571428572,67.8,152.65714285714284,22.8,53.91428571428571,23.057142857142857,10.285714285714286,3.1714285714285717,22.285714285714285,0,1.6285714285714286,0,1.8,0.15614285714285714
M35/1,M35003-4,12.09,-61.2433,19/04/1996,-1299,Yes,Yes,3.1714285714285713,0.2571428571428572,67.8,152.65714285714284,22.8,53.91428571428571,23.057142857142857,10.285714285714286,3.1714285714285717,22.285714285714285,0,1.6285714285714286,0,1.8,0.10042857142857144
M35/1,M35027-1,17.6483,-67.1667,04/05/1996,-1814,No,No,0.524,0,42.88,116.88000000000001,20.96,30.48,9.84,5.840000000000001,9.52,5.6,0,3.04,0,0.72,0.030600000000000002
M35/1,M35027-1,17.6483,-67.1667,04/05/1996,-1814,No,Yes,0.524,0,10.72,29.220000000000002,5.24,7.62,2.46,1.4600000000000002,2.38,1.4,0,0.76,0,0.18,0.0644
M35/1,M35027-1,17.6483,-67.1667,04/05/1996,-1814,Yes,No,0.524,0,64.32,175.32,31.439999999999998,45.72,14.76,8.76,14.28,8.4,0,4.5600000000000005,0,1.08,0.206
M35/1,M35027-1,17.6483,-67.1667,04/05/1996,-1814,Yes,Yes,0.524,0,64.32,175.32,31.439999999999998,45.72,14.76,8.76,14.28,8.4,0,4.5600000000000005,0,1.08,0.0872
M39,GIK13521-1,3.02,-22.0317,01/01/1975,-4504,No,No,0.39,0,0,33.6,0,35.733333333333334,20.8,0,0.5333333333333334,21.866666666666667,1.0666666666666669,1.0666666666666667,0,63.46666666666667,0.04266666666666667
M39,GIK13521-1,3.02,-22.0317,01/01/1975,-4504,No,Yes,0.39,0,0,8.4,0,8.933333333333334,5.2,0,0.13333333333333336,5.466666666666667,0.2666666666666667,0.26666666666666666,0,15.866666666666667,0.025666666666666667
M39,GIK13521-1,3.02,-22.0317,01/01/1975,-4504,Yes,No,0.39,0,0,50.4,0,53.6,31.2,0,0.8,32.8,1.6,1.5999999999999999,0,95.2,0.45566666666666666
M39,GIK13521-1,3.02,-22.0317,01/01/1975,-4504,Yes,Yes,0.39,0,0,50.4,0,53.6,31.2,0,0.8,32.8,1.6,1.5999999999999999,0,95.2,0.020333333333333335
M51,GIK13519-1,5.67,-19.8517,01/03/1979,-2862,No,No,0.28500000000000003,0.8,12,133.8,4.8,40,24.4,14,4.6,3.8,0,3.6,0,18,0.021
M51,GIK13519-1,5.67,-19.8517,01/03/1979,-2862,No,Yes,0.28500000000000003,0.2,3,33.45,1.2,10,6.1,3.5,1.15,0.95,0,0.9,0,4.5,0.093
M51,GIK13519-1,5.67,-19.8517,01/03/1979,-2862,Yes,No,0.28500000000000003,1.2,18,200.7,7.2,60,36.6,21,6.9,5.7,0,5.4,0,27,0.1775
M51,GIK13519-1,5.67,-19.8517,01/03/1979,-2862,Yes,Yes,0.28500000000000003,1.2,18,200.7,7.2,60,36.6,21,6.9,5.7,0,5.4,0,27,0.0475
M53,GIK15627-3,29.1667,-12.0867,07/03/1980,-1024,No,No,0.2425,24.8,2.6000000000000005,19.9,0,6,2.1000000000000005,10.8,2.5,14.9,0,2.4,0,61.8,0.01275
M53,GIK15627-3,29.1667,-12.0867,07/03/1980,-1024,No,Yes,0.2425,6.2,0.6500000000000001,4.975,0,1.5,0.5250000000000001,2.7,0.625,3.725,0,0.6,0,15.45,0.3785
M53,GIK15627-3,29.1667,-12.0867,07/03/1980,-1024,Yes,No,0.2425,37.2,3.8999999999999995,29.85,0,9,3.1499999999999995,16.2,3.75,22.35,0,3.6,0,92.7,0.223
M53,GIK15627-3,29.1667,-12.0867,07/03/1980,-1024,Yes,Yes,0.2425,37.2,3.8999999999999995,29.85,0,9,3.1499999999999995,16.2,3.75,22.35,0,3.6,0,92.7,0.02475
M53,GIK15637-1,27.005,-18.9867,10/03/1980,-3849,No,No,0.526,6.5600000000000005,0.16,29.12,0.48000000000000004,0.88,0.4,8.8,1.2,40.8,0,7.28,0,67.2,0.0066
M53,GIK15637-1,27.005,-18.9867,10/03/1980,-3849,No,Yes,0.526,1.6400000000000001,0.04,7.28,0.12000000000000001,0.22,0.1,2.2,0.3,10.2,0,1.82,0,16.8,0.1528
M53,GIK15637-1,27.005,-18.9867,10/03/1980,-3849,Yes,No,0.526,9.84,0.24,43.68,0.72,1.32,0.6,13.2,1.8,61.2,0,10.92,0,100.8,0.3418
M53,GIK15637-1,27.005,-18.9867,10/03/1980,-3849,Yes,Yes,0.526,9.84,0.24,43.68,0.72,1.32,0.6,13.2,1.8,61.2,0,10.92,0,100.8,0.0908
M53,GIK15669-1,34.8917,-7.815,21/03/1980,-2022,No,No,0.75,14.4,0,23.68,0,0.08,0,36.16,1.76,18.72,0,6.64,0,59.36,0.0032
M53,GIK15669-1,34.8917,-7.815,21/03/1980,-2022,No,Yes,0.75,3.6,0,5.92,0,0.02,0,9.04,0.44,4.68,0,1.66,0,14.84,0.1976
M53,GIK15669-1,34.8917,-7.815,21/03/1980,-2022,Yes,No,0.75,21.599999999999998,0,35.52,0,0.12,0,54.24,2.64,28.080000000000002,0,9.96,0,89.03999999999999,0.34900000000000003
M53,GIK15669-1,34.8917,-7.815,21/03/1980,-2022,Yes,Yes,0.75,21.599999999999998,0,35.52,0,0.12,0,54.24,2.64,28.080000000000002,0,9.96,0,89.03999999999999,0.060200000000000004
M57,GIK15612-2,44.36,-26.5433,20/08/1981,-3050,No,No,0.5740000000000001,98.24,0,1.2,0,0,0,9.04,0,0,0,0,0,26.48,0.6033999999999999
M57,GIK15612-2,44.36,-26.5433,20/08/1981,-3050,No,Yes,0.5740000000000001,24.56,0,0.3,0,0,0,2.26,0,0,0,0,0,6.62,0.1348
M57,GIK15612-2,44.36,-26.5433,20/08/1981,-3050,Yes,No,0.5740000000000001,147.36,0,1.8,0,0,0,13.559999999999999,0,0,0,0,0,39.72,0.0396
M57,GIK15612-2,44.36,-26.5433,20/08/1981,-3050,Yes,Yes,0.5740000000000001,147.36,0,1.8,0,0,0,13.559999999999999,0,0,0,0,0,39.72,0.002
M6/5,GIK16772-2,-1.35,-11.9617,21/01/1988,-3912,No,No,0.25,0,14.600000000000001,29.200000000000003,3.2,14,17.6,3.2,0.8,29.2,0,3.5999999999999996,0,11.8,0.034
M6/5,GIK16772-2,-1.35,-11.9617,21/01/1988,-3912,No,Yes,0.25,0,3.6500000000000004,7.300000000000001,0.8,3.5,4.4,0.8,0.2,7.3,0,0.8999999999999999,0,2.95,0.06
M6/5,GIK16772-2,-1.35,-11.9617,21/01/1988,-3912,Yes,No,0.25,0,21.9,43.8,4.8,21,26.4,4.8,1.2,43.8,0,5.4,0,17.7,0.5285
M6/5,GIK16772-2,-1.35,-11.9617,21/01/1988,-3912,Yes,Yes,0.25,0,21.9,43.8,4.8,21,26.4,4.8,1.2,43.8,0,5.4,0,17.7,0.0435
M6/5,GIK16776-1,3.735,-11.3983,25/01/1988,-4242,No,No,0.45,0,25.8,41.599999999999994,3.6,50.4,14.399999999999999,1.6,0,0,0,11.399999999999999,0,1.8,0.028999999999999998
M6/5,GIK16776-1,3.735,-11.3983,25/01/1988,-4242,No,Yes,0.45,0,6.45,10.399999999999999,0.9,12.6,3.5999999999999996,0.4,0,0,0,2.8499999999999996,0,0.45,0.0455
M6/5,GIK16776-1,3.735,-11.3983,25/01/1988,-4242,Yes,No,0.45,0,38.7,62.400000000000006,5.4,75.6,21.6,2.4,0,0,0,17.1,0,2.7,0.5055000000000001
M6/5,GIK16776-1,3.735,-11.3983,25/01/1988,-4242,Yes,Yes,0.45,0,38.7,62.400000000000006,5.4,75.6,21.6,2.4,0,0,0,17.1,0,2.7,0.0375
M6/5,GIK16867-2,-2.2017,5.1017,10/02/1988,-3891,No,No,0.55,2.4,50,36.8,1.2,14,3.6,2,1.2,0,0,14.8,0,23.2,0.064
M6/5,GIK16867-2,-2.2017,5.1017,10/02/1988,-3891,No,Yes,0.55,0.6,12.5,9.2,0.3,3.5,0.9,0.5,0.3,0,0,3.7,0,5.8,0.10400000000000001
M6/5,GIK16867-2,-2.2017,5.1017,10/02/1988,-3891,Yes,No,0.55,3.6,75,55.2,1.8,21,5.4,3,1.8,0,0,22.2,0,34.8,0.414
M6/5,GIK16867-2,-2.2017,5.1017,10/02/1988,-3891,Yes,Yes,0.55,3.6,75,55.2,1.8,21,5.4,3,1.8,0,0,22.2,0,34.8,0.026000000000000002
M60,GIK16017-2,21.245,-17.8033,22/01/1982,-812,No,No,2.525,1.0666666666666669,1.6,7.733333333333333,0,2.5999999999999996,0.06666666666666667,0.8666666666666667,0.7333333333333334,0.4666666666666667,0,1.3333333333333333,0,91.86666666666666,0.0026666666666666666
M60,GIK16017-2,21.245,-17.8033,22/01/1982,-812,No,Yes,2.525,0.2666666666666667,0.4,1.9333333333333333,0,0.6499999999999999,0.016666666666666666,0.21666666666666667,0.18333333333333335,0.11666666666666667,0,0.3333333333333333,0,22.966666666666665,0.44183333333333336
M60,GIK16017-2,21.245,-17.8033,22/01/1982,-812,Yes,No,2.525,1.6,2.4000000000000004,11.6,0,3.9000000000000004,0.1,1.3,1.1,0.7,0,2,0,137.8,0.26283333333333336
M60,GIK16017-2,21.245,-17.8033,22/01/1982,-812,Yes,Yes,2.525,1.6,2.4000000000000004,11.6,0,3.9000000000000004,0.1,1.3,1.1,0.7,0,2,0,137.8,0.009000000000000001
M65,GIK16415-2,9.5667,-19.095,25/07/1983,-3845,No,No,0.35,0,2.4,81.2,0,18.8,12.4,0,4.4,1.2,0,9.6,0,62.4,0.094
M65,GIK16415-2,9.5667,-19.095,25/07/1983,-3845,No,Yes,0.35,0,0.6,20.3,0,4.7,3.1,0,1.1,0.3,0,2.4,0,15.6,0.10300000000000001
M65,GIK16415-2,9.5667,-19.095,25/07/1983,-3845,Yes,No,0.35,0,3.6,121.8,0,28.2,18.6,0,6.6,1.8,0,14.4,0,93.6,0.312
M65,GIK16415-2,9.5667,-19.095,25/07/1983,-3845,Yes,Yes,0.35,0,3.6,121.8,0,28.2,18.6,0,6.6,1.8,0,14.4,0,93.6,0.007
M7/2,GIK23262-2,72.2252,14.4273,22/07/1988,-1130,No,No,2.425,2,0,0,0,0,0,0,0,0,0,0,0,12.8,0.953
M7/2,GIK23262-2,72.2252,14.4273,22/07/1988,-1130,No,Yes,2.425,0.5,0,0,0,0,0,0,0,0,0,0,0,3.2,0.0115
M7/2,GIK23262-2,72.2252,14.4273,22/07/1988,-1130,Yes,No,2.425,3,0,0,0,0,0,0,0,0,0,0,0,19.2,0.001
M7/2,GIK23262-2,72.2252,14.4273,22/07/1988,-1130,Yes,Yes,2.425,3,0,0,0,0,0,0,0,0,0,0,0,19.2,0
M7/3,GIK23294-4,72.3797,-10.5923,05/08/1988,-2215,No,No,1.15,0.8,0,0,0,0,0,0,0,0,0,0,0,10.8,0.97
M7/3,GIK23294-4,72.3797,-10.5923,05/08/1988,-2215,No,Yes,1.15,0.2,0,0,0,0,0,0,0,0,0,0,0,2.7,0.002
M7/3,GIK23294-4,72.3797,-10.5923,05/08/1988,-2215,Yes,No,1.15,1.2,0,0,0,0,0,0,0,0,0,0,0,16.2,0
M7/3,GIK23294-4,72.3797,-10.5923,05/08/1988,-2215,Yes,Yes,1.15,1.2,0,0,0,0,0,0,0,0,0,0,0,16.2,0
M7/5,GIK23351-1,70.3622,-18.2053,16/09/1988,-1672,No,No,0.6,0,0,0,0,0,0,0,0,0,0,0,0,13.2,0.961
M7/5,GIK23351-1,70.3622,-18.2053,16/09/1988,-1672,No,Yes,0.6,0,0,0,0,0,0,0,0,0,0,0,0,3.3,0.001
M7/5,GIK23351-1,70.3622,-18.2053,16/09/1988,-1672,Yes,No,0.6,0,0,0,0,0,0,0,0,0,0,0,0,19.8,0.005
M7/5,GIK23351-1,70.3622,-18.2053,16/09/1988,-1672,Yes,Yes,0.6,0,0,0,0,0,0,0,0,0,0,0,0,19.8,0
M7/5,GIK23354-6,70.3315,-10.6288,18/09/1988,-1747,No,No,0.8,0,0,0,0,0,0,0,0,0,0,0,0,12,0.97
M7/5,GIK23354-6,70.3315,-10.6288,18/09/1988,-1747,No,Yes,0.8,0,0,0,0,0,0,0,0,0,0,0,0,3,0
M7/5,GIK23354-6,70.3315,-10.6288,18/09/1988,-1747,Yes,No,0.8,0,0,0,0,0,0,0,0,0,0,0,0,18,0
M7/5,GIK23354-6,70.3315,-10.6288,18/09/1988,-1747,Yes,Yes,0.8,0,0,0,0,0,0,0,0,0,0,0,0,18,0
ODEN-96,OD-041-04,84.0292,11.2383,17/09/1996,-3344,No,No,0.14,0.2666666666666667,0,0,0,0,0,0,0,0,0,0,0,7.333333333333333,0.978
ODEN-96,OD-041-04,84.0292,11.2383,17/09/1996,-3344,No,Yes,0.14,0.06666666666666668,0,0,0,0,0,0,0,0,0,0,0,1.8333333333333333,6.666666666666666e-4
ODEN-96,OD-041-04,84.0292,11.2383,17/09/1996,-3344,Yes,No,0.14,0.4,0,0,0,0,0,0,0,0,0,0,0,11,0.0029999999999999996
ODEN-96,OD-041-04,84.0292,11.2383,17/09/1996,-3344,Yes,Yes,0.14,0.4,0,0,0,0,0,0,0,0,0,0,0,11,0
PALEOCINAT,SU90-39,52.5667,-21.94,01/01/1990,-3955,No,No,0.855,23.200000000000003,0,0,0,0,0,0.8,0,0,0,0,0,2.2,0.932
PALEOCINAT,SU90-39,52.5667,-21.94,01/01/1990,-3955,No,Yes,0.855,5.800000000000001,0,0,0,0,0,0.2,0,0,0,0,0,0.55,0.011000000000000001
PALEOCINAT,SU90-39,52.5667,-21.94,01/01/1990,-3955,Yes,No,0.855,34.8,0,0,0,0,0,1.2,0,0,0,0,0,3.3,0.021500000000000002
PALEOCINAT,SU90-39,52.5667,-21.94,01/01/1990,-3955,Yes,Yes,0.855,34.8,0,0,0,0,0,1.2,0,0,0,0,0,3.3,0
PALEOCINAT,SU90-I06,59.5217,-39.445,01/01/1990,-1315,No,No,0.21,0.5333333333333334,0,0,0,0,0,0,0,0,0,0,0,4.800000000000001,0.9783333333333334
PALEOCINAT,SU90-I06,59.5217,-39.445,01/01/1990,-1315,No,Yes,0.21,0.13333333333333336,0,0,0,0,0,0,0,0,0,0,0,1.2000000000000002,0.0016666666666666666
PALEOCINAT,SU90-I06,59.5217,-39.445,01/01/1990,-1315,Yes,No,0.21,0.8,0,0,0,0,0,0,0,0,0,0,0,7.2,0.002
PALEOCINAT,SU90-I06,59.5217,-39.445,01/01/1990,-1315,Yes,Yes,0.21,0.8,0,0,0,0,0,0,0,0,0,0,0,7.2,0
POS158/2,GIK16396-1,61.8722,-11.2423,20/04/1989,-1145,No,No,1.98,9.6,0,0,0,0,0,0,0,0,0,0,2.4,10.4,0.9259999999999999
POS158/2,GIK16396-1,61.8722,-11.2423,20/04/1989,-1145,No,Yes,1.98,2.4,0,0,0,0,0,0,0,0,0,0,0.6,2.6,0.002
POS158/2,GIK16396-1,61.8722,-11.2423,20/04/1989,-1145,Yes,No,1.98,14.4,0,0,0,0,0,0,0,0,0,0,3.6,15.6,0.024
POS158/2,GIK16396-1,61.8722,-11.2423,20/04/1989,-1145,Yes,Yes,1.98,14.4,0,0,0,0,0,0,0,0,0,0,3.6,15.6,0
POS175/2,POS175/2_1171,67.9593,-18.6117,01/01/1990,-935,No,No,0.35,0.8,0,0,0,0,0,0,0,0,0,0,0,8.4,0.978
POS175/2,POS175/2_1171,67.9593,-18.6117,01/01/1990,-935,No,Yes,0.35,0.2,0,0,0,0,0,0,0,0,0,0,0,2.1,0
POS175/2,POS175/2_1171,67.9593,-18.6117,01/01/1990,-935,Yes,No,0.35,1.2,0,0,0,0,0,0,0,0,0,0,0,12.6,0
POS175/2,POS175/2_1171,67.9593,-18.6117,01/01/1990,-935,Yes,Yes,0.35,1.2,0,0,0,0,0,0,0,0,0,0,0,12.6,0
POS210/2,GIK23519-5,64.7973,-29.5958,18/08/1995,-1893,No,No,0.8133333333333334,2.933333333333333,0,0,0,0,0,0,0,0,0,0,0,4.266666666666667,0.9856666666666667
POS210/2,GIK23519-5,64.7973,-29.5958,18/08/1995,-1893,No,Yes,0.8133333333333334,0.7333333333333333,0,0,0,0,0,0,0,0,0,0,0,1.0666666666666667,0
POS210/2,GIK23519-5,64.7973,-29.5958,18/08/1995,-1893,Yes,No,0.8133333333333334,4.4,0,0,0,0,0,0,0,0,0,0,0,6.4,0
POS210/2,GIK23519-5,64.7973,-29.5958,18/08/1995,-1893,Yes,Yes,0.8133333333333334,4.4,0,0,0,0,0,0,0,0,0,0,0,6.4,0
RC11,RC11-86,-35.78,18.45,02/03/1967,-2829,No,No,0.45,2.6,0,0,1.4,0,0,1.4,0,6.8,0.6,2.8,0,147.2,0.024
RC11,RC11-86,-35.78,18.45,02/03/1967,-2829,No,Yes,0.45,0.65,0,0,0.35,0,0,0.35,0,1.7,0.15,0.7,0,36.8,0.1205
RC11,RC11-86,-35.78,18.45,02/03/1967,-2829,Yes,No,0.45,3.9000000000000004,0,0,2.1,0,0,2.1,0,10.2,0.9,4.2,0,220.8,0.202
RC11,RC11-86,-35.78,18.45,02/03/1967,-2829,Yes,Yes,0.45,3.9000000000000004,0,0,2.1,0,0,2.1,0,10.2,0.9,4.2,0,220.8,0.012999999999999998
RC12,RC12-267,-38.68,-25.78,15/01/1969,-4144,No,No,0.655,4.6,0,0.4,0,0,0,0,0,45.8,0,0,0,164.6,0.0995
RC12,RC12-267,-38.68,-25.78,15/01/1969,-4144,No,Yes,0.655,1.15,0,0.1,0,0,0,0,0,11.45,0,0,0,41.15,0.0315
RC12,RC12-267,-38.68,-25.78,15/01/1969,-4144,Yes,No,0.655,6.8999999999999995,0,0.6,0,0,0,0,0,68.7,0,0,0,246.9,0.393
RC12,RC12-267,-38.68,-25.78,15/01/1969,-4144,Yes,Yes,0.655,6.8999999999999995,0,0.6,0,0,0,0,0,68.7,0,0,0,246.9,0.001
RC12,RC12-294,-37.27,-10.1,18/02/1969,-3308,No,No,0.4542857142857143,34.17142857142857,0,2.1142857142857143,0,0.05714285714285714,0,0.9714285714285714,0.11428571428571428,31.54285714285714,0,0.17142857142857143,0.05714285714285714,112.34285714285714,0.06442857142857143
RC12,RC12-294,-37.27,-10.1,18/02/1969,-3308,No,Yes,0.4542857142857143,8.542857142857143,0,0.5285714285714286,0,0.014285714285714285,0,0.24285714285714285,0.02857142857142857,7.885714285714285,0,0.04285714285714286,0.014285714285714285,28.085714285714285,0.34385714285714286
RC12,RC12-294,-37.27,-10.1,18/02/1969,-3308,Yes,No,0.4542857142857143,51.25714285714286,0,3.1714285714285713,0,0.0857142857142857,0,1.457142857142857,0.1714285714285714,47.31428571428572,0,0.2571428571428571,0.0857142857142857,168.5142857142857,0.1605714285714286
RC12,RC12-294,-37.27,-10.1,18/02/1969,-3308,Yes,Yes,0.4542857142857143,51.25714285714286,0,3.1714285714285713,0,0.0857142857142857,0,1.457142857142857,0.1714285714285714,47.31428571428572,0,0.2571428571428571,0.0857142857142857,168.5142857142857,0.007857142857142858
RC13,RC13-153,15.065,-75.95,06/07/1970,-3334,No,No,0.565,1.2,36.4,156.2,4,22.2,8,0.2,5.2,17.8,0,5.2,0,1,0.015500000000000003
RC13,RC13-153,15.065,-75.95,06/07/1970,-3334,No,Yes,0.565,0.3,9.1,39.05,1,5.55,2,0.05,1.3,4.45,0,1.3,0,0.25,0.0525
RC13,RC13-153,15.065,-75.95,06/07/1970,-3334,Yes,No,0.565,1.8,54.6,234.3,6,33.3,12,0.3,7.8,26.700000000000003,0,7.8,0,1.5,0.22000000000000003
RC13,RC13-153,15.065,-75.95,06/07/1970,-3334,Yes,Yes,0.565,1.8,54.6,234.3,6,33.3,12,0.3,7.8,26.700000000000003,0,7.8,0,1.5,0.0795
RC13,RC13-228,-22.33,11.198,08/10/1970,-3204,No,No,1.2,15.52,0,6.4799999999999995,0,0.24,0.24,0.24,0.24,0.96,0,1.44,0,89.36,0.1714
RC13,RC13-228,-22.33,11.198,08/10/1970,-3204,No,Yes,1.2,3.88,0,1.6199999999999999,0,0.06,0.06,0.06,0.06,0.24,0,0.36,0,22.34,0.1796
RC13,RC13-228,-22.33,11.198,08/10/1970,-3204,Yes,No,1.2,23.28,0,9.719999999999999,0,0.36,0.36,0.36,0.36,1.44,0,2.16,0,134.04,0.1104
RC13,RC13-228,-22.33,11.198,08/10/1970,-3204,Yes,Yes,1.2,23.28,0,9.719999999999999,0,0.36,0.36,0.36,0.36,1.44,0,2.16,0,134.04,0.0024000000000000002
RC13,RC13-229,-25.49,11.307,10/10/1970,-4191,No,No,0.54,2.48,0,5.5200000000000005,0,0.9600000000000001,0,0.32,0,8.56,0,0.88,0,261.84,0.026400000000000003
RC13,RC13-229,-25.49,11.307,10/10/1970,-4191,No,Yes,0.54,0.62,0,1.3800000000000001,0,0.24000000000000002,0,0.08,0,2.14,0,0.22,0,65.46,0.0842
RC13,RC13-229,-25.49,11.307,10/10/1970,-4191,Yes,No,0.54,3.7199999999999993,0,8.28,0,1.44,0,0.48,0,12.84,0,1.32,0,392.76,0.1824
RC13,RC13-229,-25.49,11.307,10/10/1970,-4191,Yes,Yes,0.54,3.7199999999999993,0,8.28,0,1.44,0,0.48,0,12.84,0,1.32,0,392.76,0.0078000000000000005
RC24,RC24-16,-5.038,-10.19,26/03/1983,-3543,No,No,0.66,0,18.8,36.53333333333333,1.4666666666666666,18.8,20.53333333333333,0.7999999999999999,0.4,3.7333333333333334,0,13.6,0,8.666666666666666,0.03933333333333333
RC24,RC24-16,-5.038,-10.19,26/03/1983,-3543,No,Yes,0.66,0,4.7,9.133333333333333,0.36666666666666664,4.7,5.133333333333333,0.19999999999999998,0.1,0.9333333333333333,0,3.4,0,2.1666666666666665,0.11699999999999999
RC24,RC24-16,-5.038,-10.19,26/03/1983,-3543,Yes,No,0.66,0,28.200000000000003,54.800000000000004,2.2,28.2,30.8,1.2,0.6000000000000001,5.6,0,20.4,0,13,0.42333333333333334
RC24,RC24-16,-5.038,-10.19,26/03/1983,-3543,Yes,Yes,0.66,0,28.200000000000003,54.800000000000004,2.2,28.2,30.8,1.2,0.6000000000000001,5.6,0,20.4,0,13,0.04866666666666667
SO82,SO82_5-2,59.1862,-30.9048,21/10/1992,-1416,No,No,1.075,2,0,0,0,0,0,0,0,0,0,0,0,7.800000000000001,0.9658333333333333
SO82,SO82_5-2,59.1862,-30.9048,21/10/1992,-1416,No,Yes,1.075,0.5,0,0,0,0,0,0,0,0,0,0,0,1.9500000000000002,0.006333333333333333
SO82,SO82_5-2,59.1862,-30.9048,21/10/1992,-1416,Yes,No,1.075,3,0,0,0,0,0,0,0,0,0,0,0,11.7,0.0026666666666666666
SO82,SO82_5-2,59.1862,-30.9048,21/10/1992,-1416,Yes,Yes,1.075,3,0,0,0,0,0,0,0,0,0,0,0,11.7,6.666666666666668e-4
SU92,SU92-21,36.5117,-23.7367,NA,-4170,No,No,0.8,8.266666666666666,0,16.266666666666666,0.6666666666666667,0,0,6.4,1.0666666666666669,13.333333333333334,0,4.666666666666666,0,115.46666666666667,0.013000000000000001
SU92,SU92-21,36.5117,-23.7367,NA,-4170,No,Yes,0.8,2.0666666666666664,0,4.066666666666666,0.16666666666666669,0,0,1.6,0.2666666666666667,3.3333333333333335,0,1.1666666666666665,0,28.866666666666667,0.08166666666666667
SU92,SU92-21,36.5117,-23.7367,NA,-4170,Yes,No,0.8,12.4,0,24.4,1,0,0,9.6,1.6,20,0,7,0,173.2,0.4766666666666667
SU92,SU92-21,36.5117,-23.7367,NA,-4170,Yes,Yes,0.8,12.4,0,24.4,1,0,0,9.6,1.6,20,0,7,0,173.2,0.036000000000000004
V16,V16-20,17.933,-50.35,08/11/1959,-4539,No,No,0.402,0,14.08,237.36,0,38.96,16.24,0.72,3.6,24.720000000000002,0,1.2,0.16,0.16,0.0068000000000000005
V16,V16-20,17.933,-50.35,08/11/1959,-4539,No,Yes,0.402,0,3.52,59.34,0,9.74,4.06,0.18,0.9,6.180000000000001,0,0.3,0.04,0.04,0.0218
V16,V16-20,17.933,-50.35,08/11/1959,-4539,Yes,No,0.402,0,21.12,356.04,0,58.44,24.36,1.08,5.4,37.08,0,1.8,0.24,0.24,0.1056
V16,V16-20,17.933,-50.35,08/11/1959,-4539,Yes,Yes,0.402,0,21.12,356.04,0,58.44,24.36,1.08,5.4,37.08,0,1.8,0.24,0.24,0.05020000000000001
V16,V16-205,15.4,-43.4,18/07/1960,-4043,No,No,0.19,0,13.6,202.4,0,55.2,29.6,0.8,6.8,54.400000000000006,1.6,3.2,0,9.2,0.015000000000000001
V16,V16-205,15.4,-43.4,18/07/1960,-4043,No,Yes,0.19,0,3.4,50.6,0,13.8,7.4,0.2,1.7,13.600000000000001,0.4,0.8,0,2.3,0.008
V16,V16-205,15.4,-43.4,18/07/1960,-4043,Yes,No,0.19,0,20.4,303.6,0,82.8,44.4,1.2,10.2,81.6,2.4,4.8,0,13.8,0.019000000000000003
V16,V16-205,15.4,-43.4,18/07/1960,-4043,Yes,Yes,0.19,0,20.4,303.6,0,82.8,44.4,1.2,10.2,81.6,2.4,4.8,0,13.8,0.07400000000000001
V17,V17-165,32.75,-41.9,29/07/1961,-3924,No,No,0.48,0,2.5,89.5,0.29999999999999993,3.8,1,20.9,1.4,18.7,0.1,2.3,0,33.9,0.01125
V17,V17-165,32.75,-41.9,29/07/1961,-3924,No,Yes,0.48,0,0.625,22.375,0.07499999999999998,0.95,0.25,5.225,0.35,4.675,0.025,0.575,0,8.475,0.16175
V17,V17-165,32.75,-41.9,29/07/1961,-3924,Yes,No,0.48,0,3.75,134.25,0.45000000000000007,5.7,1.5,31.35,2.0999999999999996,28.049999999999997,0.14999999999999997,3.45,0,50.85,0.32575000000000004
V17,V17-165,32.75,-41.9,29/07/1961,-3924,Yes,Yes,0.48,0,3.75,134.25,0.45000000000000007,5.7,1.5,31.35,2.0999999999999996,28.049999999999997,0.14999999999999997,3.45,0,50.85,0.05500000000000001
V18,V18-357,15.033,-80.23,30/10/1962,-1818,No,No,0.635,0.4,32.6,168.6,0,27.066666666666666,9.066666666666666,1.8666666666666667,4.533333333333333,26,0.06666666666666668,14.666666666666666,0,0.6,0.011000000000000001
V18,V18-357,15.033,-80.23,30/10/1962,-1818,No,Yes,0.635,0.1,8.15,42.15,0,6.766666666666667,2.2666666666666666,0.4666666666666667,1.1333333333333333,6.5,0.01666666666666667,3.6666666666666665,0,0.15,0.018500000000000003
V18,V18-357,15.033,-80.23,30/10/1962,-1818,Yes,No,0.635,0.6,48.9,252.9,0,40.6,13.6,2.8000000000000003,6.800000000000001,39,0.1,22,0,0.9,0.1885
V18,V18-357,15.033,-80.23,30/10/1962,-1818,Yes,Yes,0.635,0.6,48.9,252.9,0,40.6,13.6,2.8000000000000003,6.800000000000001,39,0.1,22,0,0.9,0.07016666666666667
V22,V22-174,-10.07,-12.82,13/05/1966,-2630,No,No,0.578,1.04,22,85.84,23.919999999999998,24.8,21.84,8.16,7.28,54,0.32,4.72,0,9.84,0.033800000000000004
V22,V22-174,-10.07,-12.82,13/05/1966,-2630,No,Yes,0.578,0.26,5.5,21.46,5.9799999999999995,6.2,5.46,2.04,1.82,13.5,0.08,1.18,0,2.46,0.0592
V22,V22-174,-10.07,-12.82,13/05/1966,-2630,Yes,No,0.578,1.56,33,128.76,35.88,37.2,32.76,12.239999999999998,10.92,81,0.48,7.08,0,14.76,0.30100000000000005
V22,V22-174,-10.07,-12.82,13/05/1966,-2630,Yes,Yes,0.578,1.56,33,128.76,35.88,37.2,32.76,12.239999999999998,10.92,81,0.48,7.08,0,14.76,0.1288
V22,V22-197,14.167,-18.58,22/05/1966,-3167,No,No,1.198,1.84,16.16,14.559999999999999,0,7.2,2.56,0.96,0.88,0.16,0,4.72,0,181.35999999999999,0.012199999999999999
V22,V22-197,14.167,-18.58,22/05/1966,-3167,No,Yes,1.198,0.46,4.04,3.6399999999999997,0,1.8,0.64,0.24,0.22,0.04,0,1.18,0,45.339999999999996,0.1196
V22,V22-197,14.167,-18.58,22/05/1966,-3167,Yes,No,1.198,2.76,24.24,21.84,0,10.8,3.8400000000000003,1.44,1.32,0.24,0,7.079999999999999,0,272.04,0.2634
V22,V22-197,14.167,-18.58,22/05/1966,-3167,Yes,Yes,1.198,2.76,24.24,21.84,0,10.8,3.8400000000000003,1.44,1.32,0.24,0,7.079999999999999,0,272.04,0.0102
V23,V23-100,21.3,-22.68,09/11/1966,-4579,No,No,0.4,2,2,26,0,10.2,6,2,2.4,10,2,8.2,0,25.6,0.46900000000000003
V23,V23-100,21.3,-22.68,09/11/1966,-4579,No,Yes,0.4,0.5,0.5,6.5,0,2.55,1.5,0.5,0.6,2.5,0.5,2.05,0,6.4,0.0955
V23,V23-100,21.3,-22.68,09/11/1966,-4579,Yes,No,0.4,3,3,39,0,15.3,9,3,3.6,15,3,12.3,0,38.4,0.14150000000000001
V23,V23-100,21.3,-22.68,09/11/1966,-4579,Yes,Yes,0.4,3,3,39,0,15.3,9,3,3.6,15,3,12.3,0,38.4,0.0615
V23,V23-81,54.25,-16.83,18/10/1966,-2393,No,No,2.65,43.6,0,0,0,0,0,3.4285714285714284,0,0,0,0,0,11.942857142857143,0.8352857142857143
V23,V23-81,54.25,-16.83,18/10/1966,-2393,No,Yes,2.65,10.9,0,0,0,0,0,0.8571428571428571,0,0,0,0,0,2.9857142857142858,0.03728571428571428
V23,V23-81,54.25,-16.83,18/10/1966,-2393,Yes,No,2.65,65.4,0,0,0,0,0,5.142857142857143,0,0,0,0,0,17.914285714285715,0.004857142857142857
V23,V23-81,54.25,-16.83,18/10/1966,-2393,Yes,Yes,2.65,65.4,0,0,0,0,0,5.142857142857143,0,0,0,0,0,17.914285714285715,8.571428571428571e-4
V25,V25-56,-3.55,-35.23,24/02/1968,-3512,No,No,0.702,0.32,7.76,90.4,11.519999999999998,57.36,12.24,1.6,2.8000000000000003,17.200000000000003,129.68,0.88,0,0,0.0092
V25,V25-56,-3.55,-35.23,24/02/1968,-3512,No,Yes,0.702,0.08,1.94,22.6,2.8799999999999994,14.34,3.06,0.4,0.7,4.300000000000001,32.42,0.22,0,0,0.016
V25,V25-56,-3.55,-35.23,24/02/1968,-3512,Yes,No,0.702,0.48,11.64,135.6,17.279999999999998,86.04,18.36,2.4,4.2,25.800000000000004,194.52,1.32,0,0,0.661
V25,V25-56,-3.55,-35.23,24/02/1968,-3512,Yes,Yes,0.702,0.48,11.64,135.6,17.279999999999998,86.04,18.36,2.4,4.2,25.800000000000004,194.52,1.32,0,0,0.0246
V25,V25-59,1.367,-33.48,26/02/1968,-3824,No,No,0.51,0.19999999999999998,32.733333333333334,88.93333333333334,0.8,33.46666666666667,28.666666666666668,0.2,1.0666666666666667,68.2,0.2,0.4,0,3.7333333333333334,0.035333333333333335
V25,V25-59,1.367,-33.48,26/02/1968,-3824,No,Yes,0.51,0.049999999999999996,8.183333333333334,22.233333333333334,0.2,8.366666666666667,7.166666666666667,0.05,0.26666666666666666,17.05,0.05,0.1,0,0.9333333333333333,0.03133333333333334
V25,V25-59,1.367,-33.48,26/02/1968,-3824,Yes,No,0.51,0.3,49.1,133.4,1.2,50.2,43,0.3,1.6,102.30000000000001,0.3,0.6000000000000001,0,5.6,0.29266666666666663
V25,V25-59,1.367,-33.48,26/02/1968,-3824,Yes,Yes,0.51,0.3,49.1,133.4,1.2,50.2,43,0.3,1.6,102.30000000000001,0.3,0.6000000000000001,0,5.6,0.025
V26,V26-124,16.133,-74.45,13/03/1969,-3005,No,No,0.6966666666666667,1.3333333333333335,41.2,157.06666666666666,2.1333333333333337,24.4,9.466666666666667,2.533333333333333,6.533333333333333,10.666666666666666,0,8.533333333333333,0,0.2666666666666667,0.016333333333333335
V26,V26-124,16.133,-74.45,13/03/1969,-3005,No,Yes,0.6966666666666667,0.33333333333333337,10.3,39.266666666666666,0.5333333333333334,6.1,2.3666666666666667,0.6333333333333333,1.6333333333333333,2.6666666666666665,0,2.1333333333333333,0,0.06666666666666668,0.04033333333333333
V26,V26-124,16.133,-74.45,13/03/1969,-3005,Yes,No,0.6966666666666667,2,61.800000000000004,235.6,3.2,36.6,14.200000000000001,3.8,9.8,16,0,12.8,0,0.4,0.21533333333333332
V26,V26-124,16.133,-74.45,13/03/1969,-3005,Yes,Yes,0.6966666666666667,2,61.800000000000004,235.6,3.2,36.6,14.200000000000001,3.8,9.8,16,0,12.8,0,0.4,0.04766666666666666
V27,V27-60,72.183,8.583,05/08/1969,-2525,No,No,2.1,0.4,0,0,0,0,0,0,0,0,0,0,0,4.72,0.9702000000000001
V27,V27-60,72.183,8.583,05/08/1969,-2525,No,Yes,2.1,0.1,0,0,0,0,0,0,0,0,0,0,0,1.18,6.000000000000001e-4
V27,V27-60,72.183,8.583,05/08/1969,-2525,Yes,No,2.1,0.6,0,0,0,0,0,0,0,0,0,0,0,7.08,0.0016
V27,V27-60,72.183,8.583,05/08/1969,-2525,Yes,Yes,2.1,0.6,0,0,0,0,0,0,0,0,0,0,0,7.08,0
V27,V27-86,66.6,1.117,05/09/1969,-2900,No,No,0.6499999999999999,2.4,0,0,0,0,0,0,0,0,0,0,0,4.800000000000001,0.966
V27,V27-86,66.6,1.117,05/09/1969,-2900,No,Yes,0.6499999999999999,0.6,0,0,0,0,0,0,0,0,0,0,0,1.2000000000000002,0
V27,V27-86,66.6,1.117,05/09/1969,-2900,Yes,No,0.6499999999999999,3.5999999999999996,0,0,0,0,0,0,0,0,0,0,0,7.199999999999999,0.0015
V27,V27-86,66.6,1.117,05/09/1969,-2900,Yes,Yes,0.6499999999999999,3.5999999999999996,0,0,0,0,0,0,0,0,0,0,0,7.199999999999999,0
V28,V28-127,11.65,-80.13,05/01/1971,-3237,No,No,0.6,0,42.4,171.2,1.2,17.6,2.4,0,8.8,55.60000000000001,1.2,14.4,0,0,0.017
V28,V28-127,11.65,-80.13,05/01/1971,-3237,No,Yes,0.6,0,10.6,42.8,0.3,4.4,0.6,0,2.2,13.900000000000002,0.3,3.6,0,0,0.006
V28,V28-127,11.65,-80.13,05/01/1971,-3237,Yes,No,0.6,0,63.6,256.8,1.8,26.4,3.6,0,13.2,83.40000000000002,1.8,21.6,0,0,0.134
V28,V28-127,11.65,-80.13,05/01/1971,-3237,Yes,Yes,0.6,0,63.6,256.8,1.8,26.4,3.6,0,13.2,83.40000000000002,1.8,21.6,0,0,0.125
V28,V28-14,64.783,-29.57,19/07/1970,-1855,No,No,1.6,1.0666666666666667,0,0,0,0,0,0,0,0,0,0,0,5.866666666666667,0.9663333333333334
V28,V28-14,64.783,-29.57,19/07/1970,-1855,No,Yes,1.6,0.26666666666666666,0,0,0,0,0,0,0,0,0,0,0,1.4666666666666668,0
V28,V28-14,64.783,-29.57,19/07/1970,-1855,Yes,No,1.6,1.5999999999999999,0,0,0,0,0,0,0,0,0,0,0,8.799999999999999,0.001
V28,V28-14,64.783,-29.57,19/07/1970,-1855,Yes,Yes,1.6,1.5999999999999999,0,0,0,0,0,0,0,0,0,0,0,8.799999999999999,0
V28,V28-56,68.033,-6.117,13/09/1970,-2941,No,No,0.7,0,0,0,0,0,0,0,0,0,0,0,0,2.2666666666666666,0.9763333333333334
V28,V28-56,68.033,-6.117,13/09/1970,-2941,No,Yes,0.7,0,0,0,0,0,0,0,0,0,0,0,0,0.5666666666666667,0
V28,V28-56,68.033,-6.117,13/09/1970,-2941,Yes,No,0.7,0,0,0,0,0,0,0,0,0,0,0,0,3.4,0
V28,V28-56,68.033,-6.117,13/09/1970,-2941,Yes,Yes,0.7,0,0,0,0,0,0,0,0,0,0,0,0,3.4,0
V29,V29-179,44.017,-24.53,23/07/1972,-3331,No,No,0.87,25.6,0,6,0,0,0,12.8,0,1.6,0,1.2,0,73.6,0.405
V29,V29-179,44.017,-24.53,23/07/1972,-3331,No,Yes,0.87,6.4,0,1.5,0,0,0,3.2,0,0.4,0,0.3,0,18.4,0.17800000000000002
V29,V29-179,44.017,-24.53,23/07/1972,-3331,Yes,No,0.87,38.4,0,9,0,0,0,19.2,0,2.4,0,1.8,0,110.4,0.147
V29,V29-179,44.017,-24.53,23/07/1972,-3331,Yes,Yes,0.87,38.4,0,9,0,0,0,19.2,0,2.4,0,1.8,0,110.4,0
V30,V30-40,-0.2,-23.15,15/02/1973,-3706,No,No,0.51,3.04,12.32,58.800000000000004,0,29.44,19.28,1.28,1.28,56.72,0.48,2.16,0,60.24,0.033
V30,V30-40,-0.2,-23.15,15/02/1973,-3706,No,Yes,0.51,0.76,3.08,14.700000000000001,0,7.36,4.82,0.32,0.32,14.18,0.12,0.54,0,15.06,0.048
V30,V30-40,-0.2,-23.15,15/02/1973,-3706,Yes,No,0.51,4.56,18.48,88.2,0,44.16,28.92,1.92,1.92,85.08,0.72,3.24,0,90.36,0.31060000000000004
V30,V30-40,-0.2,-23.15,15/02/1973,-3706,Yes,Yes,0.51,4.56,18.48,88.2,0,44.16,28.92,1.92,1.92,85.08,0.72,3.24,0,90.36,0.0202
V30,V30-49,18.433,-21.08,05/03/1973,-3093,No,No,0.66,2.3,8,15.5,0,2.9,3.1999999999999997,0.3,2.9,6.3999999999999995,0,10,0,31.7,0.030000000000000002
V30,V30-49,18.433,-21.08,05/03/1973,-3093,No,Yes,0.66,0.575,2,3.875,0,0.725,0.7999999999999999,0.075,0.725,1.5999999999999999,0,2.5,0,7.925,0.23325
V30,V30-49,18.433,-21.08,05/03/1973,-3093,Yes,No,0.66,3.45,12,23.25,0,4.35,4.8,0.45,4.35,9.6,0,15,0,47.55,0.34850000000000003
V30,V30-49,18.433,-21.08,05/03/1973,-3093,Yes,Yes,0.66,3.45,12,23.25,0,4.35,4.8,0.45,4.35,9.6,0,15,0,47.55,0.0315
VA-10/3,GIK13289-3,18.0732,-18.0092,06/08/1975,-2490,No,No,1.1,19.2,3.6,11.6,0.5333333333333333,3.2,0.4,2.666666666666667,0.2666666666666667,0,0,2.533333333333333,0,81.86666666666667,0.008333333333333335
VA-10/3,GIK13289-3,18.0732,-18.0092,06/08/1975,-2490,No,Yes,1.1,4.8,0.9,2.9,0.13333333333333333,0.8,0.1,0.6666666666666667,0.06666666666666668,0,0,0.6333333333333333,0,20.46666666666667,0.369
VA-10/3,GIK13289-3,18.0732,-18.0092,06/08/1975,-2490,Yes,No,1.1,28.8,5.4,17.4,0.7999999999999999,4.8,0.6000000000000001,4,0.4,0,0,3.8000000000000003,0,122.8,0.30633333333333335
VA-10/3,GIK13289-3,18.0732,-18.0092,06/08/1975,-2490,Yes,Yes,1.1,28.8,5.4,17.4,0.7999999999999999,4.8,0.6000000000000001,4,0.4,0,0,3.8000000000000003,0,122.8,0.014666666666666666
VA-10/3,GIK13291-1,18.1175,-18.075,06/08/1975,-2696,No,No,1.315,4.8,2.2,9.45,1.4,2.5,0.6,1.05,0,0,0,0,0,70.7,0.009
VA-10/3,GIK13291-1,18.1175,-18.075,06/08/1975,-2696,No,Yes,1.315,1.2,0.55,2.3625,0.35,0.625,0.15,0.2625,0,0,0,0,0,17.675,0.4115
VA-10/3,GIK13291-1,18.1175,-18.075,06/08/1975,-2696,Yes,No,1.315,7.2,3.3,14.175,2.1,3.75,0.9,1.575,0,0,0,0,0,106.05,0.29725
VA-10/3,GIK13291-1,18.1175,-18.075,06/08/1975,-2696,Yes,Yes,1.315,7.2,3.3,14.175,2.1,3.75,0.9,1.575,0,0,0,0,0,106.05,0.0073750000000000005
NA,HU87-033-008,62.6485,-53.8845,NA,-2424,No,No,2.5725,0,0,0,0,0,0,0,0,0,0,0,0,4.3999999999999995,0.989
NA,HU87-033-008,62.6485,-53.8845,NA,-2424,No,Yes,2.5725,0,0,0,0,0,0,0,0,0,0,0,0,1.0999999999999999,0
NA,HU87-033-008,62.6485,-53.8845,NA,-2424,Yes,No,2.5725,0,0,0,0,0,0,0,0,0,0,0,0,6.6000000000000005,0
NA,HU87-033-008,62.6485,-53.8845,NA,-2424,Yes,Yes,2.5725,0,0,0,0,0,0,0,0,0,0,0,0,6.6000000000000005,0
NA,HU91-045-090,50.3898,-45.26,NA,-3448,No,No,3.1625,3,0,0,0,0,0,0,0,0,0,0,0,5.1,0.9592499999999999
NA,HU91-045-090,50.3898,-45.26,NA,-3448,No,Yes,3.1625,0.75,0,0,0,0,0,0,0,0,0,0,0,1.275,0.01325
NA,HU91-045-090,50.3898,-45.26,NA,-3448,Yes,No,3.1625,4.5,0,0,0,0,0,0,0,0,0,0,0,7.65,0.007
NA,HU91-045-090,50.3898,-45.26,NA,-3448,Yes,Yes,3.1625,4.5,0,0,0,0,0,0,0,0,0,0,0,7.65,0
NA,KN708-1,50,-23.75,NA,-4053,No,No,1,12.8,0,0,0,0,0,0,0,0,0,0,0,6.4,0.948
NA,KN708-1,50,-23.75,NA,-4053,No,Yes,1,3.2,0,0,0,0,0,0,0,0,0,0,0,1.6,0.016
NA,KN708-1,50,-23.75,NA,-4053,Yes,No,1,19.2,0,0,0,0,0,0,0,0,0,0,0,9.6,0.003
NA,KN708-1,50,-23.75,NA,-4053,Yes,Yes,1,19.2,0,0,0,0,0,0,0,0,0,0,0,9.6,0
NA,NA87-22,55.5,-14.5833,NA,-2161,No,No,3.95,8.533333333333333,0,0,0,0,0,2.0666666666666664,0,0,0,0,0,3.6,0.89
NA,NA87-22,55.5,-14.5833,NA,-2161,No,Yes,3.95,2.1333333333333333,0,0,0,0,0,0.5166666666666666,0,0,0,0,0,0.9,0.029166666666666667
NA,NA87-22,55.5,-14.5833,NA,-2161,Yes,No,3.95,12.8,0,0,0,0,0,3.1,0,0,0,0,0,5.4,0.0455
NA,NA87-22,55.5,-14.5833,NA,-2161,Yes,Yes,3.95,12.8,0,0,0,0,0,3.1,0,0,0,0,0,5.4,0
