Latitude,Longitude,Event,Elevation,Symbiosis,Spinose,Depth,Relative Abundance
-55.33,65.467,RC08-46,-2761,No,No,45,0.9727272727272728
-55.33,65.467,RC08-46,-2761,No,Yes,45,0.01818181818181818
-55.33,65.467,RC08-46,-2761,Yes,No,45,0.006060606060606061
-55.33,65.467,RC08-46,-2761,Yes,Yes,45,0.0030303030303030303
-53.038,119.735,ELT44.027-PC,-3542,No,No,27,0.582716049382716
-53.038,119.735,ELT44.027-PC,-3542,No,Yes,27,0.27901234567901234
-53.038,119.735,ELT44.027-PC,-3542,Yes,No,27,0.13333333333333333
-53.038,119.735,ELT44.027-PC,-3542,Yes,Yes,27,0
-51.08,129.97,RC08-63,-3442,No,No,51,0.47297297297297297
-51.08,129.97,RC08-63,-3442,No,Yes,51,0.36824324324324326
-51.08,129.97,RC08-63,-3442,Yes,No,51,0.13175675675675674
-51.08,129.97,RC08-63,-3442,Yes,Yes,51,0.010135135135135136
-50.87,-9.867,RC11-78,-3115,No,No,82,0.986111111111111
-50.87,-9.867,RC11-78,-3115,No,Yes,82,0.011111111111111112
-50.87,-9.867,RC11-78,-3115,Yes,No,82,0
-50.87,-9.867,RC11-78,-3115,Yes,Yes,82,0.002777777777777778
-50.7167,13.4333,RC13-275,-1984,No,No,96,0.9592476489028213
-50.7167,13.4333,RC13-275,-1984,No,Yes,96,0.03134796238244514
-50.7167,13.4333,RC13-275,-1984,Yes,No,96,0.009404388714733543
-50.7167,13.4333,RC13-275,-1984,Yes,Yes,96,0
-49.92,-15.57,RC15-91,-3775,No,No,97,0.5909774436090225
-49.92,-15.57,RC15-91,-3775,No,Yes,97,0.08270676691729323
-49.92,-15.57,RC15-91,-3775,Yes,No,97,0.3218045112781955
-49.92,-15.57,RC15-91,-3775,Yes,Yes,97,0
-49.378,94.832,ELT49.025-PC,-3366,No,No,39,0.30847457627118646
-49.378,94.832,ELT49.025-PC,-3366,No,Yes,39,0.43389830508474575
-49.378,94.832,ELT49.025-PC,-3366,Yes,No,39,0.23389830508474577
-49.378,94.832,ELT49.025-PC,-3366,Yes,Yes,39,0
-49.33,127.12,RC08-62,-3875,No,No,50,0.23357664233576644
-49.33,127.12,RC08-62,-3875,No,Yes,50,0.4562043795620438
-49.33,127.12,RC08-62,-3875,Yes,No,50,0.23722627737226276
-49.33,127.12,RC08-62,-3875,Yes,Yes,50,0.029197080291970802
-49,-4.6,RC11-79,-3385,No,No,83,0.9816272965879265
-49,-4.6,RC11-79,-3385,No,Yes,83,0.010498687664041995
-49,-4.6,RC11-79,-3385,Yes,No,83,0.007874015748031496
-49,-4.6,RC11-79,-3385,Yes,Yes,83,0
-48.008,114.478,ELT45.070-PC,-3726,No,No,29,0.22522522522522523
-48.008,114.478,ELT45.070-PC,-3726,No,Yes,29,0.5153153153153153
-48.008,114.478,ELT45.070-PC,-3726,Yes,No,29,0.2072072072072072
-48.008,114.478,ELT45.070-PC,-3726,Yes,Yes,29,0
-47.988,95.037,ELT49.024-PC,-3240,No,No,38,0.3010033444816053
-47.988,95.037,ELT49.024-PC,-3240,No,Yes,38,0.44481605351170567
-47.988,95.037,ELT49.024-PC,-3240,Yes,No,38,0.2274247491638796
-47.988,95.037,ELT49.024-PC,-3240,Yes,Yes,38,0
-47.77,123.1,RC09-139,-4158,No,No,52,0.1
-47.77,123.1,RC09-139,-4158,No,Yes,52,0.6102564102564103
-47.77,123.1,RC09-139,-4158,Yes,No,52,0.2230769230769231
-47.77,123.1,RC09-139,-4158,Yes,Yes,52,0.005128205128205128
-47.533,114.423,ELT45.073-PC,-3768,No,No,30,0.2946058091286307
-47.533,114.423,ELT45.073-PC,-3768,No,Yes,30,0.4771784232365145
-47.533,114.423,ELT45.073-PC,-3768,Yes,No,30,0.18049792531120334
-47.533,114.423,ELT45.073-PC,-3768,Yes,Yes,30,0.004149377593360996
-47.128,95.08,ELT49.023-PC,-3285,No,No,37,0.2622478386167147
-47.128,95.08,ELT49.023-PC,-3285,No,Yes,37,0.4610951008645533
-47.128,95.08,ELT49.023-PC,-3285,Yes,No,37,0.23631123919308358
-47.128,95.08,ELT49.023-PC,-3285,Yes,Yes,37,0
-46.75,-0.05,RC11-80,-3656,No,No,84,0.27445652173913043
-46.75,-0.05,RC11-80,-3656,No,Yes,84,0.25
-46.75,-0.05,RC11-80,-3656,Yes,No,84,0.44565217391304346
-46.75,-0.05,RC11-80,-3656,Yes,Yes,84,0.002717391304347826
-46.6,7.625,RC13-253,-2494,No,No,95,0.44485294117647056
-46.6,7.625,RC13-253,-2494,No,Yes,95,0.3970588235294118
-46.6,7.625,RC13-253,-2494,Yes,No,95,0.12867647058823528
-46.6,7.625,RC13-253,-2494,Yes,Yes,95,0.003676470588235294
-46.53,125.57,RC08-61,-4254,No,No,49,0.1784841075794621
-46.53,125.57,RC08-61,-4254,No,Yes,49,0.4523227383863081
-46.53,125.57,RC08-61,-4254,Yes,No,49,0.2469437652811736
-46.53,125.57,RC08-61,-4254,Yes,Yes,49,0.02689486552567237
-46.448,114.417,ELT45.077-PC,-3854,No,No,31,0.17682926829268295
-46.448,114.417,ELT45.077-PC,-3854,No,Yes,31,0.5101626016260162
-46.448,114.417,ELT45.077-PC,-3854,Yes,No,31,0.2154471544715447
-46.448,114.417,ELT45.077-PC,-3854,Yes,Yes,31,0.014227642276422764
-46.13,-10.9,V22-106,-3037,No,No,211,0.652542372881356
-46.13,-10.9,V22-106,-3037,No,Yes,211,0.20847457627118643
-46.13,-10.9,V22-106,-3037,Yes,No,211,0.13050847457627118
-46.13,-10.9,V22-106,-3037,Yes,Yes,211,0.005084745762711864
-46.1,-13.23,RC15-93,-2714,No,No,98,0.4490358126721763
-46.1,-13.23,RC15-93,-2714,No,Yes,98,0.3663911845730028
-46.1,-13.23,RC15-93,-2714,Yes,No,98,0.15702479338842976
-46.1,-13.23,RC15-93,-2714,Yes,Yes,98,0.011019283746556474
-46.02,44.367,V16-64,-2202,No,No,161,0.32539682539682535
-46.02,44.367,V16-64,-2202,No,Yes,161,0.39682539682539686
-46.02,44.367,V16-64,-2202,Yes,No,161,0.25925925925925924
-46.02,44.367,V16-64,-2202,Yes,Yes,161,0
-45.42,121.12,RC09-140,-4400,No,No,53,0.08839779005524862
-45.42,121.12,RC09-140,-4400,No,Yes,53,0.6325966850828729
-45.42,121.12,RC09-140,-4400,Yes,No,53,0.19613259668508287
-45.42,121.12,RC09-140,-4400,Yes,Yes,53,0.03038674033149171
-45.022,95.082,ELT49.022-PC,-2734,No,No,36,0.2894736842105263
-45.022,95.082,ELT49.022-PC,-2734,No,Yes,36,0.35
-45.022,95.082,ELT49.022-PC,-2734,Yes,No,36,0.3078947368421052
-45.022,95.082,ELT49.022-PC,-2734,Yes,Yes,36,0
-45,45.767,V16-65,-1618,No,No,162,0.3451086956521739
-45,45.767,V16-65,-1618,No,Yes,162,0.36141304347826086
-45,45.767,V16-65,-1618,Yes,No,162,0.27173913043478265
-45,45.767,V16-65,-1618,Yes,Yes,162,0
-44.77,92.417,RC08-50,-3219,No,No,46,0.26016260162601623
-44.77,92.417,RC08-50,-3219,No,Yes,46,0.41192411924119243
-44.77,92.417,RC08-50,-3219,Yes,No,46,0.27913279132791324
-44.77,92.417,RC08-50,-3219,Yes,Yes,46,0.01084010840108401
-44.47,-6.633,V22-107,-3898,No,No,212,0.16085790884718498
-44.47,-6.633,V22-107,-3898,No,Yes,212,0.5442359249329759
-44.47,-6.633,V22-107,-3898,Yes,No,212,0.21179624664879357
-44.47,-6.633,V22-107,-3898,Yes,Yes,212,0.013404825737265416
-43.953,114.368,ELT45.081-PC,-4318,No,No,33,0.17543859649122806
-43.953,114.368,ELT45.081-PC,-4318,No,Yes,33,0.38791423001949316
-43.953,114.368,ELT45.081-PC,-4318,Yes,No,33,0.3138401559454191
-43.953,114.368,ELT45.081-PC,-4318,Yes,Yes,33,0.04483430799220273
-43.78,46.2,RC08-40,-2540,No,No,43,0.41592920353982304
-43.78,46.2,RC08-40,-2540,No,Yes,43,0.3893805309734513
-43.78,46.2,RC08-40,-2540,Yes,No,43,0.18141592920353983
-43.78,46.2,RC08-40,-2540,Yes,Yes,43,0.004424778761061947
-43.63,51.267,RC08-41,-2897,No,No,44,0.4300518134715026
-43.63,51.267,RC08-41,-2897,No,Yes,44,0.3160621761658031
-43.63,51.267,RC08-41,-2897,Yes,No,44,0.24870466321243523
-43.63,51.267,RC08-41,-2897,Yes,Yes,44,0
-43.18,-3.25,V22-108,-4171,No,No,213,0.06748466257668712
-43.18,-3.25,V22-108,-4171,No,Yes,213,0.5950920245398773
-43.18,-3.25,V22-108,-4171,Yes,No,213,0.25971370143149286
-43.18,-3.25,V22-108,-4171,Yes,Yes,213,0.002044989775051125
-43.03,57.35,RC11-103,-4673,No,No,68,0.2213114754098361
-43.03,57.35,RC11-103,-4673,No,Yes,68,0.14754098360655737
-43.03,57.35,RC11-103,-4673,Yes,No,68,0.6229508196721312
-43.03,57.35,RC11-103,-4673,Yes,Yes,68,0
-42.58,-17.8,RC12-291,-3508,No,No,85,0.15555555555555556
-42.58,-17.8,RC12-291,-3508,No,Yes,85,0.526984126984127
-42.58,-17.8,RC12-291,-3508,Yes,No,85,0.19365079365079366
-42.58,-17.8,RC12-291,-3508,Yes,Yes,85,0.025396825396825397
-41.37,114.13,RC09-143,-4396,No,No,54,0.05627705627705627
-41.37,114.13,RC09-143,-4396,No,Yes,54,0.5064935064935064
-41.37,114.13,RC09-143,-4396,Yes,No,54,0.36363636363636365
-41.37,114.13,RC09-143,-4396,Yes,Yes,54,0.012987012987012988
-39.38,104.37,RC08-53,-4429,No,No,47,0.15966386554621848
-39.38,104.37,RC08-53,-4429,No,Yes,47,0.2773109243697479
-39.38,104.37,RC08-53,-4429,Yes,No,47,0.35714285714285715
-39.38,104.37,RC08-53,-4429,Yes,Yes,47,0.1092436974789916
-39.2,13.5,V14-67,-3016,No,No,147,0.19117647058823528
-39.2,13.5,V14-67,-3016,No,Yes,147,0.2088235294117647
-39.2,13.5,V14-67,-3016,Yes,No,147,0.3647058823529412
-39.2,13.5,V14-67,-3016,Yes,Yes,147,0.16176470588235292
-38.98,29.933,V18-186,-4205,No,No,182,0.38141025641025644
-38.98,29.933,V18-186,-4205,No,Yes,182,0.05448717948717949
-38.98,29.933,V18-186,-4205,Yes,No,182,0.5128205128205128
-38.98,29.933,V18-186,-4205,Yes,Yes,182,0.01282051282051282
-38.57,140.62,V18-222,-1904,No,No,188,0.16086956521739132
-38.57,140.62,V18-222,-1904,No,Yes,188,0.22608695652173913
-38.57,140.62,V18-222,-1904,Yes,No,188,0.3869565217391304
-38.57,140.62,V18-222,-1904,Yes,Yes,188,0.12173913043478261
-38.03,83.483,RC11-122,-3490,No,No,75,0.24822695035460993
-38.03,83.483,RC11-122,-3490,No,Yes,75,0.26595744680851063
-38.03,83.483,RC11-122,-3490,Yes,No,75,0.20921985815602834
-38.03,83.483,RC11-122,-3490,Yes,Yes,75,0.18085106382978722
-37.63,37.867,V18-188,-4960,No,No,183,0.28804347826086957
-37.63,37.867,V18-188,-4960,No,Yes,183,0.07880434782608696
-37.63,37.867,V18-188,-4960,Yes,No,183,0.5842391304347826
-37.63,37.867,V18-188,-4960,Yes,Yes,183,0.019021739130434784
-37.15,43.5,V16-67,-3643,No,No,163,0.3415492957746479
-37.15,43.5,V16-67,-3643,No,Yes,163,0.10915492957746478
-37.15,43.5,V16-67,-3643,Yes,No,163,0.4014084507042254
-37.15,43.5,V16-67,-3643,Yes,Yes,163,0.1267605633802817
-36.75,120.9,RC08-60,-5351,No,No,48,0.2426470588235294
-36.75,120.9,RC08-60,-5351,No,Yes,48,0.14705882352941177
-36.75,120.9,RC08-60,-5351,Yes,No,48,0.44852941176470584
-36.75,120.9,RC08-60,-5351,Yes,Yes,48,0.11764705882352941
-36.48,69.55,RC11-117,-4367,No,No,73,0.4830188679245283
-36.48,69.55,RC11-117,-4367,No,Yes,73,0.12830188679245283
-36.48,69.55,RC11-117,-4367,Yes,No,73,0.27547169811320754
-36.48,69.55,RC11-117,-4367,Yes,Yes,73,0.045283018867924525
-36.12,41.85,V18-189,-4923,No,No,184,0.06481481481481481
-36.12,41.85,V18-189,-4923,No,Yes,184,0.015432098765432098
-36.12,41.85,V18-189,-4923,Yes,No,184,0.867283950617284
-36.12,41.85,V18-189,-4923,Yes,Yes,184,0.033950617283950615
-35.88,15.917,V14-69C,-4870,No,No,148,0.33753943217665616
-35.88,15.917,V14-69C,-4870,No,Yes,148,0.0694006309148265
-35.88,15.917,V14-69C,-4870,Yes,No,148,0.5709779179810724
-35.88,15.917,V14-69C,-4870,Yes,Yes,148,0.006309148264984227
-34.92,67.583,RC11-116,-4548,No,No,72,0.2870967741935484
-34.92,67.583,RC11-116,-4548,No,Yes,72,0.04838709677419355
-34.92,67.583,RC11-116,-4548,Yes,No,72,0.5483870967741935
-34.92,67.583,RC11-116,-4548,Yes,Yes,72,0.03870967741935484
-34.33,54.217,RC11-106,-4212,No,No,69,0.1902173913043478
-34.33,54.217,RC11-106,-4212,No,Yes,69,0.03804347826086957
-34.33,54.217,RC11-106,-4212,Yes,No,69,0.7309782608695653
-34.33,54.217,RC11-106,-4212,Yes,Yes,69,0.029891304347826088
-33.8,112.98,RC11-138,-3069,No,No,78,0.05147058823529412
-33.8,112.98,RC11-138,-3069,No,Yes,78,0.1213235294117647
-33.8,112.98,RC11-138,-3069,Yes,No,78,0.49264705882352944
-33.8,112.98,RC11-138,-3069,Yes,Yes,78,0.2941176470588235
-33.8,112.98,RC11-139,-3157,No,No,79,0.0594059405940594
-33.8,112.98,RC11-139,-3157,No,Yes,79,0.13861386138613863
-33.8,112.98,RC11-139,-3157,Yes,No,79,0.46534653465346537
-33.8,112.98,RC11-139,-3157,Yes,Yes,79,0.2079207920792079
-33.35,16.433,V16-50,-2376,No,No,159.5,0.20945247933884298
-33.35,16.433,V16-50,-2376,No,Yes,159.5,0.03578807556080284
-33.35,16.433,V16-50,-2376,Yes,No,159.5,0.6020021645021645
-33.35,16.433,V16-50,-2376,Yes,Yes,159.5,0.10861865407319952
-33.23,15.983,V18-183,-2807,No,No,181,0.18149466192170818
-33.23,15.983,V18-183,-2807,No,Yes,181,0.11743772241992882
-33.23,15.983,V18-183,-2807,Yes,No,181,0.5409252669039146
-33.23,15.983,V18-183,-2807,Yes,Yes,181,0.10676156583629894
-33.2,15,V16-48,-3680,No,No,158,0.25748502994011974
-33.2,15,V16-48,-3680,No,Yes,158,0.04491017964071856
-33.2,15,V16-48,-3680,Yes,No,158,0.5149700598802395
-33.2,15,V16-48,-3680,Yes,Yes,158,0.12574850299401197
-32.38,84.85,V16-88,-2855,No,No,167,0.25252525252525254
-32.38,84.85,V16-88,-2855,No,Yes,167,0.08417508417508418
-32.38,84.85,V16-88,-2855,Yes,No,167,0.35353535353535354
-32.38,84.85,V16-88,-2855,Yes,Yes,167,0.20875420875420878
-31.63,83.8,V16-87,-4316,No,No,166,0.13662239089184058
-31.63,83.8,V16-87,-4316,No,Yes,166,0.058823529411764705
-31.63,83.8,V16-87,-4316,Yes,No,166,0.38330170777988615
-31.63,83.8,V16-87,-4316,Yes,Yes,166,0.2808349146110056
-31.57,114.12,RC11-141,-4347,No,No,80,0.02120141342756184
-31.57,114.12,RC11-141,-4347,No,Yes,80,0.02120141342756184
-31.57,114.12,RC11-141,-4347,Yes,No,80,0.8586572438162545
-31.57,114.12,RC11-141,-4347,Yes,Yes,80,0.06713780918727916
-31.53,99.25,V16-96,-2417,No,No,171,0.10467706013363029
-31.53,99.25,V16-96,-2417,No,Yes,171,0.1447661469933185
-31.53,99.25,V16-96,-2417,Yes,No,171,0.20489977728285078
-31.53,99.25,V16-96,-2417,Yes,Yes,171,0.40757238307349664
-31.05,82.85,V16-86,-4001,No,No,165,0.19076923076923077
-31.05,82.85,V16-86,-4001,No,Yes,165,0.021538461538461538
-31.05,82.85,V16-86,-4001,Yes,No,165,0.4707692307692308
-31.05,82.85,V16-86,-4001,Yes,Yes,165,0.20923076923076922
-30.58,13.283,V19-240,-3103,No,No,194,0.24324324324324326
-30.58,13.283,V19-240,-3103,No,Yes,194,0.03903903903903904
-30.58,13.283,V19-240,-3103,Yes,No,194,0.5045045045045045
-30.58,13.283,V19-240,-3103,Yes,Yes,194,0.16516516516516516
-30.57,114.45,V18-215,-1161,No,No,187,0.03581267217630854
-30.57,114.45,V18-215,-1161,No,Yes,187,0.049586776859504134
-30.57,114.45,V18-215,-1161,Yes,No,187,0.4683195592286502
-30.57,114.45,V18-215,-1161,Yes,Yes,187,0.4297520661157025
-30.2,91.717,V16-93,-2769,No,No,168,0.11704834605597964
-30.2,91.717,V16-93,-2769,No,Yes,168,0.12468193384223919
-30.2,91.717,V16-93,-2769,Yes,No,168,0.17048346055979643
-30.2,91.717,V16-93,-2769,Yes,Yes,168,0.4580152671755726
-29.73,79.567,V16-84,-3938,No,No,164,0.09958506224066391
-29.73,79.567,V16-84,-3938,No,Yes,164,0.06224066390041494
-29.73,79.567,V16-84,-3938,Yes,No,164,0.2821576763485477
-29.73,79.567,V16-84,-3938,Yes,Yes,164,0.4004149377593361
-29.52,9.583,V19-242,-4881,No,No,195,0.47699757869249393
-29.52,9.583,V19-242,-4881,No,Yes,195,0.004842615012106538
-29.52,9.583,V19-242,-4881,Yes,No,195,0.4794188861985472
-29.52,9.583,V19-242,-4881,Yes,Yes,195,0.03389830508474576
-28.883,92.833,V16-94,-3878,No,No,169,0.077319587628866
-28.883,92.833,V16-94,-3878,No,Yes,169,0.059278350515463915
-28.883,92.833,V16-94,-3878,Yes,No,169,0.26804123711340205
-28.883,92.833,V16-94,-3878,Yes,Yes,169,0.4072164948453608
-28.07,95.967,RC11-128,-3926,No,No,76,0.05592105263157894
-28.07,95.967,RC11-128,-3926,No,Yes,76,0.0625
-28.07,95.967,RC11-128,-3926,Yes,No,76,0.29276315789473684
-28.07,95.967,RC11-128,-3926,Yes,Yes,76,0.4078947368421053
-28.017,95.183,V16-95,-4071,No,No,170,0.07796610169491525
-28.017,95.183,V16-95,-4071,No,Yes,170,0.013559322033898305
-28.017,95.183,V16-95,-4071,Yes,No,170,0.4406779661016949
-28.017,95.183,V16-95,-4071,Yes,Yes,170,0.2847457627118644
-25.49,11.307,RC13-229,-4191,No,No,94,0.6570397111913358
-25.49,11.307,RC13-229,-4191,No,Yes,94,0.01444043321299639
-25.49,11.307,RC13-229,-4191,Yes,No,94,0.2671480144404332
-25.49,11.307,RC13-229,-4191,Yes,Yes,94,0.04693140794223827
-23.05,64.9,V20-177,-4513,No,No,204,0.014760147601476014
-23.05,64.9,V20-177,-4513,No,Yes,204,0.047970479704797044
-23.05,64.9,V20-177,-4513,Yes,No,204,0.19188191881918817
-23.05,64.9,V20-177,-4513,Yes,Yes,204,0.6752767527675276
-22.98,7.017,V12-66,-2760,No,No,135,0.29881656804733725
-22.98,7.017,V12-66,-2760,No,Yes,135,0.047337278106508875
-22.98,7.017,V12-66,-2760,Yes,No,135,0.29289940828402367
-22.98,7.017,V12-66,-2760,Yes,Yes,135,0.2899408284023669
-22.4,57.633,RC11-111,-4365,No,No,71,0.014051522248243561
-22.4,57.633,RC11-111,-4365,No,Yes,71,0.00468384074941452
-22.4,57.633,RC11-111,-4365,Yes,No,71,0.23419203747072598
-22.4,57.633,RC11-111,-4365,Yes,Yes,71,0.6908665105386417
-22.13,68.767,V20-174,-2714,No,No,203,0.010752688172043012
-22.13,68.767,V20-174,-2714,No,Yes,203,0.043010752688172046
-22.13,68.767,V20-174,-2714,Yes,No,203,0.16666666666666666
-22.13,68.767,V20-174,-2714,Yes,Yes,203,0.7365591397849461
-21.98,68.483,V20-171,-2833,No,No,202,0.05150214592274679
-21.98,68.483,V20-171,-2833,No,Yes,202,0.008583690987124463
-21.98,68.483,V20-171,-2833,Yes,No,202,0.15450643776824033
-21.98,68.483,V20-171,-2833,Yes,Yes,202,0.6824034334763949
-21.83,10.8,V19-256,-3345,No,No,196,0.6994818652849741
-21.83,10.8,V19-256,-3345,No,Yes,196,0.10362694300518135
-21.83,10.8,V19-256,-3345,Yes,No,196,0.1316062176165803
-21.83,10.8,V19-256,-3345,Yes,Yes,196,0.060103626943005174
-21.42,112.8,RC11-146,-2371,No,No,81,0.02416918429003021
-21.42,112.8,RC11-146,-2371,No,Yes,81,0.11782477341389729
-21.42,112.8,RC11-146,-2371,Yes,No,81,0.3232628398791541
-21.42,112.8,RC11-146,-2371,Yes,Yes,81,0.5317220543806647
-20.58,63.533,V18-200,-3305,No,No,185,0.05882352941176471
-20.58,63.533,V18-200,-3305,No,Yes,185,0.08496732026143791
-20.58,63.533,V18-200,-3305,Yes,No,185,0.3137254901960784
-20.58,63.533,V18-200,-3305,Yes,Yes,185,0.5098039215686274
-19.92,41.6,V19-209,-2924,No,No,193,0.11405835543766579
-19.92,41.6,V19-209,-2924,No,Yes,193,0.021220159151193633
-19.92,41.6,V19-209,-2924,Yes,No,193,0.27055702917771884
-19.92,41.6,V19-209,-2924,Yes,Yes,193,0.5755968169761273
-16.23,58.633,RC17-105,-2500,No,No,103,0.029411764705882353
-16.23,58.633,RC17-105,-2500,No,Yes,103,0.0481283422459893
-16.23,58.633,RC17-105,-2500,Yes,No,103,0.2299465240641711
-16.23,58.633,RC17-105,-2500,Yes,Yes,103,0.6925133689839572
-15.59,58.852,RC17-104,-3834,No,No,102,0.026785714285714284
-15.59,58.852,RC17-104,-3834,No,Yes,102,0.047619047619047616
-15.59,58.852,RC17-104,-3834,Yes,No,102,0.34226190476190477
-15.59,58.852,RC17-104,-3834,Yes,Yes,102,0.5773809523809524
-13.61,59.638,RC17-103,-3912,No,No,101,0.0634441087613293
-13.61,59.638,RC17-103,-3912,No,Yes,101,0.04833836858006042
-13.61,59.638,RC17-103,-3912,Yes,No,101,0.31722054380664655
-13.61,59.638,RC17-103,-3912,Yes,Yes,101,0.5589123867069485
-12.85,59.872,RC17-102,-3470,No,No,100,0.05376344086021505
-12.85,59.872,RC17-102,-3470,No,Yes,100,0.03225806451612903
-12.85,59.872,RC17-102,-3470,Yes,No,100,0.30913978494623656
-12.85,59.872,RC17-102,-3470,Yes,Yes,100,0.6021505376344086
-12.38,61.617,RC17-101,-2665,No,No,99,0.05660377358490566
-12.38,61.617,RC17-101,-2665,No,Yes,99,0.031446540880503145
-12.38,61.617,RC17-101,-2665,Yes,No,99,0.3050314465408805
-12.38,61.617,RC17-101,-2665,Yes,Yes,99,0.5911949685534591
-4.3,64.817,V14-95,-4513,No,No,149,0.08695652173913045
-4.3,64.817,V14-95,-4513,No,Yes,149,0.016304347826086956
-4.3,64.817,V14-95,-4513,Yes,No,149,0.6902173913043478
-4.3,64.817,V14-95,-4513,Yes,Yes,149,0.17934782608695654
-4.217,41.55,V19-200,-2692,No,No,192,0.06994818652849741
-4.217,41.55,V19-200,-2692,No,Yes,192,0.10621761658031087
-4.217,41.55,V19-200,-2692,Yes,No,192,0.29533678756476683
-4.217,41.55,V19-200,-2692,Yes,Yes,192,0.5233160621761658
-2.833,66.3,V14-96,-4135,No,No,150,0.14487632508833923
-2.833,66.3,V14-96,-4135,No,Yes,150,0.0035335689045936395
-2.833,66.3,V14-96,-4135,Yes,No,150,0.7279151943462898
-2.833,66.3,V14-96,-4135,Yes,Yes,150,0.10247349823321554
-2.807,61.203,RC17-110,-4395,No,No,104,0.11918604651162792
-2.807,61.203,RC17-110,-4395,No,Yes,104,0.014534883720930232
-2.807,61.203,RC17-110,-4395,Yes,No,104,0.4244186046511628
-2.807,61.203,RC17-110,-4395,Yes,Yes,104,0.41569767441860467
-0.7667,-26.0333,A180-76,-3512,No,No,24,0.24874371859296485
-0.7667,-26.0333,A180-76,-3512,No,Yes,24,0.04020100502512563
-0.7667,-26.0333,A180-76,-3512,Yes,No,24,0.2939698492462312
-0.7667,-26.0333,A180-76,-3512,Yes,Yes,24,0.33417085427135684
-0.633,69.45,V14-98,-3893,No,No,151,0.09865470852017938
-0.633,69.45,V14-98,-3893,No,Yes,151,0.026905829596412554
-0.633,69.45,V14-98,-3893,Yes,No,151,0.6278026905829597
-0.633,69.45,V14-98,-3893,Yes,Yes,151,0.23766816143497757
-0.05,-24.1667,A180-74,-3329,No,No,23,0.20743639921722112
-0.05,-24.1667,A180-74,-3329,No,Yes,23,0.046966731898238745
-0.05,-24.1667,A180-74,-3329,Yes,No,23,0.42661448140900193
-0.05,-24.1667,A180-74,-3329,Yes,Yes,23,0.20939334637964774
0.3,-14.8,V26-53,-4323,No,No,252,0.08223684210526315
0.3,-14.8,V26-53,-4323,No,Yes,252,0
0.3,-14.8,V26-53,-4323,Yes,No,252,0.4407894736842105
0.3,-14.8,V26-53,-4323,Yes,Yes,252,0.47368421052631576
0.85,-32.85,V14-5,-3255,No,No,146,0.01680672268907563
0.85,-32.85,V14-5,-3255,No,Yes,146,0.014005602240896359
0.85,-32.85,V14-5,-3255,Yes,No,146,0.1848739495798319
0.85,-32.85,V14-5,-3255,Yes,Yes,146,0.7843137254901962
0.917,-43.77,RC11-12,-4145,No,No,74,0.011904761904761904
0.917,-43.77,RC11-12,-4145,No,Yes,74,0
0.917,-43.77,RC11-12,-4145,Yes,No,74,0.24107142857142855
0.917,-43.77,RC11-12,-4145,Yes,Yes,74,0.7470238095238095
1,1.983,V27-234,-4618,No,No,274,0.06798866855524079
1,1.983,V27-234,-4618,No,Yes,274,0.014164305949008499
1,1.983,V27-234,-4618,Yes,No,274,0.6147308781869688
1,1.983,V27-234,-4618,Yes,Yes,274,0.30028328611898014
1.05,-13.63,V27-250,-4942,No,No,278,0.22891566265060237
1.05,-13.63,V27-250,-4942,No,Yes,278,0.006024096385542169
1.05,-13.63,V27-250,-4942,Yes,No,278,0.4307228915662651
1.05,-13.63,V27-250,-4942,Yes,Yes,278,0.3072289156626506
1.417,-9.083,V19-296,-5017,No,No,198,0.2555066079295154
1.417,-9.083,V19-296,-5017,No,Yes,198,0.006607929515418502
1.417,-9.083,V19-296,-5017,Yes,No,198,0.6321585903083701
1.417,-9.083,V19-296,-5017,Yes,Yes,198,0.09911894273127753
1.683,-41.52,RC11-13,-4378,No,No,77,0.11246200607902736
1.683,-41.52,RC11-13,-4378,No,Yes,77,0
1.683,-41.52,RC11-13,-4378,Yes,No,77,0.3465045592705167
1.683,-41.52,RC11-13,-4378,Yes,Yes,77,0.5319148936170213
1.75,-16.05,V12-80,-4918,No,No,136,0.07081174438687392
1.75,-16.05,V12-80,-4918,No,Yes,136,0.0017271157167530224
1.75,-16.05,V12-80,-4918,Yes,No,136,0.41278065630397237
1.75,-16.05,V12-80,-4918,Yes,Yes,136,0.5025906735751295
1.967,-37.07,V16-200,-4093,No,No,152,0.019867549668874173
1.967,-37.07,V16-200,-4093,No,Yes,152,0.004415011037527594
1.967,-37.07,V16-200,-4093,Yes,No,152,0.16997792494481237
1.967,-37.07,V16-200,-4093,Yes,Yes,152,0.7991169977924946
2,-5.25,V19-291,-4956,No,No,197,0.205188679245283
2,-5.25,V19-291,-4956,No,Yes,197,0.054245283018867926
2,-5.25,V19-291,-4956,Yes,No,197,0.2240566037735849
2,-5.25,V19-291,-4956,Yes,Yes,197,0.5117924528301887
2.1,-35.6,V20-233,-3884,No,No,205,0.031446540880503145
2.1,-35.6,V20-233,-3884,No,Yes,205,0.006289308176100629
2.1,-35.6,V20-233,-3884,Yes,No,205,0.16981132075471697
2.1,-35.6,V20-233,-3884,Yes,Yes,205,0.779874213836478
2.217,-45.4,RC11-11,-3759,No,No,70,0.026881720430107527
2.217,-45.4,RC11-11,-3759,No,Yes,70,0.002688172043010753
2.217,-45.4,RC11-11,-3759,Yes,No,70,0.20161290322580647
2.217,-45.4,RC11-11,-3759,Yes,Yes,70,0.7688172043010753
3.05,-11.82,V27-248,-4543,No,No,276,0.26229508196721313
3.05,-11.82,V27-248,-4543,No,Yes,276,0.00546448087431694
3.05,-11.82,V27-248,-4543,Yes,No,276,0.2786885245901639
3.05,-11.82,V27-248,-4543,Yes,Yes,276,0.45355191256830607
3.383,-20.12,V22-186,-4471,No,No,214,0.1554959785522788
3.383,-20.12,V22-186,-4471,No,Yes,214,0
3.383,-20.12,V22-186,-4471,Yes,No,214,0.3726541554959786
3.383,-20.12,V22-186,-4471,Yes,Yes,214,0.44772117962466484
3.65,-18.3,A180-70,-4846,No,No,22,0.403470715835141
3.65,-18.3,A180-70,-4846,No,Yes,22,0.004338394793926247
3.65,-18.3,A180-70,-4846,Yes,No,22,0.44468546637744033
3.65,-18.3,A180-70,-4846,Yes,Yes,22,0.1388286334056399
3.65,-15.05,V19-298,-4792,No,No,199,0.32303370786516855
3.65,-15.05,V19-298,-4792,No,Yes,199,0
3.65,-15.05,V19-298,-4792,Yes,No,199,0.5561797752808989
3.65,-15.05,V19-298,-4792,Yes,Yes,199,0.12078651685393257
3.705,-7.722,RC13-196,-3734,No,No,93,0.0030581039755351682
3.705,-7.722,RC13-196,-3734,No,Yes,93,0.01529051987767584
3.705,-7.722,RC13-196,-3734,Yes,No,93,0.2844036697247706
3.705,-7.722,RC13-196,-3734,Yes,Yes,93,0.6850152905198776
3.867,65.517,V14-100,-3682,No,No,138,0.09345794392523364
3.867,65.517,V14-100,-3682,No,Yes,138,0.037383177570093455
3.867,65.517,V14-100,-3682,Yes,No,138,0.38317757009345793
3.867,65.517,V14-100,-3682,Yes,Yes,138,0.48130841121495327
4.233,-47.75,V18-21,-2374,No,No,186,0.015957446808510637
4.233,-47.75,V18-21,-2374,No,Yes,186,0
4.233,-47.75,V18-21,-2374,Yes,No,186,0.19414893617021278
4.233,-47.75,V18-21,-2374,Yes,Yes,186,0.7898936170212765
4.967,-45.97,RC11-10,-3834,No,No,67,0.015228426395939087
4.967,-45.97,RC11-10,-3834,No,Yes,67,0.005076142131979695
4.967,-45.97,RC11-10,-3834,Yes,No,67,0.08629441624365483
4.967,-45.97,RC11-10,-3834,Yes,Yes,67,0.8883248730964467
5.2833,-17.0667,A180-69,-5100,No,No,21,0.6721854304635763
5.2833,-17.0667,A180-69,-5100,No,Yes,21,0.013245033112582781
5.2833,-17.0667,A180-69,-5100,Yes,No,21,0.2119205298013245
5.2833,-17.0667,A180-69,-5100,Yes,Yes,21,0.08940397350993379
5.317,-33.03,V20-234,-3133,No,No,206,0.041176470588235294
5.317,-33.03,V20-234,-3133,No,Yes,206,0.011764705882352941
5.317,-33.03,V20-234,-3133,Yes,No,206,0.21764705882352936
5.317,-33.03,V20-234,-3133,Yes,Yes,206,0.7205882352941175
5.833,-18.08,V26-52,-4903,No,No,251,0.2844827586206896
5.833,-18.08,V26-52,-4903,No,Yes,251,0
5.833,-18.08,V26-52,-4903,Yes,No,251,0.47701149425287354
5.833,-18.08,V26-52,-4903,Yes,Yes,251,0.22413793103448276
6.033,-18.25,V26-51,-4572,No,No,250,0.11890243902439025
6.033,-18.25,V26-51,-4572,No,Yes,250,0
6.033,-18.25,V26-51,-4572,Yes,No,250,0.25914634146341464
6.033,-18.25,V26-51,-4572,Yes,Yes,250,0.6036585365853658
6.267,-17.92,V26-50,-4826,No,No,249,0.3192982456140351
6.267,-17.92,V26-50,-4826,No,Yes,249,0
6.267,-17.92,V26-50,-4826,Yes,No,249,0.4842105263157895
6.267,-17.92,V26-50,-4826,Yes,Yes,249,0.17192982456140352
7.28,72.805,RC17-126,-1743,No,No,110,0.05026455026455026
7.28,72.805,RC17-126,-1743,No,Yes,110,0.1402116402116402
7.28,72.805,RC17-126,-1743,Yes,No,110,0.37830687830687826
7.28,72.805,RC17-126,-1743,Yes,Yes,110,0.42328042328042326
7.433,61.067,V19-184,-3471,No,No,191,0.1219512195121951
7.433,61.067,V19-184,-3471,No,Yes,191,0.09268292682926829
7.433,61.067,V19-184,-3471,Yes,No,191,0.44878048780487806
7.433,61.067,V19-184,-3471,Yes,Yes,191,0.33658536585365856
8.117,62.783,V19-183,-4451,No,No,190,0.06476683937823834
8.117,62.783,V19-183,-4451,No,Yes,190,0.09844559585492228
8.117,62.783,V19-183,-4451,Yes,No,190,0.3808290155440414
8.117,62.783,V19-183,-4451,Yes,Yes,190,0.45595854922279794
8.233,-37.87,V09-31,-4204,No,No,128,0.005376344086021506
8.233,-37.87,V09-31,-4204,No,Yes,128,0.005376344086021506
8.233,-37.87,V09-31,-4204,Yes,No,128,0.13440860215053763
8.233,-37.87,V09-31,-4204,Yes,Yes,128,0.846774193548387
8.467,-30.13,V20-235,-5242,No,No,207,0.408130081300813
8.467,-30.13,V20-235,-5242,No,Yes,207,0.0065040650406504065
8.467,-30.13,V20-235,-5242,Yes,No,207,0.4178861788617886
8.467,-30.13,V20-235,-5242,Yes,Yes,207,0.14959349593495935
8.983,51.733,A15-559FF,-3797,No,No,3,0.025352112676056335
8.983,51.733,A15-559FF,-3797,No,Yes,3,0.19718309859154928
8.983,51.733,A15-559FF,-3797,Yes,No,3,0.48732394366197185
8.983,51.733,A15-559FF,-3797,Yes,Yes,3,0.2873239436619718
9.317,-43,V25-46,-4310,No,No,246,0.032388663967611336
9.317,-43,V25-46,-4310,No,Yes,246,0
9.317,-43,V25-46,-4310,Yes,No,246,0.20242914979757087
9.317,-43,V25-46,-4310,Yes,Yes,246,0.7489878542510121
9.567,-18.18,V26-46,-2898,No,No,248,0.21052631578947367
9.567,-18.18,V26-46,-2898,No,Yes,248,0.10696095076400679
9.567,-18.18,V26-46,-2898,Yes,No,248,0.2648556876061121
9.567,-18.18,V26-46,-2898,Yes,Yes,248,0.40577249575551777
9.582,72.763,RC17-125,-1734,No,No,109,0.05585106382978723
9.582,72.763,RC17-125,-1734,No,Yes,109,0.14627659574468085
9.582,72.763,RC17-125,-1734,Yes,No,109,0.27925531914893614
9.582,72.763,RC17-125,-1734,Yes,Yes,109,0.5053191489361702
10.032,-76.96,RC13-156TW,-3103,No,No,90,0.23793103448275862
10.032,-76.96,RC13-156TW,-3103,No,Yes,90,0.0034482758620689655
10.032,-76.96,RC13-156TW,-3103,Yes,No,90,0.2413793103448276
10.032,-76.96,RC13-156TW,-3103,Yes,Yes,90,0.5103448275862069
10.183,-77.22,RC09-61,-3191,No,No,60.5,0.04029987760097919
10.183,-77.22,RC09-61,-3191,No,Yes,60.5,0.0062321501427988575
10.183,-77.22,RC09-61,-3191,Yes,No,60.5,0.21337209302325583
10.183,-77.22,RC09-61,-3191,Yes,Yes,60.5,0.7282333741330069
10.55,-57.3167,A181-7,-3766,No,No,25,0.015841584158415842
10.55,-57.3167,A181-7,-3766,No,Yes,25,0
10.55,-57.3167,A181-7,-3766,Yes,No,25,0.1425742574257426
10.55,-57.3167,A181-7,-3766,Yes,Yes,25,0.8316831683168318
10.7,-65.2,V12-99,-1020,No,No,137,0.0775
10.7,-65.2,V12-99,-1020,No,Yes,137,0.33
10.7,-65.2,V12-99,-1020,Yes,No,137,0.29000000000000004
10.7,-65.2,V12-99,-1020,Yes,Yes,137,0.29750000000000004
10.983,-81.15,V28-126,-3162,No,No,300,0.06086956521739131
10.983,-81.15,V28-126,-3162,No,Yes,300,0
10.983,-81.15,V28-126,-3162,Yes,No,300,0.3782608695652174
10.983,-81.15,V28-126,-3162,Yes,Yes,300,0.5565217391304348
11.117,-80.4,V28-129,-3400,No,No,301,0.00977198697068404
11.117,-80.4,V28-129,-3400,No,Yes,301,0.05211726384364821
11.117,-80.4,V28-129,-3400,Yes,No,301,0.1986970684039088
11.117,-80.4,V28-129,-3400,Yes,Yes,301,0.6872964169381108
11.25,-78.15,RC13-157,-3588,No,No,91,0.08677685950413223
11.25,-78.15,RC13-157,-3588,No,Yes,91,0.004132231404958678
11.25,-78.15,RC13-157,-3588,Yes,No,91,0.36363636363636365
11.25,-78.15,RC13-157,-3588,Yes,Yes,91,0.5371900826446281
11.433,56.233,V14-103,-4232,No,No,139,0.19767441860465115
11.433,56.233,V14-103,-4232,No,Yes,139,0.06395348837209303
11.433,56.233,V14-103,-4232,Yes,No,139,0.5697674418604651
11.433,56.233,V14-103,-4232,Yes,Yes,139,0.16860465116279072
11.533,-60.52,V20-7,-1018,No,No,209,0.003401360544217687
11.533,-60.52,V20-7,-1018,No,Yes,209,0
11.533,-60.52,V20-7,-1018,Yes,No,209,0.13945578231292519
11.533,-60.52,V20-7,-1018,Yes,Yes,209,0.8537414965986395
11.75,-80.43,V17-39,-3435,No,No,179,0.012012012012012012
11.75,-80.43,V17-39,-3435,No,Yes,179,0.03303303303303303
11.75,-80.43,V17-39,-3435,Yes,No,179,0.1651651651651652
11.75,-80.43,V17-39,-3435,Yes,Yes,179,0.7507507507507506
11.767,-81.1,RC10-50,-2072,No,No,66,0.02875399361022364
11.767,-81.1,RC10-50,-2072,No,Yes,66,0.003194888178913738
11.767,-81.1,RC10-50,-2072,Yes,No,66,0.21405750798722045
11.767,-81.1,RC10-50,-2072,Yes,Yes,66,0.7092651757188498
11.85,46.75,V14-107,-1608,No,No,143,0.02952029520295203
11.85,46.75,V14-107,-1608,No,Yes,143,0.18081180811808117
11.85,46.75,V14-107,-1608,Yes,No,143,0.5645756457564576
11.85,46.75,V14-107,-1608,Yes,Yes,143,0.2177121771217712
11.91,-75.04,RC13-146,-3387,No,No,86,0.29761904761904756
11.91,-75.04,RC13-146,-3387,No,Yes,86,0.002976190476190476
11.91,-75.04,RC13-146,-3387,Yes,No,86,0.2113095238095238
11.91,-75.04,RC13-146,-3387,Yes,Yes,86,0.47619047619047616
12.05,63.15,RC09-160,-4268,No,No,55,0.009287925696594427
12.05,63.15,RC09-160,-4268,No,Yes,55,0.0804953560371517
12.05,63.15,RC09-160,-4268,Yes,No,55,0.5108359133126934
12.05,63.15,RC09-160,-4268,Yes,Yes,55,0.38699690402476783
12.25,-76.63,V24-31,-3623,No,No,243,0.19786096256684493
12.25,-76.63,V24-31,-3623,No,Yes,243,0.00267379679144385
12.25,-76.63,V24-31,-3623,Yes,No,243,0.4518716577540107
12.25,-76.63,V24-31,-3623,Yes,Yes,243,0.339572192513369
12.383,-18.92,V17-158,-4358,No,No,173,0.22222222222222224
12.383,-18.92,V17-158,-4358,No,Yes,173,0.0020964360587002098
12.383,-18.92,V17-158,-4358,Yes,No,173,0.4968553459119497
12.383,-18.92,V17-158,-4358,Yes,Yes,173,0.25366876310272535
12.4,-77.77,V08-7,-3823,No,No,127,0.10285714285714287
12.4,-77.77,V08-7,-3823,No,Yes,127,0
12.4,-77.77,V08-7,-3823,Yes,No,127,0.27714285714285714
12.4,-77.77,V08-7,-3823,Yes,Yes,127,0.6171428571428571
12.617,45.633,V14-108,-1176,No,No,144,0.0034602076124567475
12.617,45.633,V14-108,-1176,No,Yes,144,0.20761245674740483
12.617,45.633,V14-108,-1176,Yes,No,144,0.5709342560553634
12.617,45.633,V14-108,-1176,Yes,Yes,144,0.2179930795847751
12.75,-45.63,V22-24,-4321,No,No,222,0.02053388090349076
12.75,-45.63,V22-24,-4321,No,Yes,222,0
12.75,-45.63,V22-24,-4321,Yes,No,222,0.15605749486652978
12.75,-45.63,V22-24,-4321,Yes,Yes,222,0.8090349075975359
12.858,70.255,RC17-123,-3581,No,No,108,0.04918032786885246
12.858,70.255,RC17-123,-3581,No,Yes,108,0.08196721311475409
12.858,70.255,RC17-123,-3581,Yes,No,108,0.36885245901639346
12.858,70.255,RC17-123,-3581,Yes,Yes,108,0.4672131147540984
12.867,48.4,V14-106,-2144,No,No,142,0.006430868167202572
12.867,48.4,V14-106,-2144,No,Yes,142,0.15755627009646303
12.867,48.4,V14-106,-2144,Yes,No,142,0.54983922829582
12.867,48.4,V14-106,-2144,Yes,Yes,142,0.28617363344051444
12.88,-74.85,RC13-147,-3941,No,No,87,0.10679611650485438
12.88,-74.85,RC13-147,-3941,No,Yes,87,0
12.88,-74.85,RC13-147,-3941,Yes,No,87,0.5339805825242718
12.88,-74.85,RC13-147,-3941,Yes,Yes,87,0.3527508090614887
13.25,-40.67,V16-23,-4886,No,No,157,0.05722070844686648
13.25,-40.67,V16-23,-4886,No,Yes,157,0.0027247956403269754
13.25,-40.67,V16-23,-4886,Yes,No,157,0.14713896457765668
13.25,-40.67,V16-23,-4886,Yes,Yes,157,0.7738419618528609
13.367,-74.3,V28-116,-4027,No,No,298,0.15384615384615383
13.367,-74.3,V28-116,-4027,No,Yes,298,0
13.367,-74.3,V28-116,-4027,Yes,No,298,0.5897435897435898
13.367,-74.3,V28-116,-4027,Yes,Yes,298,0.23076923076923078
13.433,53.45,V14-104,-2670,No,No,140,0.011299435028248588
13.433,53.45,V14-104,-2670,No,Yes,140,0.1751412429378531
13.433,53.45,V14-104,-2670,Yes,No,140,0.5593220338983051
13.433,53.45,V14-104,-2670,Yes,Yes,140,0.2542372881355932
13.483,-81.63,RC10-256,-1146,No,No,63,0.04326923076923077
13.483,-81.63,RC10-256,-1146,No,Yes,63,0.009615384615384616
13.483,-81.63,RC10-256,-1146,Yes,No,63,0.3509615384615385
13.483,-81.63,RC10-256,-1146,Yes,Yes,63,0.5961538461538461
13.733,-51.12,V18-16,-4931,No,No,180,0.14563106796116504
13.733,-51.12,V18-16,-4931,No,Yes,180,0.012135922330097085
13.733,-51.12,V18-16,-4931,Yes,No,180,0.38349514563106796
13.733,-51.12,V18-16,-4931,Yes,Yes,180,0.42475728155339804
13.933,-72.37,V28-115,-2109,No,No,297,0.08387096774193548
13.933,-72.37,V28-115,-2109,No,Yes,297,0.0064516129032258064
13.933,-72.37,V28-115,-2109,Yes,No,297,0.41935483870967744
13.933,-72.37,V28-115,-2109,Yes,Yes,297,0.4774193548387097
14,-74.88,RC08-106,-3904,No,No,42,0.04983388704318937
14,-74.88,RC08-106,-3904,No,Yes,42,0
14,-74.88,RC08-106,-3904,Yes,No,42,0.4053156146179402
14,-74.88,RC08-106,-3904,Yes,Yes,42,0.5348837209302325
14.15,88.083,V29-16,-2950,No,No,321,0.13622291021671826
14.15,88.083,V29-16,-2950,No,Yes,321,0.006191950464396285
14.15,88.083,V29-16,-2950,Yes,No,321,0.48916408668730654
14.15,88.083,V29-16,-2950,Yes,Yes,321,0.32507739938080493
14.167,-18.58,V22-197,-3167,No,No,215,0.18397626112759646
14.167,-18.58,V22-197,-3167,No,Yes,215,0.34421364985163205
14.167,-18.58,V22-197,-3167,Yes,No,215,0.19881305637982197
14.167,-18.58,V22-197,-3167,Yes,Yes,215,0.27299703264094954
14.267,-75.58,RC07-21,-4094,No,No,41,0.0784313725490196
14.267,-75.58,RC07-21,-4094,No,Yes,41,0
14.267,-75.58,RC07-21,-4094,Yes,No,41,0.5098039215686274
14.267,-75.58,RC07-21,-4094,Yes,Yes,41,0.39542483660130723
14.3,51,V14-105,-2120,No,No,141,0.0196078431372549
14.3,51,V14-105,-2120,No,Yes,141,0.1843137254901961
14.3,51,V14-105,-2120,Yes,No,141,0.5803921568627451
14.3,51,V14-105,-2120,Yes,Yes,141,0.2117647058823529
14.4,-21.15,V22-202,-4310,No,No,216,0.1625282167042889
14.4,-21.15,V22-202,-4310,No,Yes,216,0.002257336343115124
14.4,-21.15,V22-202,-4310,Yes,No,216,0.6433408577878104
14.4,-21.15,V22-202,-4310,Yes,Yes,216,0.18961625282167044
14.45,-77.23,V21-222,-4060,No,No,210,0.04938271604938272
14.45,-77.23,V21-222,-4060,No,Yes,210,0.00411522633744856
14.45,-77.23,V21-222,-4060,Yes,No,210,0.3991769547325103
14.45,-77.23,V21-222,-4060,Yes,Yes,210,0.522633744855967
14.695,-77.17,RC13-159,-4027,No,No,92,0.013440860215053765
14.695,-77.17,RC13-159,-4027,No,Yes,92,0.03494623655913978
14.695,-77.17,RC13-159,-4027,Yes,No,92,0.20161290322580644
14.695,-77.17,RC13-159,-4027,Yes,Yes,92,0.7258064516129032
14.763,70.058,RC17-121,-3481,No,No,107,0.07258064516129031
14.763,70.058,RC17-121,-3481,No,Yes,107,0.056451612903225805
14.763,70.058,RC17-121,-3481,Yes,No,107,0.5403225806451614
14.763,70.058,RC17-121,-3481,Yes,Yes,107,0.3064516129032258
14.933,-73.92,V28-111,-4010,No,No,296,0.05714285714285714
14.933,-73.92,V28-111,-4010,No,Yes,296,0.004081632653061225
14.933,-73.92,V28-111,-4010,Yes,No,296,0.3224489795918367
14.933,-73.92,V28-111,-4010,Yes,Yes,296,0.6081632653061224
15.017,-23.23,V22-204,-1723,No,No,217,0.06720430107526881
15.017,-23.23,V22-204,-1723,No,Yes,217,0.08602150537634409
15.017,-23.23,V22-204,-1723,Yes,No,217,0.25268817204301075
15.017,-23.23,V22-204,-1723,Yes,Yes,217,0.5913978494623655
15.483,-40.52,V14-4,-4473,No,No,145,0.023178807947019868
15.483,-40.52,V14-4,-4473,No,Yes,145,0.016556291390728478
15.483,-40.52,V14-4,-4473,Yes,No,145,0.11920529801324505
15.483,-40.52,V14-4,-4473,Yes,Yes,145,0.8112582781456954
15.617,-71.67,RC13-150,-3788,No,No,88,0.022653721682847898
15.617,-71.67,RC13-150,-3788,No,Yes,88,0.00970873786407767
15.617,-71.67,RC13-150,-3788,Yes,No,88,0.2168284789644013
15.617,-71.67,RC13-150,-3788,Yes,Yes,88,0.7475728155339806
15.857,-74.79,RC13-151,-2792,No,No,89,0.02616279069767442
15.857,-74.79,RC13-151,-2792,No,Yes,89,0.026162790697674417
15.857,-74.79,RC13-151,-2792,Yes,No,89,0.25872093023255816
15.857,-74.79,RC13-151,-2792,Yes,Yes,89,0.6511627906976745
16.383,-17.92,V29-167,-2822,No,No,322,0.2522321428571429
16.383,-17.92,V29-167,-2822,No,Yes,322,0.17633928571428573
16.383,-17.92,V29-167,-2822,Yes,No,322,0.32812499999999994
16.383,-17.92,V29-167,-2822,Yes,Yes,322,0.234375
16.533,-28.85,V27-172,-4938,No,No,269,0.10948905109489052
16.533,-28.85,V27-172,-4938,No,Yes,269,0.024330900243309
16.533,-28.85,V27-172,-4938,Yes,No,269,0.2554744525547445
16.533,-28.85,V27-172,-4938,Yes,Yes,269,0.583941605839416
16.567,-79.53,RC10-49,-1238,No,No,64.5,0.024751922401965474
16.567,-79.53,RC10-49,-1238,No,Yes,64.5,0.013073928719568615
16.567,-79.53,RC10-49,-1238,Yes,No,64.5,0.22372451421460707
16.567,-79.53,RC10-49,-1238,Yes,Yes,64.5,0.7357614626208481
17,-74.4,V12-122,-2800,No,No,133,0.0513595166163142
17,-74.4,V12-122,-2800,No,Yes,133,0.015105740181268881
17,-74.4,V12-122,-2800,Yes,No,133,0.1903323262839879
17,-74.4,V12-122,-2800,Yes,Yes,133,0.7371601208459215
17.033,-76.6,V28-119,-1781,No,No,299,0.032345013477088944
17.033,-76.6,V28-119,-1781,No,Yes,299,0.03504043126684636
17.033,-76.6,V28-119,-1781,Yes,No,299,0.18059299191374661
17.033,-76.6,V28-119,-1781,Yes,Yes,299,0.7142857142857143
17.033,-71.23,V26-125,-2210,No,No,247,0.03559870550161812
17.033,-71.23,V26-125,-2210,No,Yes,247,0.012944983818770227
17.033,-71.23,V26-125,-2210,Yes,No,247,0.19093851132686085
17.033,-71.23,V26-125,-2210,Yes,Yes,247,0.7572815533980584
17.2,-35.83,V23-105,-5009,No,No,224,0.056930693069306926
17.2,-35.83,V23-105,-5009,No,Yes,224,0.0049504950495049506
17.2,-35.83,V23-105,-5009,Yes,No,224,0.21782178217821782
17.2,-35.83,V23-105,-5009,Yes,Yes,224,0.6856435643564356
17.267,-48.42,V16-21,-3975,No,No,155,0.008310249307479225
17.267,-48.42,V16-21,-3975,No,Yes,155,0.024930747922437674
17.267,-48.42,V16-21,-3975,Yes,No,155,0.13573407202216067
17.267,-48.42,V16-21,-3975,Yes,Yes,155,0.8199445983379502
17.483,-40.67,V23-107,-5104,No,No,225,0.050925925925925916
17.483,-40.67,V23-107,-5104,No,Yes,225,0.02546296296296296
17.483,-40.67,V23-107,-5104,Yes,No,225,0.1736111111111111
17.483,-40.67,V23-107,-5104,Yes,Yes,225,0.7152777777777778
17.567,-63.57,V06-5,-190,No,No,121,0
17.567,-63.57,V06-5,-190,No,Yes,121,0.020253164556962026
17.567,-63.57,V06-5,-190,Yes,No,121,0.10379746835443038
17.567,-63.57,V06-5,-190,Yes,Yes,121,0.8734177215189872
17.883,58.083,RC09-163,-3005,No,No,56,0.023026315789473683
17.883,58.083,RC09-163,-3005,No,Yes,56,0.3848684210526315
17.883,58.083,RC09-163,-3005,Yes,No,56,0.3782894736842105
17.883,58.083,RC09-163,-3005,Yes,Yes,56,0.2105263157894737
19.193,66.29,RC17-114,-2967,No,No,105,0.025889967637540454
19.193,66.29,RC17-114,-2967,No,Yes,105,0.03559870550161812
19.193,66.29,RC17-114,-2967,Yes,No,105,0.4919093851132686
19.193,66.29,RC17-114,-2967,Yes,Yes,105,0.4401294498381877
19.4,-78.55,A179-6,-4731,No,No,18,0.032352941176470584
19.4,-78.55,A179-6,-4731,No,Yes,18,0.0029411764705882353
19.4,-78.55,A179-6,-4731,Yes,No,18,0.15294117647058825
19.4,-78.55,A179-6,-4731,Yes,Yes,18,0.7911764705882353
19.883,-25.53,V23-101,-4482,No,No,223,0.07988165680473372
19.883,-25.53,V23-101,-4482,No,Yes,223,0.029585798816568046
19.883,-25.53,V23-101,-4482,Yes,No,223,0.26627218934911245
19.883,-25.53,V23-101,-4482,Yes,Yes,223,0.5828402366863906
20.7,-31.45,V22-211,-4402,No,No,218,0.04419889502762431
20.7,-31.45,V22-211,-4402,No,Yes,218,0.011049723756906077
20.7,-31.45,V22-211,-4402,Yes,No,218,0.16574585635359115
20.7,-31.45,V22-211,-4402,Yes,Yes,218,0.7458563535911603
20.7332,-59.2,A181-9,-5215,No,No,26,0.05263157894736842
20.7332,-59.2,A181-9,-5215,No,Yes,26,0.002506265664160401
20.7332,-59.2,A181-9,-5215,Yes,No,26,0.06516290726817042
20.7332,-59.2,A181-9,-5215,Yes,Yes,26,0.8370927318295739
21.3,-69.67,RC10-22,-3832,No,No,62,0.007952286282306162
21.3,-69.67,RC10-22,-3832,No,Yes,62,0.033797216699801194
21.3,-69.67,RC10-22,-3832,Yes,No,62,0.15109343936381708
21.3,-69.67,RC10-22,-3832,Yes,Yes,62,0.7833001988071571
21.472,67.298,RC17-116,-2195,No,No,106,0.0033112582781456954
21.472,67.298,RC17-116,-2195,No,Yes,106,0.16556291390728478
21.472,67.298,RC17-116,-2195,Yes,No,106,0.413907284768212
21.472,67.298,RC17-116,-2195,Yes,Yes,106,0.4172185430463576
22.467,-20.07,V29-170,-4455,No,No,323,0.08385744234800838
22.467,-20.07,V29-170,-4455,No,Yes,323,0.031446540880503145
22.467,-20.07,V29-170,-4455,Yes,No,323,0.16352201257861634
22.467,-20.07,V29-170,-4455,Yes,Yes,323,0.6645702306079664
22.6,-72.6,V24-8,-4887,No,No,244,0.005128205128205128
22.6,-72.6,V24-8,-4887,No,Yes,244,0.020512820512820513
22.6,-72.6,V24-8,-4887,Yes,No,244,0.13846153846153847
22.6,-72.6,V24-8,-4887,Yes,Yes,244,0.7846153846153846
22.967,-38.2,V10-88,-4971,No,No,130,0.01603206412825651
22.967,-38.2,V10-88,-4971,No,Yes,130,0.002004008016032064
22.967,-38.2,V10-88,-4971,Yes,No,130,0.06212424849699399
22.967,-38.2,V10-88,-4971,Yes,Yes,130,0.8877755511022044
23.033,-43.8,V10-89,-3523,No,No,131,0.00974025974025974
23.033,-43.8,V10-89,-3523,No,Yes,131,0.08766233766233766
23.033,-43.8,V10-89,-3523,Yes,No,131,0.12337662337662338
23.033,-43.8,V10-89,-3523,Yes,Yes,131,0.7272727272727273
23.333,-46.48,V16-206,-3733,No,No,153,0.003194888178913738
23.333,-46.48,V16-206,-3733,No,Yes,153,0.07348242811501597
23.333,-46.48,V16-206,-3733,Yes,No,153,0.10862619808306709
23.333,-46.48,V16-206,-3733,Yes,Yes,153,0.8019169329073482
23.767,-92.47,V03-128,-3590,No,No,116,0.01488095238095238
23.767,-92.47,V03-128,-3590,No,Yes,116,0.020833333333333332
23.767,-92.47,V03-128,-3590,Yes,No,116,0.1875
23.767,-92.47,V03-128,-3590,Yes,Yes,116,0.6934523809523809
23.9333,-75.75,A179-13,-1847,No,No,14,0.002824858757062147
23.9333,-75.75,A179-13,-1847,No,Yes,14,0.09322033898305085
23.9333,-75.75,A179-13,-1847,Yes,No,14,0.10734463276836159
23.9333,-75.75,A179-13,-1847,Yes,Yes,14,0.7316384180790961
24.283,-53.07,V12-4,-5009,No,No,134,0.004158004158004158
24.283,-53.07,V12-4,-5009,No,Yes,134,0.010395010395010396
24.283,-53.07,V12-4,-5009,Yes,No,134,0.037422037422037424
24.283,-53.07,V12-4,-5009,Yes,Yes,134,0.9272349272349272
24.5,-16.95,KM1-41,-1530,No,No,40,0.3567251461988304
24.5,-16.95,KM1-41,-1530,No,Yes,40,0.13060428849902533
24.5,-16.95,KM1-41,-1530,Yes,No,40,0.22807017543859648
24.5,-16.95,KM1-41,-1530,Yes,Yes,40,0.24366471734892786
24.8,-75.9333,A179-15,-3109,No,No,15,0.002976190476190476
24.8,-75.9333,A179-15,-3109,No,Yes,15,0.12202380952380953
24.8,-75.9333,A179-15,-3109,Yes,No,15,0.13392857142857142
24.8,-75.9333,A179-15,-3109,Yes,Yes,15,0.7202380952380952
24.967,-28.933,V17-162,-5480,No,No,174,0.11864406779661016
24.967,-28.933,V17-162,-5480,No,Yes,174,0.006355932203389831
24.967,-28.933,V17-162,-5480,Yes,No,174,0.31355932203389825
24.967,-28.933,V17-162,-5480,Yes,Yes,174,0.5148305084745763
25.933,-26.58,V27-167,-5099,No,No,267,0.060126582278481014
25.933,-26.58,V27-167,-5099,No,Yes,267,0
25.933,-26.58,V27-167,-5099,Yes,No,267,0.25316455696202533
25.933,-26.58,V27-167,-5099,Yes,Yes,267,0.5221518987341772
26.783,-46.7,V25-24,-4563,No,No,245,0.012422360248447204
26.783,-46.7,V25-24,-4563,No,Yes,245,0.046583850931677016
26.783,-46.7,V25-24,-4563,Yes,No,245,0.11180124223602486
26.783,-46.7,V25-24,-4563,Yes,Yes,245,0.7919254658385092
27.917,-43.63,V22-219,-2582,No,No,219,0.04419889502762431
27.917,-43.63,V22-219,-2582,No,Yes,219,0.06353591160220995
27.917,-43.63,V22-219,-2582,Yes,No,219,0.1298342541436464
27.917,-43.63,V22-219,-2582,Yes,Yes,219,0.7016574585635358
27.967,-34.133,V17-163,-5132,No,No,175,0.018823529411764704
27.967,-34.133,V17-163,-5132,No,Yes,175,0.007058823529411765
27.967,-34.133,V17-163,-5132,Yes,No,175,0.12705882352941178
27.967,-34.133,V17-163,-5132,Yes,Yes,175,0.7694117647058825
28,-38.783,A153-154,-4020,No,No,2,0.033163265306122444
28,-38.783,A153-154,-4020,No,Yes,2,0.06377551020408163
28,-38.783,A153-154,-4020,Yes,No,2,0.211734693877551
28,-38.783,A153-154,-4020,Yes,Yes,2,0.6045918367346939
28.483,-65.05,V17-1,-5024,No,No,172,0.02653061224489796
28.483,-65.05,V17-1,-5024,No,Yes,172,0.012244897959183675
28.483,-65.05,V17-1,-5024,Yes,No,172,0.10204081632653061
28.483,-65.05,V17-1,-5024,Yes,Yes,172,0.7755102040816326
29.017,-41.4,V19-308,-3197,No,No,200,0.02505694760820046
29.017,-41.4,V19-308,-3197,No,Yes,200,0.04555808656036446
29.017,-41.4,V19-308,-3197,Yes,No,200,0.14123006833712984
29.017,-41.4,V19-308,-3197,Yes,Yes,200,0.7243735763097949
29.283,-79.92,V07-13,-452,No,No,122,0.009671179883945842
29.283,-79.92,V07-13,-452,No,Yes,122,0.02321083172147002
29.283,-79.92,V07-13,-452,Yes,No,122,0.37137330754352027
29.283,-79.92,V07-13,-452,Yes,Yes,122,0.5841392649903289
29.483,-19.62,V27-164,-4623,No,No,266,0.16615384615384615
29.483,-19.62,V27-164,-4623,No,Yes,266,0.01846153846153846
29.483,-19.62,V27-164,-4623,Yes,No,266,0.1076923076923077
29.483,-19.62,V27-164,-4623,Yes,Yes,266,0.68
29.617,-36.92,V17-164,-4433,No,No,176,0.04212860310421286
29.617,-36.92,V17-164,-4433,No,Yes,176,0.008869179600886918
29.617,-36.92,V17-164,-4433,Yes,No,176,0.2416851441241685
29.617,-36.92,V17-164,-4433,Yes,Yes,176,0.5920177383592017
29.7667,-76.8,A167-18TW,-1015,No,No,12,0.01639344262295082
29.7667,-76.8,A167-18TW,-1015,No,Yes,12,0.03278688524590164
29.7667,-76.8,A167-18TW,-1015,Yes,No,12,0.3737704918032787
29.7667,-76.8,A167-18TW,-1015,Yes,Yes,12,0.5377049180327869
29.8,-15.1,V23-96,-3471,No,No,242,0.07389162561576355
29.8,-15.1,V23-96,-3471,No,Yes,242,0.02463054187192118
29.8,-15.1,V23-96,-3471,Yes,No,242,0.14285714285714285
29.8,-15.1,V23-96,-3471,Yes,Yes,242,0.6921182266009853
30,-51.87,V16-209,-4673,No,No,154,0.04149377593360996
30,-51.87,V16-209,-4673,No,Yes,154,0.02697095435684647
30,-51.87,V16-209,-4673,Yes,No,154,0.14937759336099585
30,-51.87,V16-209,-4673,Yes,Yes,154,0.70124481327800825
30.7833,-67.6667,A179-20,-4993,No,No,16,0.0403022670025189
30.7833,-67.6667,A179-20,-4993,No,Yes,16,0.14105793450881612
30.7833,-67.6667,A179-20,-4993,Yes,No,16,0.1234256926952141
30.7833,-67.6667,A179-20,-4993,Yes,Yes,16,0.5894206549118388
31.383,-11.62,V10-80,-2550,No,No,129,0.1451292246520875
31.383,-11.62,V10-80,-2550,No,Yes,129,0.15308151093439362
31.383,-11.62,V10-80,-2550,Yes,No,129,0.13320079522862824
31.383,-11.62,V10-80,-2550,Yes,Yes,129,0.510934393638171
31.433,-64.17,V10-98,-4299,No,No,132,0.09418282548476455
31.433,-64.17,V10-98,-4299,No,Yes,132,0.09418282548476455
31.433,-64.17,V10-98,-4299,Yes,No,132,0.260387811634349
31.433,-64.17,V10-98,-4299,Yes,Yes,132,0.48199445983379496
31.65,-75.35,A167-13,-2880,No,No,11,0.03785900783289817
31.65,-75.35,A167-13,-2880,No,Yes,11,0.030026109660574413
31.65,-75.35,A167-13,-2880,Yes,No,11,0.16710182767624024
31.65,-75.35,A167-13,-2880,Yes,Yes,11,0.6566579634464752
31.8333,-74.35,A167-12,-4700,No,No,10,0.08235294117647059
31.8333,-74.35,A167-12,-4700,No,Yes,10,0.06666666666666667
31.8333,-74.35,A167-12,-4700,Yes,No,10,0.2647058823529412
31.8333,-74.35,A167-12,-4700,Yes,Yes,10,0.4686274509803921
32.217,-64.72,V05-40,-1953,No,No,120,0.056818181818181816
32.217,-64.72,V05-40,-1953,No,Yes,120,0.10227272727272728
32.217,-64.72,V05-40,-1953,Yes,No,120,0.11931818181818182
32.217,-64.72,V05-40,-1953,Yes,Yes,120,0.6505681818181819
32.283,-65.12,V05-31,-1597,No,No,119,0.048387096774193554
32.283,-65.12,V05-31,-1597,No,Yes,119,0.04838709677419355
32.283,-65.12,V05-31,-1597,Yes,No,119,0.19032258064516128
32.283,-65.12,V05-31,-1597,Yes,Yes,119,0.6129032258064514
32.6,-69.5,V05-1,-5323,No,No,118,0.10249307479224376
32.6,-69.5,V05-1,-5323,No,Yes,118,0.18559556786703602
32.6,-69.5,V05-1,-5323,Yes,No,118,0.2742382271468144
32.6,-69.5,V05-1,-5323,Yes,Yes,118,0.3628808864265928
32.65,-52.3,V22-230,-5048,No,No,220,0.43803418803418803
32.65,-52.3,V22-230,-5048,No,Yes,220,0.07905982905982906
32.65,-52.3,V22-230,-5048,Yes,No,220,0.25
32.65,-52.3,V22-230,-5048,Yes,Yes,220,0.19444444444444448
33.3,-48.27,V19-310,-4607,No,No,201,0.08019639934533553
33.3,-48.27,V19-310,-4607,No,Yes,201,0.06873977086743045
33.3,-48.27,V19-310,-4607,Yes,No,201,0.33060556464811786
33.3,-48.27,V19-310,-4607,Yes,Yes,201,0.4402618657937807
33.333,-27.367,A180-20,-4040,No,No,20,0.10940919037199123
33.333,-27.367,A180-20,-4040,No,Yes,20,0.1422319474835886
33.333,-27.367,A180-20,-4040,Yes,No,20,0.19256017505470457
33.333,-27.367,A180-20,-4040,Yes,Yes,20,0.48577680525164113
34.2,-16.87,V27-162,-4281,No,No,265,0.13175675675675677
34.2,-16.87,V27-162,-4281,No,Yes,265,0.05067567567567568
34.2,-16.87,V27-162,-4281,Yes,No,265,0.20945945945945946
34.2,-16.87,V27-162,-4281,Yes,Yes,265,0.5337837837837838
34.667,-61.45,V07-67,-4308,No,No,125,0.1046228710462287
34.667,-61.45,V07-67,-4308,No,Yes,125,0.1362530413625304
34.667,-61.45,V07-67,-4308,Yes,No,125,0.2360097323600973
34.667,-61.45,V07-67,-4308,Yes,Yes,125,0.38929440389294406
34.75,-57.25,V22-232,-4685,No,No,221,0.09873417721518987
34.75,-57.25,V22-232,-4685,No,Yes,221,0.017721518987341773
34.75,-57.25,V22-232,-4685,Yes,No,221,0.38987341772151896
34.75,-57.25,V22-232,-4685,Yes,Yes,221,0.3139240506329114
35.583,-43.9,V27-266,-4804,No,No,279,0.14936708860759496
35.583,-43.9,V27-266,-4804,No,Yes,279,0.06582278481012659
35.583,-43.9,V27-266,-4804,Yes,No,279,0.28354430379746837
35.583,-43.9,V27-266,-4804,Yes,Yes,279,0.41012658227848103
35.7167,-67.3333,A164-13,-5103,No,No,5,0.12844036697247707
35.7167,-67.3333,A164-13,-5103,No,Yes,5,0.24311926605504589
35.7167,-67.3333,A164-13,-5103,Yes,No,5,0.2821100917431193
35.7167,-67.3333,A164-13,-5103,Yes,Yes,5,0.30504587155963303
35.7667,-69.0833,A179-24,-4663,No,No,17,0.07427536231884058
35.7667,-69.0833,A179-24,-4663,No,Yes,17,0.057971014492753624
35.7667,-69.0833,A179-24,-4663,Yes,No,17,0.3967391304347826
35.7667,-69.0833,A179-24,-4663,Yes,Yes,17,0.4057971014492753
35.7833,-68.9333,A164-17,-4824,No,No,8,0.16795865633074936
35.7833,-68.9333,A164-17,-4824,No,Yes,8,0.17829457364341086
35.7833,-68.9333,A164-17,-4824,Yes,No,8,0.3023255813953488
35.7833,-68.9333,A164-17,-4824,Yes,Yes,8,0.289405684754522
36.1333,-68.9167,A164-15,-4624,No,No,6,0.1758241758241758
36.1333,-68.9167,A164-15,-4624,No,Yes,6,0.17857142857142858
36.1333,-68.9167,A164-15,-4624,Yes,No,6,0.37087912087912084
36.1333,-68.9167,A164-15,-4624,Yes,Yes,6,0.2445054945054945
36.15,-69.15,A164-16,-4624,No,No,7,0.09070294784580499
36.15,-69.15,A164-16,-4624,No,Yes,7,0.13378684807256236
36.15,-69.15,A164-16,-4624,Yes,No,7,0.2675736961451247
36.15,-69.15,A164-16,-4624,Yes,Yes,7,0.42857142857142855
36.2167,-69.4,A164-23,-4512,No,No,9,0.14903846153846154
36.2167,-69.4,A164-23,-4512,No,Yes,9,0.16105769230769232
36.2167,-69.4,A164-23,-4512,Yes,No,9,0.27884615384615385
36.2167,-69.4,A164-23,-4512,Yes,Yes,9,0.3485576923076923
36.8498,-21.017,V04-12,-4500,No,No,117,0.13009708737864079
36.8498,-21.017,V04-12,-4500,No,Yes,117,0.11262135922330098
36.8498,-21.017,V04-12,-4500,Yes,No,117,0.23106796116504855
36.8498,-21.017,V04-12,-4500,Yes,Yes,117,0.4446601941747572
36.9,-54.03,V07-53,-5427,No,No,124,0.15364583333333334
36.9,-54.03,V07-53,-5427,No,Yes,124,0.13541666666666666
36.9,-54.03,V07-53,-5427,Yes,No,124,0.5052083333333334
36.9,-54.03,V07-53,-5427,Yes,Yes,124,0.14062499999999997
37.65,-72.95,A167-1TW,-2706,No,No,13,0.423841059602649
37.65,-72.95,A167-1TW,-2706,No,Yes,13,0.03090507726269316
37.65,-72.95,A167-1TW,-2706,Yes,No,13,0.4746136865342163
37.65,-72.95,A167-1TW,-2706,Yes,Yes,13,0.06401766004415012
38.283,-68.53,V20-253,-4889,No,No,208,0.48537005163511193
38.283,-68.53,V20-253,-4889,No,Yes,208,0.0378657487091222
38.283,-68.53,V20-253,-4889,Yes,No,208,0.4199655765920826
38.283,-68.53,V20-253,-4889,Yes,Yes,208,0.05335628227194492
38.75,-67.55,V18-373,-4202,No,No,189,0.14049586776859505
38.75,-67.55,V18-373,-4202,No,Yes,189,0.01652892561983471
38.75,-67.55,V18-373,-4202,Yes,No,189,0.6391184573002755
38.75,-67.55,V18-373,-4202,Yes,Yes,189,0.1763085399449036
38.917,-57.13,V07-42,-5260,No,No,123,0.4428969359331476
38.917,-57.13,V07-42,-5260,No,Yes,123,0.016713091922005572
38.917,-57.13,V07-42,-5260,Yes,No,123,0.39275766016713093
38.917,-57.13,V07-42,-5260,Yes,Yes,123,0.116991643454039
39.1332,-42.65,A180-13,-4880,No,No,19,0.2778904665314401
39.1332,-42.65,A180-13,-4880,No,Yes,19,0.07302231237322515
39.1332,-42.65,A180-13,-4880,Yes,No,19,0.40973630831643
39.1332,-42.65,A180-13,-4880,Yes,Yes,19,0.16227180527383367
39.617,-13.55,V27-144,-4894,No,No,262,0.4391691394658753
39.617,-13.55,V27-144,-4894,No,Yes,262,0.18100890207715134
39.617,-13.55,V27-144,-4894,Yes,No,262,0.228486646884273
39.617,-13.55,V27-144,-4894,Yes,Yes,262,0.12759643916913946
39.717,-20.15,V27-143,-4932,No,No,261,0.2095959595959596
39.717,-20.15,V27-143,-4932,No,Yes,261,0.08838383838383838
39.717,-20.15,V27-143,-4932,Yes,No,261,0.2575757575757576
39.717,-20.15,V27-143,-4932,Yes,Yes,261,0.3838383838383838
40.55,-26,V29-176,-3064,No,No,324,0.25316455696202533
40.55,-26,V29-176,-3064,No,Yes,324,0.22784810126582278
40.55,-26,V29-176,-3064,Yes,No,324,0.20956399437412096
40.55,-26,V29-176,-3064,Yes,Yes,324,0.25035161744022505
40.767,-64.6,V07-68,-4133,No,No,126,0.5606796116504854
40.767,-64.6,V07-68,-4133,No,Yes,126,0.014563106796116505
40.767,-64.6,V07-68,-4133,Yes,No,126,0.38349514563106796
40.767,-64.6,V07-68,-4133,Yes,Yes,126,0.038834951456310676
41.517,-45.13,V23-13,-4845,No,No,226,0.2556390977443609
41.517,-45.13,V23-13,-4845,No,Yes,226,0.14285714285714285
41.517,-45.13,V23-13,-4845,Yes,No,226,0.362781954887218
41.517,-45.13,V23-13,-4845,Yes,Yes,226,0.21804511278195488
41.533,-25.72,V29-177,-3391,No,No,325,0.21256038647342992
41.533,-25.72,V29-177,-3391,No,Yes,325,0.25120772946859904
41.533,-25.72,V29-177,-3391,Yes,No,325,0.23671497584541062
41.533,-25.72,V29-177,-3391,Yes,Yes,325,0.19323671497584538
42.267,-60.5,V27-10,-3895,No,No,253,0.5587301587301587
42.267,-60.5,V27-10,-3895,No,Yes,253,0.13015873015873017
42.267,-60.5,V27-10,-3895,Yes,No,253,0.2952380952380952
42.267,-60.5,V27-10,-3895,Yes,Yes,253,0.009523809523809525
42.467,-54.9,V02-9,-4702,No,No,115,0.6217494089834515
42.467,-54.9,V02-9,-4702,No,Yes,115,0.06619385342789598
42.467,-54.9,V02-9,-4702,Yes,No,115,0.27186761229314427
42.467,-54.9,V02-9,-4702,Yes,Yes,115,0.035460992907801414
42.7,-17.07,V27-137,-4883,No,No,260,0.3984168865435356
42.7,-17.07,V27-137,-4883,No,Yes,260,0.06860158311345647
42.7,-17.07,V27-137,-4883,Yes,No,260,0.32453825857519786
42.7,-17.07,V27-137,-4883,Yes,Yes,260,0.14775725593667546
42.75,-43.23,V27-15,-4856,No,No,263,0.4010416666666667
42.75,-43.23,V27-15,-4856,No,Yes,263,0.1953125
42.75,-43.23,V27-15,-4856,Yes,No,263,0.24218749999999997
42.75,-43.23,V27-15,-4856,Yes,Yes,263,0.13541666666666669
42.85,-25.15,V29-178,-3448,No,No,326,0.24813432835820895
42.85,-25.15,V29-178,-3448,No,Yes,326,0.2052238805970149
42.85,-25.15,V29-178,-3448,Yes,No,326,0.22761194029850745
42.85,-25.15,V29-178,-3448,Yes,Yes,326,0.24067164179104475
43.8,-14.68,V27-126,-5201,No,No,259,0.42180094786729855
43.8,-14.68,V27-126,-5201,No,Yes,259,0.004739336492890996
43.8,-14.68,V27-126,-5201,Yes,No,259,0.3696682464454976
43.8,-14.68,V27-126,-5201,Yes,Yes,259,0.17535545023696683
44.017,-24.53,V29-179,-3331,No,No,327,0.2986348122866894
44.017,-24.53,V29-179,-3331,No,Yes,327,0.2508532423208191
44.017,-24.53,V29-179,-3331,Yes,No,327,0.19965870307167233
44.017,-24.53,V29-179,-3331,Yes,Yes,327,0.1621160409556314
44.167,-39.87,V27-16,-4797,No,No,264,0.3482352941176471
44.167,-39.87,V27-16,-4797,No,Yes,264,0.10823529411764705
44.167,-39.87,V27-16,-4797,Yes,No,264,0.41647058823529415
44.167,-39.87,V27-16,-4797,Yes,Yes,264,0.09647058823529411
44.2,-14.9,RC09-212,-5083,No,No,57,0.507592190889371
44.2,-14.9,RC09-212,-5083,No,Yes,57,0.04338394793926247
44.2,-14.9,RC09-212,-5083,Yes,No,57,0.20607375271149675
44.2,-14.9,RC09-212,-5083,Yes,Yes,57,0.21691973969631237
44.3498,-30.267,A152-84,-2750,No,No,1,0.3197424892703863
44.3498,-30.267,A152-84,-2750,No,Yes,1,0.1609442060085837
44.3498,-30.267,A152-84,-2750,Yes,No,1,0.22961373390557938
44.3498,-30.267,A152-84,-2750,Yes,Yes,1,0.2532188841201717
45.1,-10.57,RC09-222,-4903,No,No,58,0.4263803680981595
45.1,-10.57,RC09-222,-4903,No,Yes,58,0.07668711656441718
45.1,-10.57,RC09-222,-4903,Yes,No,58,0.2668711656441718
45.1,-10.57,RC09-222,-4903,Yes,Yes,58,0.2177914110429448
45.3,-23.87,V29-180,-3179,No,No,328,0.3511659807956104
45.3,-23.87,V29-180,-3179,No,Yes,328,0.2167352537722908
45.3,-23.87,V29-180,-3179,Yes,No,328,0.2167352537722908
45.3,-23.87,V29-180,-3179,Yes,Yes,328,0.15363511659807955
46,-45.05,V23-16,-2813,No,No,227,0.38035264483627207
46,-45.05,V23-16,-2813,No,Yes,227,0.5163727959697733
46,-45.05,V23-16,-2813,Yes,No,227,0.07052896725440806
46,-45.05,V23-16,-2813,Yes,Yes,227,0.03022670025188917
46,-16.92,V23-84,-4513,No,No,241,0.3805970149253732
46,-16.92,V23-84,-4513,No,Yes,241,0.15920398009950248
46,-16.92,V23-84,-4513,Yes,No,241,0.2711442786069652
46,-16.92,V23-84,-4513,Yes,Yes,241,0.12686567164179105
48.3,-16.97,V27-122,-4696,No,No,258,0.48140495867768596
48.3,-16.97,V27-122,-4696,No,Yes,258,0.14256198347107438
48.3,-16.97,V27-122,-4696,Yes,No,258,0.29958677685950413
48.3,-16.97,V27-122,-4696,Yes,Yes,258,0.03305785123966942
49.133,-25.5,V29-183,-3643,No,No,329,0.4451476793248945
49.133,-25.5,V29-183,-3643,No,Yes,329,0.2320675105485232
49.133,-25.5,V29-183,-3643,Yes,No,329,0.2742616033755274
49.133,-25.5,V29-183,-3643,Yes,Yes,329,0.03164556962025316
49.133,-25.5,V29-184,-3645,No,No,330,0.4388349514563107
49.133,-25.5,V29-184,-3645,No,Yes,330,0.22330097087378642
49.133,-25.5,V29-184,-3645,Yes,No,330,0.2757281553398058
49.133,-25.5,V29-184,-3645,Yes,Yes,330,0.05436893203883495
49.867,-24.25,V23-83,-3871,No,No,240,0.44215938303341906
49.867,-24.25,V23-83,-3871,No,Yes,240,0.22879177377892032
49.867,-24.25,V23-83,-3871,Yes,No,240,0.3161953727506427
49.867,-24.25,V23-83,-3871,Yes,Yes,240,0.010282776349614395
50.1,-37.3,V27-17,-2165,No,No,268,0.34671532846715325
50.1,-37.3,V27-17,-2165,No,Yes,268,0.4744525547445256
50.1,-37.3,V27-17,-2165,Yes,No,268,0.1386861313868613
50.1,-37.3,V27-17,-2165,Yes,Yes,268,0.040145985401459854
50.9332,-41.75,A157-3,-4025,No,No,4,0.47832369942196534
50.9332,-41.75,A157-3,-4025,No,Yes,4,0.22254335260115607
50.9332,-41.75,A157-3,-4025,Yes,No,4,0.26734104046242774
50.9332,-41.75,A157-3,-4025,Yes,Yes,4,0.013005780346820808
52.367,-17.53,V29-189,-4093,No,No,331,0.49777777777777776
52.367,-17.53,V29-189,-4093,No,Yes,331,0.21629629629629632
52.367,-17.53,V29-189,-4093,Yes,No,331,0.242962962962963
52.367,-17.53,V29-189,-4093,Yes,Yes,331,0.03259259259259259
52.583,-21.93,V23-82,-3974,No,No,239,0.5245202558635395
52.583,-21.93,V23-82,-3974,No,Yes,239,0.2025586353944563
52.583,-21.93,V23-82,-3974,Yes,No,239,0.26439232409381663
52.583,-21.93,V23-82,-3974,Yes,Yes,239,0.006396588486140725
52.667,-15.17,V29-190,-1458,No,No,332,0.472877358490566
52.667,-15.17,V29-190,-1458,No,Yes,332,0.27240566037735847
52.667,-15.17,V29-190,-1458,Yes,No,332,0.22169811320754718
52.667,-15.17,V29-190,-1458,Yes,Yes,332,0.023584905660377357
53.867,-21.1328,SP009-003,-2743,No,No,113,0.562396006655574
53.867,-21.1328,SP009-003,-2743,No,Yes,113,0.2279534109816972
53.867,-21.1328,SP009-003,-2743,Yes,No,113,0.19633943427620631
53.867,-21.1328,SP009-003,-2743,Yes,Yes,113,0.0033277870216306157
54,-46.2,V27-20,-3510,No,No,270,0.3893805309734513
54,-46.2,V27-20,-3510,No,Yes,270,0.5221238938053098
54,-46.2,V27-20,-3510,Yes,No,270,0.07964601769911504
54,-46.2,V27-20,-3510,Yes,Yes,270,0.008849557522123894
54.033,-46.87,V27-21,-3636,No,No,271,0.4128878281622912
54.033,-46.87,V27-21,-3636,No,Yes,271,0.5393794749403341
54.033,-46.87,V27-21,-3636,Yes,No,271,0.045346062052505964
54.033,-46.87,V27-21,-3636,Yes,Yes,271,0.002386634844868735
54.2,-45.97,V23-22,-3669,No,No,228,0.32608695652173914
54.2,-45.97,V23-22,-3669,No,Yes,228,0.6391304347826087
54.2,-45.97,V23-22,-3669,Yes,No,228,0.03260869565217391
54.2,-45.97,V23-22,-3669,Yes,Yes,228,0.002173913043478261
54.25,-16.83,V23-81,-2393,No,No,238,0.49202733485193617
54.25,-16.83,V23-81,-2393,No,Yes,238,0.2050113895216401
54.25,-16.83,V23-81,-2393,Yes,No,238,0.2824601366742597
54.25,-16.83,V23-81,-2393,Yes,Yes,238,0.015945330296127564
54.467,-50.8,V27-22,-3188,No,No,272,0.9452296819787985
54.467,-50.8,V27-22,-3188,No,Yes,272,0.054770318021201414
54.467,-50.8,V27-22,-3188,Yes,No,272,0
54.467,-50.8,V27-22,-3188,Yes,Yes,272,0
54.733,-53.12,V27-23,-830,No,No,273,0.9961832061068703
54.733,-53.12,V27-23,-830,No,Yes,273,0.003816793893129771
54.733,-53.12,V27-23,-830,Yes,No,273,0
54.733,-53.12,V27-23,-830,Yes,Yes,273,0
54.983,-15.4,RC09-225,-2334,No,No,59,0.44126984126984126
54.983,-15.4,RC09-225,-2334,No,Yes,59,0.26031746031746034
54.983,-15.4,RC09-225,-2334,Yes,No,59,0.28253968253968254
54.983,-15.4,RC09-225,-2334,Yes,Yes,59,0.012698412698412698
55.05,-33.07,V27-114,-2532,No,No,257,0.36553524804177545
55.05,-33.07,V27-114,-2532,No,Yes,257,0.3785900783289817
55.05,-33.07,V27-114,-2532,Yes,No,257,0.2558746736292428
55.05,-33.07,V27-114,-2532,Yes,Yes,257,0
55.4,-18.73,V29-193,-1326,No,No,333,0.5023474178403755
55.4,-18.73,V29-193,-1326,No,Yes,333,0.3039906103286385
55.4,-18.73,V29-193,-1326,Yes,No,333,0.176056338028169
55.4,-18.73,V29-193,-1326,Yes,Yes,333,0.008215962441314555
55.967,-56.07,V27-24,-2628,No,No,275,1
55.967,-56.07,V27-24,-2628,No,Yes,275,0
55.967,-56.07,V27-24,-2628,Yes,No,275,0
55.967,-56.07,V27-24,-2628,Yes,Yes,275,0
56.067,-24.08,V27-111,-2809,No,No,256,0.656786271450858
56.067,-24.08,V27-111,-2809,No,Yes,256,0.1357254290171607
56.067,-24.08,V27-111,-2809,Yes,No,256,0.1996879875195008
56.067,-24.08,V27-111,-2809,Yes,Yes,256,0.0062402496099844
56.733,-54.7,V27-25,-3146,No,No,277,0.9878048780487805
56.733,-54.7,V27-25,-3146,No,Yes,277,0.012195121951219513
56.733,-54.7,V27-25,-3146,Yes,No,277,0
56.733,-54.7,V27-25,-3146,Yes,Yes,277,0
57,-21.32,V29-194,-2085,No,No,334,0.44311377245508987
57,-21.32,V29-194,-2085,No,Yes,334,0.3053892215568862
57,-21.32,V29-194,-2085,Yes,No,334,0.2440119760479042
57,-21.32,V29-194,-2085,Yes,Yes,334,0.0074850299401197605
58.183,-44.62,V27-28,-2308,No,No,280,0.873589164785553
58.183,-44.62,V27-28,-2308,No,Yes,280,0.12189616252821671
58.183,-44.62,V27-28,-2308,Yes,No,280,0.002257336343115124
58.183,-44.62,V27-28,-2308,Yes,Yes,280,0.002257336343115124
58.367,-47.733,V17-192,-3160,No,No,177,0.9822784810126582
58.367,-47.733,V17-192,-3160,No,Yes,177,0.010126582278481013
58.367,-47.733,V17-192,-3160,Yes,No,177,0.002531645569620253
58.367,-47.733,V17-192,-3160,Yes,Yes,177,0.005063291139240506
58.733,-15.57,V29-198,-1139,No,No,335,0.44884488448844884
58.733,-15.57,V29-198,-1139,No,Yes,335,0.31683168316831684
58.733,-15.57,V29-198,-1139,Yes,No,335,0.23102310231023104
58.733,-15.57,V29-198,-1139,Yes,Yes,335,0.0016501650165016502
59.15,-41.07,V27-30,-2759,No,No,281,0.8054187192118226
59.15,-41.07,V27-30,-2759,No,Yes,281,0.17241379310344826
59.15,-41.07,V27-30,-2759,Yes,No,281,0.022167487684729065
59.15,-41.07,V27-30,-2759,Yes,Yes,281,0
59.6532,-22.77,RE009-7,-2468,No,No,112,0.4356435643564357
59.6532,-22.77,RE009-7,-2468,No,Yes,112,0.3341584158415842
59.6532,-22.77,RE009-7,-2468,Yes,No,112,0.22524752475247525
59.6532,-22.77,RE009-7,-2468,Yes,Yes,112,0.0049504950495049506
59.95,-32.85,V23-29,-2186,No,No,229,0.3908045977011494
59.95,-32.85,V23-29,-2186,No,Yes,229,0.5073891625615763
59.95,-32.85,V23-29,-2186,Yes,No,229,0.10016420361247948
59.95,-32.85,V23-29,-2186,Yes,Yes,229,0.0016420361247947454
59.95,-19.2,V29-200,-2650,No,No,336,0.38795180722891565
59.95,-19.2,V29-200,-2650,No,Yes,336,0.3204819277108434
59.95,-19.2,V29-200,-2650,Yes,No,336,0.28915662650602414
59.95,-19.2,V29-200,-2650,Yes,Yes,336,0.0024096385542168677
60.033,-50.83,V16-227,-3305,No,No,156,0.9876543209876544
60.033,-50.83,V16-227,-3305,No,Yes,156,0.0030864197530864196
60.033,-50.83,V16-227,-3305,Yes,No,156,0.0030864197530864196
60.033,-50.83,V16-227,-3305,Yes,Yes,156,0.006172839506172839
60.383,-20.97,V29-202,-2658,No,No,337,0.4681528662420382
60.383,-20.97,V29-202,-2658,No,Yes,337,0.24522292993630573
60.383,-20.97,V29-202,-2658,Yes,No,337,0.2802547770700637
60.383,-20.97,V29-202,-2658,Yes,Yes,337,0.006369426751592357
60.65,-7.433,V27-98,-980,No,No,295,0.9289940828402368
60.65,-7.433,V27-98,-980,No,Yes,295,0.06153846153846154
60.65,-7.433,V27-98,-980,Yes,No,295,0.009467455621301775
60.65,-7.433,V27-98,-980,Yes,Yes,295,0
60.7033,-37.275,V27-32,-2953,No,No,282,0.5073529411764706
60.7033,-37.275,V27-32,-2953,No,Yes,282,0.4142156862745098
60.7033,-37.275,V27-32,-2953,Yes,No,282,0.0784313725490196
60.7033,-37.275,V27-32,-2953,Yes,Yes,282,0
60.733,-57.83,V17-196,-2818,No,No,178,0.9973684210526316
60.733,-57.83,V17-196,-2818,No,Yes,178,0.002631578947368421
60.733,-57.83,V17-196,-2818,Yes,No,178,0
60.733,-57.83,V17-196,-2818,Yes,Yes,178,0
60.8,-22.45,V29-203,-2085,No,No,338,0.48118279569892475
60.8,-22.45,V29-203,-2085,No,Yes,338,0.27956989247311825
60.8,-22.45,V29-203,-2085,Yes,No,338,0.228494623655914
60.8,-22.45,V29-203,-2085,Yes,Yes,338,0.010752688172043012
60.933,-17.57,V23-79,-2478,No,No,237,0.5743727598566308
60.933,-17.57,V23-79,-2478,No,Yes,237,0.02867383512544803
60.933,-17.57,V23-79,-2478,Yes,No,237,0.3951612903225806
60.933,-17.57,V23-79,-2478,Yes,Yes,237,0.0017921146953405018
61.183,-23.02,V29-204,-1849,No,No,339,0.44321329639889195
61.183,-23.02,V29-204,-1849,No,Yes,339,0.2853185595567867
61.183,-23.02,V29-204,-1849,Yes,No,339,0.27146814404432135
61.183,-23.02,V29-204,-1849,Yes,Yes,339,0
61.367,-11.5,V27-38,-1317,No,No,284,0.738544474393531
61.367,-11.5,V27-38,-1317,No,Yes,284,0.1752021563342318
61.367,-11.5,V27-38,-1317,Yes,No,284,0.08086253369272238
61.367,-11.5,V27-38,-1317,Yes,Yes,284,0.005390835579514825
61.55,-25.12,V29-205,-1450,No,No,340,0.38422391857506366
61.55,-25.12,V29-205,-1450,No,Yes,340,0.29770992366412213
61.55,-25.12,V29-205,-1450,Yes,No,340,0.31297709923664124
61.55,-25.12,V29-205,-1450,Yes,Yes,340,0.002544529262086514
61.917,-24.05,V29-223,-1555,No,No,349,0.43731778425655976
61.917,-24.05,V29-223,-1555,No,Yes,349,0.3323615160349854
61.917,-24.05,V29-223,-1555,Yes,No,349,0.20991253644314867
61.917,-24.05,V29-223,-1555,Yes,Yes,349,0.020408163265306124
61.933,-33.27,V27-33,-2946,No,No,283,0.5779569892473118
61.933,-33.27,V27-33,-2946,No,Yes,283,0.3629032258064516
61.933,-33.27,V27-33,-2946,Yes,No,283,0.05913978494623656
61.933,-33.27,V27-33,-2946,Yes,Yes,283,0
62.133,-14.2,V27-102,-1641,No,No,254,0.7848948374760993
62.133,-14.2,V27-102,-1641,No,Yes,254,0.11854684512428298
62.133,-14.2,V27-102,-1641,Yes,No,254,0.09273422562141492
62.133,-14.2,V27-102,-1641,Yes,Yes,254,0.0038240917782026767
62.667,-27.53,V23-38,-1426,No,No,230,0.40497737556561086
62.667,-27.53,V23-38,-1426,No,Yes,230,0.45927601809954754
62.667,-27.53,V23-38,-1426,Yes,No,230,0.11538461538461538
62.667,-27.53,V23-38,-1426,Yes,Yes,230,0.020361990950226245
62.85,-14.53,V29-222,-1694,No,No,348,0.4185393258426966
62.85,-14.53,V29-222,-1694,No,Yes,348,0.41853932584269665
62.85,-14.53,V29-222,-1694,Yes,No,348,0.1601123595505618
62.85,-14.53,V29-222,-1694,Yes,Yes,348,0.0028089887640449437
62.867,-17.93,V27-104,-1057,No,No,255,0.7535545023696683
62.867,-17.93,V27-104,-1057,No,Yes,255,0.03317535545023696
62.867,-17.93,V27-104,-1057,Yes,No,255,0.2037914691943128
62.867,-17.93,V27-104,-1057,Yes,Yes,255,0.009478672985781991
62.9,0.583,V28-33,-1170,No,No,309,0.9236276849642004
62.9,0.583,V28-33,-1170,No,Yes,309,0.03579952267303103
62.9,0.583,V28-33,-1170,Yes,No,309,0.0405727923627685
62.9,0.583,V28-33,-1170,Yes,Yes,309,0
63.45,-6.133,V27-40,-1652,No,No,285,0.5949656750572082
63.45,-6.133,V27-40,-1652,No,Yes,285,0.14645308924485126
63.45,-6.133,V27-40,-1652,Yes,No,285,0.23569794050343248
63.45,-6.133,V27-40,-1652,Yes,Yes,285,0.02288329519450801
63.4832,-0.0667,SP010-005,-2012,No,No,114,0.9422382671480145
63.4832,-0.0667,SP010-005,-2012,No,Yes,114,0.02888086642599278
63.4832,-0.0667,SP010-005,-2012,Yes,No,114,0.021660649819494587
63.4832,-0.0667,SP010-005,-2012,Yes,Yes,114,0.0036101083032490976
64.0833,-4.0167,V28-60,-3244,No,No,319,0.7840136054421769
64.0833,-4.0167,V28-60,-3244,No,Yes,319,0.20578231292517007
64.0833,-4.0167,V28-60,-3244,Yes,No,319,0.010204081632653062
64.0833,-4.0167,V28-60,-3244,Yes,Yes,319,0
64.833,-3.583,V28-34,-3217,No,No,310.5,0.8237927612401929
64.833,-3.583,V28-34,-3217,No,Yes,310.5,0.17322335307756323
64.833,-3.583,V28-34,-3217,Yes,No,310.5,0.002983885682243989
64.833,-3.583,V28-34,-3217,Yes,Yes,310.5,0
65.017,-6.217,V27-44,-2772,No,No,286,0.7871287128712872
65.017,-6.217,V27-44,-2772,No,Yes,286,0.2103960396039604
65.017,-6.217,V27-44,-2772,Yes,No,286,0.0024752475247524753
65.017,-6.217,V27-44,-2772,Yes,Yes,286,0
65.167,-0.067,V29-220,-2873,No,No,347,0.6595238095238095
65.167,-0.067,V29-220,-2873,No,Yes,347,0.3166666666666667
65.167,-0.067,V29-220,-2873,Yes,No,347,0.023809523809523808
65.167,-0.067,V29-220,-2873,Yes,Yes,347,0
65.6,-6.483,V29-209,-2698,No,No,341,0.6666666666666666
65.6,-6.483,V29-209,-2698,No,Yes,341,0.3333333333333333
65.6,-6.483,V29-209,-2698,Yes,No,341,0
65.6,-6.483,V29-209,-2698,Yes,Yes,341,0
66.733,-6.733,V29-210,-2460,No,No,342,0.6702127659574468
66.733,-6.733,V29-210,-2460,No,Yes,342,0.32978723404255317
66.733,-6.733,V29-210,-2460,Yes,No,342,0
66.733,-6.733,V29-210,-2460,Yes,Yes,342,0
67.683,0.233,V28-41,-3545,No,No,316.5,0.8103753585235067
67.683,0.233,V28-41,-3545,No,Yes,316.5,0.18302157376231448
67.683,0.233,V28-41,-3545,Yes,No,316.5,0.006603067714178825
67.683,0.233,V28-41,-3545,Yes,Yes,316.5,0
67.783,-6.667,V29-211,-2553,No,No,343,0.711864406779661
67.783,-6.667,V29-211,-2553,No,Yes,343,0.2864406779661017
67.783,-6.667,V29-211,-2553,Yes,No,343,0.001694915254237288
67.783,-6.667,V29-211,-2553,Yes,Yes,343,0
68.0333,0.0167,V23-59,-3083,No,No,231,0.630457933972311
68.0333,0.0167,V23-59,-3083,No,Yes,231,0.3567625133120341
68.0333,0.0167,V23-59,-3083,Yes,No,231,0.012779552715654953
68.0333,0.0167,V23-59,-3083,Yes,Yes,231,0
68.383,-5.417,V29-218,-3411,No,No,346,0.8577777777777778
68.383,-5.417,V29-218,-3411,No,Yes,346,0.13777777777777778
68.383,-5.417,V29-218,-3411,Yes,No,346,0.0044444444444444444
68.383,-5.417,V29-218,-3411,Yes,Yes,346,0
68.55,2.717,V23-73,-2970,No,No,236,0.7812097812097811
68.55,2.717,V23-73,-2970,No,Yes,236,0.1981981981981982
68.55,2.717,V23-73,-2970,Yes,No,236,0.02059202059202059
68.55,2.717,V23-73,-2970,Yes,Yes,236,0
68.717,-12.72,V28-36,-1816,No,No,312.5,0.9971405961918125
68.717,-12.72,V28-36,-1816,No,Yes,312.5,0.0028594038081874397
68.717,-12.72,V28-36,-1816,Yes,No,312.5,0
68.717,-12.72,V28-36,-1816,Yes,Yes,312.5,0
69.383,-4.4,V28-38,-3411,No,No,315,0.9624183006535947
69.383,-4.4,V28-38,-3411,No,Yes,315,0.03431372549019608
69.383,-4.4,V28-38,-3411,Yes,No,315,0.0032679738562091504
69.383,-4.4,V28-38,-3411,Yes,Yes,315,0
70.05,8.317,V23-60,-2974,No,No,232,0.8359375
70.05,8.317,V23-60,-2974,No,Yes,232,0.15104166666666669
70.05,8.317,V23-60,-2974,Yes,No,232,0.013020833333333332
70.05,8.317,V23-60,-2974,Yes,Yes,232,0
70.983,6.683,V23-70,-3047,No,No,235,0.9712460063897763
70.983,6.683,V23-70,-3047,No,Yes,235,0.02875399361022364
70.983,6.683,V23-70,-3047,Yes,No,235,0
70.983,6.683,V23-70,-3047,Yes,Yes,235,0
71.167,-1.617,V28-30,-2915,No,No,307.5,0.9386704835995717
71.167,-1.617,V28-30,-2915,No,Yes,307.5,0.05983697908699548
71.167,-1.617,V28-30,-2915,Yes,No,307.5,0.0014925373134328358
71.167,-1.617,V28-30,-2915,Yes,Yes,307.5,0
72.0667,-9.0667,V28-37,-2395,No,No,314,0.9958592132505175
72.0667,-9.0667,V28-37,-2395,No,Yes,314,0.004140786749482402
72.0667,-9.0667,V28-37,-2395,Yes,No,314,0
72.0667,-9.0667,V28-37,-2395,Yes,Yes,314,0
72.183,5.267,V28-29,-2547,No,No,305.5,0.7364874678600168
72.183,5.267,V28-29,-2547,No,Yes,305.5,0.2570688335394218
72.183,5.267,V28-29,-2547,Yes,No,305.5,0.006443698600561345
72.183,5.267,V28-29,-2547,Yes,Yes,305.5,0
72.433,-13.65,V28-22,-1284,No,No,302,0.9978678038379531
72.433,-13.65,V28-22,-1284,No,Yes,302,0.0021321961620469083
72.433,-13.65,V28-22,-1284,Yes,No,302,0
72.433,-13.65,V28-22,-1284,Yes,Yes,302,0
72.967,-6.983,V29-214,-2608,No,No,344,0.9907407407407407
72.967,-6.983,V29-214,-2608,No,Yes,344,0.009259259259259259
72.967,-6.983,V29-214,-2608,Yes,No,344,0
72.967,-6.983,V29-214,-2608,Yes,Yes,344,0
73.483,-0.833,V28-28,-2288,No,No,303.5,0.997626582278481
73.483,-0.833,V28-28,-2288,No,Yes,303.5,0
73.483,-0.833,V28-28,-2288,Yes,No,303.5,7.911392405063291e-4
73.483,-0.833,V28-28,-2288,Yes,Yes,303.5,0.0015822784810126582
73.533,2.667,V27-58,-2754,No,No,288,0.9860031104199066
73.533,2.667,V27-58,-2754,No,Yes,288,0.013996889580093312
73.533,2.667,V27-58,-2754,Yes,No,288,0
73.533,2.667,V27-58,-2754,Yes,Yes,288,0
74.483,11.667,V28-49,-2327,No,No,318,0.9797979797979798
74.483,11.667,V28-49,-2327,No,Yes,318,0.020202020202020204
74.483,11.667,V28-49,-2327,Yes,No,318,0
74.483,11.667,V28-49,-2327,Yes,Yes,318,0
75,-10.8,V27-82,-2895,No,No,294,0.9918864097363084
75,-10.8,V27-82,-2895,No,Yes,294,0.008113590263691683
75,-10.8,V27-82,-2895,Yes,No,294,0
75,-10.8,V27-82,-2895,Yes,Yes,294,0
75.933,-5.117,V29-215,-3139,No,No,345,0.9878419452887538
75.933,-5.117,V29-215,-3139,No,Yes,345,0.0121580547112462
75.933,-5.117,V29-215,-3139,Yes,No,345,0
75.933,-5.117,V29-215,-3139,Yes,Yes,345,0
76.167,-5.4,V27-56,-2736,No,No,287,0.9984871406959153
76.167,-5.4,V27-56,-2736,No,Yes,287,0.0015128593040847202
76.167,-5.4,V27-56,-2736,Yes,No,287,0
76.167,-5.4,V27-56,-2736,Yes,Yes,287,0
76.467,6.917,V27-74,-2778,No,No,291,0.9891696750902528
76.467,6.917,V27-74,-2778,No,Yes,291,0.010830324909747292
76.467,6.917,V27-74,-2778,Yes,No,291,0
76.467,6.917,V27-74,-2778,Yes,Yes,291,0
77.867,7.267,V23-64,-2529,No,No,234,1
77.867,7.267,V23-64,-2529,No,Yes,234,0
77.867,7.267,V23-64,-2529,Yes,No,234,0
77.867,7.267,V23-64,-2529,Yes,Yes,234,0
77.95,0.2,V23-63,-3050,No,No,233,0.9725363489499192
77.95,0.2,V23-63,-3050,No,Yes,233,0.02746365105008078
77.95,0.2,V23-63,-3050,Yes,No,233,0
77.95,0.2,V23-63,-3050,Yes,Yes,233,0
78.117,3.617,V27-79,-2308,No,No,292,0.9752475247524752
78.117,3.617,V27-79,-2308,No,Yes,292,0.024752475247524754
78.117,3.617,V27-79,-2308,Yes,No,292,0
78.117,3.617,V27-79,-2308,Yes,Yes,292,0
78.4,7.417,V27-80,-2915,No,No,293,0.9868421052631579
78.4,7.417,V27-80,-2915,No,Yes,293,0.013157894736842105
78.4,7.417,V27-80,-2915,Yes,No,293,0
78.4,7.417,V27-80,-2915,Yes,Yes,293,0
78.833,4.633,V27-71,-2439,No,No,290,0.9907550077041603
78.833,4.633,V27-71,-2439,No,Yes,290,0.009244992295839754
78.833,4.633,V27-71,-2439,Yes,No,290,0
78.833,4.633,V27-71,-2439,Yes,Yes,290,0
78.9,7.05,V27-70,-1300,No,No,289,1
78.9,7.05,V27-70,-1300,No,Yes,289,0
78.9,7.05,V27-70,-1300,Yes,No,289,0
78.9,7.05,V27-70,-1300,Yes,Yes,289,0
