Core,Coring device,Latitude,Longitude,Water depth (m),Ocean,Symbiosis,Spinose,Sample depth - upper (m),Absolute Abundance
80KB11,Piston,36.5,24.3,795,Mediterranean,No,No,0.89,176
80KB11,Piston,36.5,24.3,795,Mediterranean,No,Yes,0.89,58
80KB11,Piston,36.5,24.3,795,Mediterranean,Yes,No,0.89,31
80KB11,Piston,36.5,24.3,795,Mediterranean,Yes,Yes,0.89,2
A015558,,8.983333333,51.73333333,3985,,No,No,0.58,94
A015558,,8.983333333,51.73333333,3985,,No,Yes,0.58,40
A015558,,8.983333333,51.73333333,3985,,Yes,No,0.58,130
A015558,,8.983333333,51.73333333,3985,,Yes,Yes,0.58,37
BC15,Piston,41.95,5.93,2500,Mediterranean,No,No,0.9375,96
BC15,Piston,41.95,5.93,2500,Mediterranean,No,Yes,0.9375,91.6666666666667
BC15,Piston,41.95,5.93,2500,Mediterranean,Yes,No,0.9375,24.6666666666667
BC15,Piston,41.95,5.93,2500,Mediterranean,Yes,Yes,0.9375,1.33333333333333
BS79-22,Gravity,38.231,14.23,1449,Mediterranean,No,No,3.15,137.761904761905
BS79-22,Gravity,38.231,14.23,1449,Mediterranean,No,Yes,3.15,36.5714285714286
BS79-22,Gravity,38.231,14.23,1449,Mediterranean,Yes,No,3.15,73.7142857142857
BS79-22,Gravity,38.231,14.23,1449,Mediterranean,Yes,Yes,3.15,55.1904761904762
BS79-33,Gravity,38.157,14.018,1282,Mediterranean,No,No,3.55,144
BS79-33,Gravity,38.157,14.018,1282,Mediterranean,No,Yes,3.55,61.5384615384615
BS79-33,Gravity,38.157,14.018,1282,Mediterranean,Yes,No,3.55,64.1538461538462
BS79-33,Gravity,38.157,14.018,1282,Mediterranean,Yes,Yes,3.55,60.3846153846154
BS79-37,Gravity,38.215,13.269,1458,Mediterranean,No,No,2.44,174.666666666667
BS79-37,Gravity,38.215,13.269,1458,Mediterranean,No,Yes,2.44,103.666666666667
BS79-37,Gravity,38.215,13.269,1458,Mediterranean,Yes,No,2.44,110.666666666667
BS79-37,Gravity,38.215,13.269,1458,Mediterranean,Yes,Yes,2.44,38.3333333333333
BS79-38,Gravity,38.247,13.346,1489,Mediterranean,No,No,4.36770833333333,174.291666666667
BS79-38,Gravity,38.247,13.346,1489,Mediterranean,No,Yes,4.36770833333333,45
BS79-38,Gravity,38.247,13.346,1489,Mediterranean,Yes,No,4.36770833333333,73.75
BS79-38,Gravity,38.247,13.346,1489,Mediterranean,Yes,Yes,4.36770833333333,33.375
CHAT 1K,,-41.58333333,-171.5,3556,Pacific SW,No,No,45,38.515193889
CHAT 1K,,-41.58333333,-171.5,3556,Pacific SW,No,Yes,45,16.12922134
CHAT 1K,,-41.58333333,-171.5,3556,Pacific SW,Yes,No,45,35.6539360105
CHAT 1K,,-41.58333333,-171.5,3556,Pacific SW,Yes,Yes,45,3.8480862145
DED8707,Piston,39.41,13.34,2970,Mediterranean,No,No,1.155,81
DED8707,Piston,39.41,13.34,2970,Mediterranean,No,Yes,1.155,100.5
DED8707,Piston,39.41,13.34,2970,Mediterranean,Yes,No,1.155,40.5
DED8707,Piston,39.41,13.34,2970,Mediterranean,Yes,Yes,1.155,26
DGKS9603,Hydraulic piston core,28.148,127.271,1100,"Pacific, East China Sea",No,No,174.166666666667,8.41938226166667
DGKS9603,Hydraulic piston core,28.148,127.271,1100,"Pacific, East China Sea",No,Yes,174.166666666667,6.0476785405
DGKS9603,Hydraulic piston core,28.148,127.271,1100,"Pacific, East China Sea",Yes,No,174.166666666667,30.5239058525
DGKS9603,Hydraulic piston core,28.148,127.271,1100,"Pacific, East China Sea",Yes,Yes,174.166666666667,17.7597088981667
DGKS9603,,28.148,127.271,1100,"Pacific, East China Sea",No,No,198.1875,9.6960452429375
DGKS9603,,28.148,127.271,1100,"Pacific, East China Sea",No,Yes,198.1875,6.86106411675
DGKS9603,,28.148,127.271,1100,"Pacific, East China Sea",Yes,No,198.1875,29.630151748375
DGKS9603,,28.148,127.271,1100,"Pacific, East China Sea",Yes,Yes,198.1875,18.755316754375
DSDP site 594,,-45.5235,174.948,1204,,No,No,2.52,514
DSDP site 594,,-45.5235,174.948,1204,,No,Yes,2.52,3
DSDP site 594,,-45.5235,174.948,1204,,Yes,No,2.52,17
DSDP site 594,,-45.5235,174.948,1204,,Yes,Yes,2.52,0
E26-001,,-40.28333333,168.34,914,,No,No,0.61,141
E26-001,,-40.28333333,168.34,914,,No,Yes,0.61,105
E26-001,,-40.28333333,168.34,914,,Yes,No,0.61,69
E26-001,,-40.28333333,168.34,914,,Yes,Yes,0.61,3
E27-030,,-45.0667,147.2283,3552,,No,No,0.6,120
E27-030,,-45.0667,147.2283,3552,,No,Yes,0.6,120
E27-030,,-45.0667,147.2283,3552,,Yes,No,0.6,71
E27-030,,-45.0667,147.2283,3552,,Yes,Yes,0.6,5
E45-027,,-43.23333333,105.5833333,3779,,No,No,0.3,93
E45-027,,-43.23333333,105.5833333,3779,,No,Yes,0.3,157
E45-027,,-43.23333333,105.5833333,3779,,Yes,No,0.3,49
E45-027,,-43.23333333,105.5833333,3779,,Yes,Yes,0.3,0
E45-078,,-45.037,114.348,4031,,No,No,0.31,80
E45-078,,-45.037,114.348,4031,,No,Yes,0.31,155
E45-078,,-45.037,114.348,4031,,Yes,No,0.31,63
E45-078,,-45.037,114.348,4031,,Yes,Yes,0.31,2
E45-102,,-33.61666667,113.5833333,1980,,No,No,0.24,37
E45-102,,-33.61666667,113.5833333,1980,,No,Yes,0.24,37
E45-102,,-33.61666667,113.5833333,1980,,Yes,No,0.24,198
E45-102,,-33.61666667,113.5833333,1980,,Yes,Yes,0.24,42
E48-011,,-29.7,97.58333333,3462,,No,No,0.22,64
E48-011,,-29.7,97.58333333,3462,,No,Yes,0.22,27
E48-011,,-29.7,97.58333333,3462,,Yes,No,0.22,144
E48-011,,-29.7,97.58333333,3462,,Yes,Yes,0.22,66
E48-035,,-30.35333333,86.485,1800,,No,No,0.355,74
E48-035,,-30.35333333,86.485,1800,,No,Yes,0.355,50
E48-035,,-30.35333333,86.485,1800,,Yes,No,0.355,96
E48-035,,-30.35333333,86.485,1800,,Yes,Yes,0.355,90
E55-006,,-38.8533,141.0633,2346,,No,No,0.4,131
E55-006,,-38.8533,141.0633,2346,,No,Yes,0.4,71
E55-006,,-38.8533,141.0633,2346,,Yes,No,0.4,97
E55-006,,-38.8533,141.0633,2346,,Yes,Yes,0.4,20
FR1/94-GC03,,-44.2606,149.9963889,2667,,No,No,0.3,167
FR1/94-GC03,,-44.2606,149.9963889,2667,,No,Yes,0.3,169
FR1/94-GC03,,-44.2606,149.9963889,2667,,Yes,No,0.3,53
FR1/94-GC03,,-44.2606,149.9963889,2667,,Yes,Yes,0.3,4
GeoB1008-3,,-6.5823,10.3186,-3124,South Atlantic,No,No,2.405,89.5
GeoB1008-3,,-6.5823,10.3186,-3124,South Atlantic,No,Yes,2.405,143.4
GeoB1008-3,,-6.5823,10.3186,-3124,South Atlantic,Yes,No,2.405,122.9
GeoB1008-3,,-6.5823,10.3186,-3124,South Atlantic,Yes,Yes,2.405,100.8
GeoB1016-3,,-11.7705,11.6819,-3411,South Atlantic,No,No,0.796666666666667,100
GeoB1016-3,,-11.7705,11.6819,-3411,South Atlantic,No,Yes,0.796666666666667,75.6666666666667
GeoB1016-3,,-11.7705,11.6819,-3411,South Atlantic,Yes,No,0.796666666666667,165.666666666667
GeoB1016-3,,-11.7705,11.6819,-3411,South Atlantic,Yes,Yes,0.796666666666667,117
GeoB1028-5,,-20.104,9.1858,-2209,South Atlantic,No,No,0.98,274
GeoB1028-5,,-20.104,9.1858,-2209,South Atlantic,No,Yes,0.98,162
GeoB1028-5,,-20.104,9.1858,-2209,South Atlantic,Yes,No,0.98,90.5
GeoB1028-5,,-20.104,9.1858,-2209,South Atlantic,Yes,Yes,0.98,22.5
GeoB1031-4,,-21.88,7.1017,-3105,South Atlantic,No,No,0.305,198.5
GeoB1031-4,,-21.88,7.1017,-3105,South Atlantic,No,Yes,0.305,89
GeoB1031-4,,-21.88,7.1017,-3105,South Atlantic,Yes,No,0.305,120
GeoB1031-4,,-21.88,7.1017,-3105,South Atlantic,Yes,Yes,0.305,55.5
GeoB1032-3,,-22.915,6.0367,-2505,South Atlantic,No,No,0.405,217
GeoB1032-3,,-22.915,6.0367,-2505,South Atlantic,No,Yes,0.405,74.5
GeoB1032-3,,-22.915,6.0367,-2505,South Atlantic,Yes,No,0.405,121
GeoB1032-3,,-22.915,6.0367,-2505,South Atlantic,Yes,Yes,0.405,81
GeoB1034-3,,-21.735,5.4217,-3772,South Atlantic,No,No,0.23,280
GeoB1034-3,,-21.735,5.4217,-3772,South Atlantic,No,Yes,0.23,136
GeoB1034-3,,-21.735,5.4217,-3772,South Atlantic,Yes,No,0.23,216
GeoB1034-3,,-21.735,5.4217,-3772,South Atlantic,Yes,Yes,0.23,125
GeoB1041-3,,-3.475,-7.6,-4033,South Atlantic,No,No,0.555,86
GeoB1041-3,,-3.475,-7.6,-4033,South Atlantic,No,Yes,0.555,74
GeoB1041-3,,-3.475,-7.6,-4033,South Atlantic,Yes,No,0.555,215.5
GeoB1041-3,,-3.475,-7.6,-4033,South Atlantic,Yes,Yes,0.555,79.5
GeoB1101-5,,1.6583,-10.98,-4588,South Atlantic,No,No,0.355,95
GeoB1101-5,,1.6583,-10.98,-4588,South Atlantic,No,Yes,0.355,14.5
GeoB1101-5,,1.6583,-10.98,-4588,South Atlantic,Yes,No,0.355,323.5
GeoB1101-5,,1.6583,-10.98,-4588,South Atlantic,Yes,Yes,0.355,153.5
GeoB1105-4,,-1.665,-12.4283,-3225,South Atlantic,No,No,0.78,96
GeoB1105-4,,-1.665,-12.4283,-3225,South Atlantic,No,Yes,0.78,94
GeoB1105-4,,-1.665,-12.4283,-3225,South Atlantic,Yes,No,0.78,190
GeoB1105-4,,-1.665,-12.4283,-3225,South Atlantic,Yes,Yes,0.78,103
GeoB1112-4,,-5.7783,-10.75,-3125,South Atlantic,No,No,0.53,96
GeoB1112-4,,-5.7783,-10.75,-3125,South Atlantic,No,Yes,0.53,81.5
GeoB1112-4,,-5.7783,-10.75,-3125,South Atlantic,Yes,No,0.53,187
GeoB1112-4,,-5.7783,-10.75,-3125,South Atlantic,Yes,Yes,0.53,200.5
GeoB1115-4,,-3.5583,-12.58,-2921,South Atlantic,No,No,0.655,79.5
GeoB1115-4,,-3.5583,-12.58,-2921,South Atlantic,No,Yes,0.655,125
GeoB1115-4,,-3.5583,-12.58,-2921,South Atlantic,Yes,No,0.655,259.5
GeoB1115-4,,-3.5583,-12.58,-2921,South Atlantic,Yes,Yes,0.655,179.5
GeoB1117-2,,-3.815,-14.8967,-3984,South Atlantic,No,No,0.58,93.3333333333333
GeoB1117-2,,-3.815,-14.8967,-3984,South Atlantic,No,Yes,0.58,37.6666666666667
GeoB1117-2,,-3.815,-14.8967,-3984,South Atlantic,Yes,No,0.58,154
GeoB1117-2,,-3.815,-14.8967,-3984,South Atlantic,Yes,Yes,0.58,122.333333333333
GeoB1214-1,,-24.69,7.24,-3210,South Atlantic,No,No,0.255,277.5
GeoB1214-1,,-24.69,7.24,-3210,South Atlantic,No,Yes,0.255,131.5
GeoB1214-1,,-24.69,7.24,-3210,South Atlantic,Yes,No,0.255,154.5
GeoB1214-1,,-24.69,7.24,-3210,South Atlantic,Yes,Yes,0.255,90.5
GeoB1220-1,,-24.0333,5.3067,-2265,South Atlantic,No,No,0.355,164.5
GeoB1220-1,,-24.0333,5.3067,-2265,South Atlantic,No,Yes,0.355,66
GeoB1220-1,,-24.0333,5.3067,-2265,South Atlantic,Yes,No,0.355,71.5
GeoB1220-1,,-24.0333,5.3067,-2265,South Atlantic,Yes,Yes,0.355,65.5
GeoB1306-1,,-35.2067,-26.765,-4057,South Atlantic,No,No,0.19,480
GeoB1306-1,,-35.2067,-26.765,-4057,South Atlantic,No,Yes,0.19,102
GeoB1306-1,,-35.2067,-26.765,-4057,South Atlantic,Yes,No,0.19,103
GeoB1306-1,,-35.2067,-26.765,-4057,South Atlantic,Yes,Yes,0.19,35
GeoB1413-4,,-15.68,-9.455,-3789,South Atlantic,No,No,0.21,95
GeoB1413-4,,-15.68,-9.455,-3789,South Atlantic,No,Yes,0.21,55
GeoB1413-4,,-15.68,-9.455,-3789,South Atlantic,Yes,No,0.21,147.5
GeoB1413-4,,-15.68,-9.455,-3789,South Atlantic,Yes,Yes,0.21,236.5
GeoB1417-1,,-20.3667,-12.7067,-2845,South Atlantic,No,No,0.355,96.5
GeoB1417-1,,-20.3667,-12.7067,-2845,South Atlantic,No,Yes,0.355,124.5
GeoB1417-1,,-20.3667,-12.7067,-2845,South Atlantic,Yes,No,0.355,139.5
GeoB1417-1,,-20.3667,-12.7067,-2845,South Atlantic,Yes,Yes,0.355,327
GeoB1419-2,,-15.5367,-17.0683,-4024,South Atlantic,No,No,0.23,31
GeoB1419-2,,-15.5367,-17.0683,-4024,South Atlantic,No,Yes,0.23,85
GeoB1419-2,,-15.5367,-17.0683,-4024,South Atlantic,Yes,No,0.23,95
GeoB1419-2,,-15.5367,-17.0683,-4024,South Atlantic,Yes,Yes,0.23,391
GeoB1501-4,,-3.6783,-32.0067,-4257,South Atlantic,No,No,0.355,108.5
GeoB1501-4,,-3.6783,-32.0067,-4257,South Atlantic,No,Yes,0.355,9.5
GeoB1501-4,,-3.6783,-32.0067,-4257,South Atlantic,Yes,No,0.355,96.5
GeoB1501-4,,-3.6783,-32.0067,-4257,South Atlantic,Yes,Yes,0.355,389
GeoB1503-1,,2.3117,-30.6467,-2306,South Atlantic,No,No,0.305,136.5
GeoB1503-1,,2.3117,-30.6467,-2306,South Atlantic,No,Yes,0.305,47
GeoB1503-1,,2.3117,-30.6467,-2306,South Atlantic,Yes,No,0.305,229.5
GeoB1503-1,,2.3117,-30.6467,-2306,South Atlantic,Yes,Yes,0.305,324
GeoB1505-1,,2.27,-33.01,-3705,South Atlantic,No,No,0.505,146.5
GeoB1505-1,,2.27,-33.01,-3705,South Atlantic,No,Yes,0.505,26.5
GeoB1505-1,,2.27,-33.01,-3705,South Atlantic,Yes,No,0.505,199.5
GeoB1505-1,,2.27,-33.01,-3705,South Atlantic,Yes,Yes,0.505,414
GeoB1508-4,,5.3333,-34.025,-3682,South Atlantic,No,No,0.28,49
GeoB1508-4,,5.3333,-34.025,-3682,South Atlantic,No,Yes,0.28,1
GeoB1508-4,,5.3333,-34.025,-3682,South Atlantic,Yes,No,0.28,97
GeoB1508-4,,5.3333,-34.025,-3682,South Atlantic,Yes,Yes,0.28,417
GeoB1515-1,,4.2383,-43.6667,-3129,South Atlantic,No,No,0.48,63
GeoB1515-1,,4.2383,-43.6667,-3129,South Atlantic,No,Yes,0.48,6
GeoB1515-1,,4.2383,-43.6667,-3129,South Atlantic,Yes,No,0.48,91
GeoB1515-1,,4.2383,-43.6667,-3129,South Atlantic,Yes,Yes,0.48,373
GeoB1701-4,,1.95,3.5517,-4162,South Atlantic,No,No,1.08,82.2
GeoB1701-4,,1.95,3.5517,-4162,South Atlantic,No,Yes,1.08,18.8
GeoB1701-4,,1.95,3.5517,-4162,South Atlantic,Yes,No,1.08,288.2
GeoB1701-4,,1.95,3.5517,-4162,South Atlantic,Yes,Yes,1.08,269.6
GeoB1722-1,,-29.45,11.75,-3973,South Atlantic,No,No,0.255,324
GeoB1722-1,,-29.45,11.75,-3973,South Atlantic,No,Yes,0.255,62
GeoB1722-1,,-29.45,11.75,-3973,South Atlantic,Yes,No,0.255,136.5
GeoB1722-1,,-29.45,11.75,-3973,South Atlantic,Yes,Yes,0.255,38.5
GeoB1903-3,,-8.675,-11.845,-3161,South Atlantic,No,No,0.53,152
GeoB1903-3,,-8.675,-11.845,-3161,South Atlantic,No,Yes,0.53,36.6666666666667
GeoB1903-3,,-8.675,-11.845,-3161,South Atlantic,Yes,No,0.53,241
GeoB1903-3,,-8.675,-11.845,-3161,South Atlantic,Yes,Yes,0.53,406.333333333333
GeoB1905-3,,-17.1433,-13.9867,-2974,South Atlantic,No,No,0.405,75.5
GeoB1905-3,,-17.1433,-13.9867,-2974,South Atlantic,No,Yes,0.405,55
GeoB1905-3,,-17.1433,-13.9867,-2974,South Atlantic,Yes,No,0.405,170.5
GeoB1905-3,,-17.1433,-13.9867,-2974,South Atlantic,Yes,Yes,0.405,624.5
GeoB2004-2,,-30.87,14.3433,-2569,South Atlantic,No,No,0.73,561
GeoB2004-2,,-30.87,14.3433,-2569,South Atlantic,No,Yes,0.73,102.333333333333
GeoB2004-2,,-30.87,14.3433,-2569,South Atlantic,Yes,No,0.73,109.333333333333
GeoB2004-2,,-30.87,14.3433,-2569,South Atlantic,Yes,Yes,0.73,47
GeoB2016-1,,-31.9,-1.33,-3385,South Atlantic,No,No,0.18,237
GeoB2016-1,,-31.9,-1.33,-3385,South Atlantic,No,Yes,0.18,227
GeoB2016-1,,-31.9,-1.33,-3385,South Atlantic,Yes,No,0.18,124
GeoB2016-1,,-31.9,-1.33,-3385,South Atlantic,Yes,Yes,0.18,89
GeoB2019-1,,-36.06,-8.7783,-3825,South Atlantic,No,No,0.33,304
GeoB2019-1,,-36.06,-8.7783,-3825,South Atlantic,No,Yes,0.33,244
GeoB2019-1,,-36.06,-8.7783,-3825,South Atlantic,Yes,No,0.33,147
GeoB2019-1,,-36.06,-8.7783,-3825,South Atlantic,Yes,Yes,0.33,13
GeoB2021-5,,-36.8333,-14.4033,-3575,South Atlantic,No,No,0.13,316
GeoB2021-5,,-36.8333,-14.4033,-3575,South Atlantic,No,Yes,0.13,186
GeoB2021-5,,-36.8333,-14.4033,-3575,South Atlantic,Yes,No,0.13,175
GeoB2021-5,,-36.8333,-14.4033,-3575,South Atlantic,Yes,Yes,0.13,8
GeoB2109-1,,-27.9117,-45.8817,-2504,South Atlantic,No,No,0.555,69.25
GeoB2109-1,,-27.9117,-45.8817,-2504,South Atlantic,No,Yes,0.555,21.5
GeoB2109-1,,-27.9117,-45.8817,-2504,South Atlantic,Yes,No,0.555,139.5
GeoB2109-1,,-27.9117,-45.8817,-2504,South Atlantic,Yes,Yes,0.555,234
GeoB2116-4,,-25.5117,-35.9983,-4167,South Atlantic,No,No,0.28,75
GeoB2116-4,,-25.5117,-35.9983,-4167,South Atlantic,No,Yes,0.28,6
GeoB2116-4,,-25.5117,-35.9983,-4167,South Atlantic,Yes,No,0.28,43
GeoB2116-4,,-25.5117,-35.9983,-4167,South Atlantic,Yes,Yes,0.28,68
GeoB2117-1,,-23.0383,-36.6517,-4045,South Atlantic,No,No,0.23,22
GeoB2117-1,,-23.0383,-36.6517,-4045,South Atlantic,No,Yes,0.23,38
GeoB2117-1,,-23.0383,-36.6517,-4045,South Atlantic,Yes,No,0.23,39
GeoB2117-1,,-23.0383,-36.6517,-4045,South Atlantic,Yes,Yes,0.23,351
GeoB2125-1,,-20.8233,-39.8633,-1503,South Atlantic,No,No,0.355,16.5
GeoB2125-1,,-20.8233,-39.8633,-1503,South Atlantic,No,Yes,0.355,10
GeoB2125-1,,-20.8233,-39.8633,-1503,South Atlantic,Yes,No,0.355,216.5
GeoB2125-1,,-20.8233,-39.8633,-1503,South Atlantic,Yes,Yes,0.355,383
GeoB2202-4,,-8.1983,-34.265,-1156,South Atlantic,No,No,0.855,24.75
GeoB2202-4,,-8.1983,-34.265,-1156,South Atlantic,No,Yes,0.855,3
GeoB2202-4,,-8.1983,-34.265,-1156,South Atlantic,Yes,No,0.855,137.75
GeoB2202-4,,-8.1983,-34.265,-1156,South Atlantic,Yes,Yes,0.855,593
GeoB2215-10,,0.0067,-23.495,-3711,South Atlantic,No,No,0.455,189
GeoB2215-10,,0.0067,-23.495,-3711,South Atlantic,No,Yes,0.455,41
GeoB2215-10,,0.0067,-23.495,-3711,South Atlantic,Yes,No,0.455,180.5
GeoB2215-10,,0.0067,-23.495,-3711,South Atlantic,Yes,Yes,0.455,163.5
GeoB2819-1,,-30.8483,-38.3433,-3435,South Atlantic,No,No,0.13,288
GeoB2819-1,,-30.8483,-38.3433,-3435,South Atlantic,No,Yes,0.13,103
GeoB2819-1,,-30.8483,-38.3433,-3435,South Atlantic,Yes,No,0.13,138
GeoB2819-1,,-30.8483,-38.3433,-3435,South Atlantic,Yes,Yes,0.13,242
GeoB3104-1,,-3.6667,-37.7167,-767,South Atlantic,No,No,1.84,32.4
GeoB3104-1,,-3.6667,-37.7167,-767,South Atlantic,No,Yes,1.84,0
GeoB3104-1,,-3.6667,-37.7167,-767,South Atlantic,Yes,No,1.84,173.6
GeoB3104-1,,-3.6667,-37.7167,-767,South Atlantic,Yes,Yes,1.84,356.8
GeoB3117-1,,-4.295,-37.0917,-800,South Atlantic,No,No,3.23714285714286,26
GeoB3117-1,,-4.295,-37.0917,-800,South Atlantic,No,Yes,3.23714285714286,0.571428571428572
GeoB3117-1,,-4.295,-37.0917,-800,South Atlantic,Yes,No,3.23714285714286,121.142857142857
GeoB3117-1,,-4.295,-37.0917,-800,South Atlantic,Yes,Yes,3.23714285714286,320.142857142857
GeoB3175-1,,-7.0533,-34.4633,-900,South Atlantic,No,No,1.755,24.25
GeoB3175-1,,-7.0533,-34.4633,-900,South Atlantic,No,Yes,1.755,12.75
GeoB3175-1,,-7.0533,-34.4633,-900,South Atlantic,Yes,No,1.755,41.25
GeoB3175-1,,-7.0533,-34.4633,-900,South Atlantic,Yes,Yes,1.755,371
GeoB3176-1,,-7.0117,-34.4417,-1385,South Atlantic,No,No,3.505,19
GeoB3176-1,,-7.0117,-34.4417,-1385,South Atlantic,No,Yes,3.505,10.5
GeoB3176-1,,-7.0117,-34.4417,-1385,South Atlantic,Yes,No,3.505,78.5
GeoB3176-1,,-7.0117,-34.4417,-1385,South Atlantic,Yes,Yes,3.505,395
GeoB3603-2,,-35.125,17.5433,-2840,South Atlantic,No,No,0.355,261.5
GeoB3603-2,,-35.125,17.5433,-2840,South Atlantic,No,Yes,0.355,68.5
GeoB3603-2,,-35.125,17.5433,-2840,South Atlantic,Yes,No,0.355,74
GeoB3603-2,,-35.125,17.5433,-2840,South Atlantic,Yes,Yes,0.355,12
GeoB3722-2,,-25.25,12.0217,-3506,South Atlantic,No,No,0.905,807.5
GeoB3722-2,,-25.25,12.0217,-3506,South Atlantic,No,Yes,0.905,47
GeoB3722-2,,-25.25,12.0217,-3506,South Atlantic,Yes,No,0.905,64.25
GeoB3722-2,,-25.25,12.0217,-3506,South Atlantic,Yes,Yes,0.905,4.25
GeoB3801-6,,-29.5117,-8.305,-4546,South Atlantic,No,No,0.18,125
GeoB3801-6,,-29.5117,-8.305,-4546,South Atlantic,No,Yes,0.18,88
GeoB3801-6,,-29.5117,-8.305,-4546,South Atlantic,Yes,No,0.18,111
GeoB3801-6,,-29.5117,-8.305,-4546,South Atlantic,Yes,Yes,0.18,148
GeoB3808-6,,-30.8117,-14.7117,-3213,South Atlantic,No,No,0.18,181
GeoB3808-6,,-30.8117,-14.7117,-3213,South Atlantic,No,Yes,0.18,184
GeoB3808-6,,-30.8117,-14.7117,-3213,South Atlantic,Yes,No,0.18,164
GeoB3808-6,,-30.8117,-14.7117,-3213,South Atlantic,Yes,Yes,0.18,194
GeoB3813-3,,-32.2683,-21.9667,-4331,South Atlantic,No,No,0.13,251
GeoB3813-3,,-32.2683,-21.9667,-4331,South Atlantic,No,Yes,0.13,88
GeoB3813-3,,-32.2683,-21.9667,-4331,South Atlantic,Yes,No,0.13,125
GeoB3813-3,,-32.2683,-21.9667,-4331,South Atlantic,Yes,Yes,0.13,107
GeoB5112-5,,-23.825,-16.2583,-3841,South Atlantic,No,No,0.16,61
GeoB5112-5,,-23.825,-16.2583,-3841,South Atlantic,No,Yes,0.16,48
GeoB5112-5,,-23.825,-16.2583,-3841,South Atlantic,Yes,No,0.16,158
GeoB5112-5,,-23.825,-16.2583,-3841,South Atlantic,Yes,Yes,0.16,360
GeoB5115-2,,-24.1433,-14.0433,-3291,South Atlantic,No,No,0.155,65
GeoB5115-2,,-24.1433,-14.0433,-3291,South Atlantic,No,Yes,0.155,46.25
GeoB5115-2,,-24.1433,-14.0433,-3291,South Atlantic,Yes,No,0.155,160.25
GeoB5115-2,,-24.1433,-14.0433,-3291,South Atlantic,Yes,Yes,0.155,397.25
GeoB5121-2,,-24.1833,-12.0217,-3486,South Atlantic,No,No,0.16,74
GeoB5121-2,,-24.1833,-12.0217,-3486,South Atlantic,No,Yes,0.16,47
GeoB5121-2,,-24.1833,-12.0217,-3486,South Atlantic,Yes,No,0.16,152
GeoB5121-2,,-24.1833,-12.0217,-3486,South Atlantic,Yes,Yes,0.16,347
GeoB5133-3,,-19.0867,-10.1917,-3660,South Atlantic,No,No,0.18,103
GeoB5133-3,,-19.0867,-10.1917,-3660,South Atlantic,No,Yes,0.18,86
GeoB5133-3,,-19.0867,-10.1917,-3660,South Atlantic,Yes,No,0.18,174
GeoB5133-3,,-19.0867,-10.1917,-3660,South Atlantic,Yes,Yes,0.18,419
GeoB5140-3,,-19.0517,-16.6133,-3660,South Atlantic,No,No,0.11,65.6666666666667
GeoB5140-3,,-19.0517,-16.6133,-3660,South Atlantic,No,Yes,0.11,45.6666666666667
GeoB5140-3,,-19.0517,-16.6133,-3660,South Atlantic,Yes,No,0.11,119.333333333333
GeoB5140-3,,-19.0517,-16.6133,-3660,South Atlantic,Yes,Yes,0.11,424.666666666667
K12,,2.688888889,127.7361111,3510,,No,No,2.8675,6
K12,,2.688888889,127.7361111,3510,,No,Yes,2.8675,11
K12,,2.688888889,127.7361111,3510,,Yes,No,2.8675,75
K12,,2.688888889,127.7361111,3510,,Yes,Yes,2.8675,12
KET8003,Piston,38.49,14.3,1900,Mediterranean,No,No,2.08,210.5
KET8003,Piston,38.49,14.3,1900,Mediterranean,No,Yes,2.08,148.25
KET8003,Piston,38.49,14.3,1900,Mediterranean,Yes,No,2.08,96
KET8003,Piston,38.49,14.3,1900,Mediterranean,Yes,Yes,2.08,5.25
KET8019,Piston,40.33,13.21,1920,Mediterranean,No,No,2.97666666666667,183.5
KET8019,Piston,40.33,13.21,1920,Mediterranean,No,Yes,2.97666666666667,84.5
KET8019,Piston,40.33,13.21,1920,Mediterranean,Yes,No,2.97666666666667,62.6666666666667
KET8019,Piston,40.33,13.21,1920,Mediterranean,Yes,Yes,2.97666666666667,49
KET8039,Piston,36.32,11.41,290,Mediterranean,No,No,3.4125,179.533333333333
KET8039,Piston,36.32,11.41,290,Mediterranean,No,Yes,3.4125,71.9333333333333
KET8039,Piston,36.32,11.41,290,Mediterranean,Yes,No,3.4125,50.9333333333333
KET8039,Piston,36.32,11.41,290,Mediterranean,Yes,Yes,3.4125,90.5333333333333
KET8216,Piston,41.31,17.59,1166,Mediterranean,No,No,1.955,118.5
KET8216,Piston,41.31,17.59,1166,Mediterranean,No,Yes,1.955,78.75
KET8216,Piston,41.31,17.59,1166,Mediterranean,Yes,No,1.955,19
KET8216,Piston,41.31,17.59,1166,Mediterranean,Yes,Yes,1.955,1
KL96,Piston,32.77,19.19,1390,Mediterranean,No,No,0.48,74.5
KL96,Piston,32.77,19.19,1390,Mediterranean,No,Yes,0.48,15.5
KL96,Piston,32.77,19.19,1390,Mediterranean,Yes,No,0.48,2.5
KL96,Piston,32.77,19.19,1390,Mediterranean,Yes,Yes,0.48,166
LC01,Piston,40.26,6.887,2845,Mediterranean,No,No,0.734,222
LC01,Piston,40.26,6.887,2845,Mediterranean,No,Yes,0.734,137.25
LC01,Piston,40.26,6.887,2845,Mediterranean,Yes,No,0.734,42.75
LC01,Piston,40.26,6.887,2845,Mediterranean,Yes,Yes,0.734,40
LC04,Piston,38.65,6.11,2855,Mediterranean,No,No,0.913666666666667,145
LC04,Piston,38.65,6.11,2855,Mediterranean,No,Yes,0.913666666666667,93.3333333333333
LC04,Piston,38.65,6.11,2855,Mediterranean,Yes,No,0.913666666666667,55.3333333333333
LC04,Piston,38.65,6.11,2855,Mediterranean,Yes,Yes,0.913666666666667,47.3333333333333
LC07,Piston,38.14,10.07,488,Mediterranean,No,No,0.785,80.6666666666667
LC07,Piston,38.14,10.07,488,Mediterranean,No,Yes,0.785,43.6666666666667
LC07,Piston,38.14,10.07,488,Mediterranean,Yes,No,0.785,29.3333333333333
LC07,Piston,38.14,10.07,488,Mediterranean,Yes,Yes,0.785,8
LC21,Piston,35.66,26.58,1522,Mediterranean,No,No,299.75,89
LC21,Piston,35.66,26.58,1522,Mediterranean,No,Yes,299.75,20
LC21,Piston,35.66,26.58,1522,Mediterranean,Yes,No,299.75,33.375
LC21,Piston,35.66,26.58,1522,Mediterranean,Yes,Yes,299.75,42.125
MD 95-2043,Piston,36.143,-2.621,1841,Mediterranean,No,No,8.6,316.857142857143
MD 95-2043,Piston,36.143,-2.621,1841,Mediterranean,No,Yes,8.6,68
MD 95-2043,Piston,36.143,-2.621,1841,Mediterranean,Yes,No,8.6,20.5714285714286
MD 95-2043,Piston,36.143,-2.621,1841,Mediterranean,Yes,Yes,8.6,7.42857142857143
MD012416,Hydraulic piston core,51.268,167.7255,2317,"Pacific, NW",No,No,202,83.7781497761667
MD012416,Hydraulic piston core,51.268,167.7255,2317,"Pacific, NW",No,Yes,202,15.859816595
MD012416,Hydraulic piston core,51.268,167.7255,2317,"Pacific, NW",Yes,No,202,0.3181739815
MD012416,Hydraulic piston core,51.268,167.7255,2317,"Pacific, NW",Yes,Yes,202,0
MD012416,Piston core,51.268,167.7255,2317,"Pacific, NW",No,No,189.833333333333,84.4593973516667
MD012416,Piston core,51.268,167.7255,2317,"Pacific, NW",No,Yes,189.833333333333,15.4560002833333
MD012416,Piston core,51.268,167.7255,2317,"Pacific, NW",Yes,No,189.833333333333,0.084602369
MD012416,Piston core,51.268,167.7255,2317,"Pacific, NW",Yes,Yes,189.833333333333,0
MD84-632,Piston,32.47,34.23,1425,Mediterranean,No,No,1.76105263157895,244.842105263158
MD84-632,Piston,32.47,34.23,1425,Mediterranean,No,Yes,1.76105263157895,38.4736842105263
MD84-632,Piston,32.47,34.23,1425,Mediterranean,Yes,No,1.76105263157895,33.1578947368421
MD84-632,Piston,32.47,34.23,1425,Mediterranean,Yes,Yes,1.76105263157895,812.473684210526
MD84627,Piston,32.14,33.45,1185,Mediterranean,No,No,0.7,116
MD84627,Piston,32.14,33.45,1185,Mediterranean,No,Yes,0.7,8.33333333333333
MD84627,Piston,32.14,33.45,1185,Mediterranean,Yes,No,0.7,9.66666666666667
MD84627,Piston,32.14,33.45,1185,Mediterranean,Yes,Yes,0.7,266
MD84629,Piston,32.04,34.21,745,Mediterranean,No,No,1.8,82
MD84629,Piston,32.04,34.21,745,Mediterranean,No,Yes,1.8,85.7777777777778
MD84629,Piston,32.04,34.21,745,Mediterranean,Yes,No,1.8,6.22222222222222
MD84629,Piston,32.04,34.21,745,Mediterranean,Yes,Yes,1.8,10.1111111111111
MD84641,Piston,33.02,32.38,1375,Mediterranean,No,No,0.916666666666667,97.6666666666667
MD84641,Piston,33.02,32.38,1375,Mediterranean,No,Yes,0.916666666666667,19
MD84641,Piston,33.02,32.38,1375,Mediterranean,Yes,No,0.916666666666667,7.33333333333333
MD84641,Piston,33.02,32.38,1375,Mediterranean,Yes,Yes,0.916666666666667,2.66666666666667
MD88-770,,-46.01666667,96.46666667,3290,,No,No,1.12,210
MD88-770,,-46.01666667,96.46666667,3290,,No,Yes,1.12,6
MD88-770,,-46.01666667,96.46666667,3290,,Yes,No,1.12,1
MD88-770,,-46.01666667,96.46666667,3290,,Yes,Yes,1.12,0
MD90-917,Piston,41.298,17.613,1010,Mediterranean,No,No,5.85,190.647058823529
MD90-917,Piston,41.298,17.613,1010,Mediterranean,No,Yes,5.85,112.294117647059
MD90-917,Piston,41.298,17.613,1010,Mediterranean,Yes,No,5.85,37.1764705882353
MD90-917,Piston,41.298,17.613,1010,Mediterranean,Yes,Yes,5.85,17.7647058823529
MD90901,Piston,39.947,1.591,1560,Mediterranean,No,No,4.95,119.3125
MD90901,Piston,39.947,1.591,1560,Mediterranean,No,Yes,4.95,147.625
MD90901,Piston,39.947,1.591,1560,Mediterranean,Yes,No,4.95,36.125
MD90901,Piston,39.947,1.591,1560,Mediterranean,Yes,Yes,4.95,41.625
MD992344,Piston,41.997,4.836,2326,Mediterranean,No,No,2.58,148
MD992344,Piston,41.997,4.836,2326,Mediterranean,No,Yes,2.58,199.25
MD992344,Piston,41.997,4.836,2326,Mediterranean,Yes,No,2.58,25.75
MD992344,Piston,41.997,4.836,2326,Mediterranean,Yes,Yes,2.58,4
MD992346,Piston,42.044,4.151,2089,Mediterranean,No,No,7.45565217391304,116.130434782609
MD992346,Piston,42.044,4.151,2089,Mediterranean,No,Yes,7.45565217391304,244.505434782609
MD992346,Piston,42.044,4.151,2089,Mediterranean,Yes,No,7.45565217391304,49.5217391304348
MD992346,Piston,42.044,4.151,2089,Mediterranean,Yes,Yes,7.45565217391304,4.39130434782609
ODP 969,Piston,33.839,24.884,2200,Mediterranean,No,No,0.645,149.2
ODP 969,Piston,33.839,24.884,2200,Mediterranean,No,Yes,0.645,41.4
ODP 969,Piston,33.839,24.884,2200,Mediterranean,Yes,No,0.645,41.2
ODP 969,Piston,33.839,24.884,2200,Mediterranean,Yes,Yes,0.645,102
ODP 973,Piston,35.78,18.948,3695,Mediterranean,No,No,0.965,155
ODP 973,Piston,35.78,18.948,3695,Mediterranean,No,Yes,0.965,53
ODP 973,Piston,35.78,18.948,3695,Mediterranean,Yes,No,0.965,55
ODP 973,Piston,35.78,18.948,3695,Mediterranean,Yes,Yes,0.965,64.5
ODP 975,Piston,38.89,4.5,2426,Mediterranean,No,No,1.226,250.2
ODP 975,Piston,38.89,4.5,2426,Mediterranean,No,Yes,1.226,191.2
ODP 975,Piston,38.89,4.5,2426,Mediterranean,Yes,No,1.226,86
ODP 975,Piston,38.89,4.5,2426,Mediterranean,Yes,Yes,1.226,16.6
ODP 977,Piston,36.19,-1.573,1984,Mediterranean,No,No,3.792,359.4
ODP 977,Piston,36.19,-1.573,1984,Mediterranean,No,Yes,3.792,41.6
ODP 977,Piston,36.19,-1.573,1984,Mediterranean,Yes,No,3.792,12.2
ODP 977,Piston,36.19,-1.573,1984,Mediterranean,Yes,Yes,3.792,4.8
ODP Site 883D,Hydraulic piston core,51.199,167.768,2385,"Pacific, NW",No,No,131.2,89.7125422679
ODP Site 883D,Hydraulic piston core,51.199,167.768,2385,"Pacific, NW",No,Yes,131.2,10.2108349014
ODP Site 883D,Hydraulic piston core,51.199,167.768,2385,"Pacific, NW",Yes,No,131.2,0.0546448087
ODP Site 883D,Hydraulic piston core,51.199,167.768,2385,"Pacific, NW",Yes,Yes,131.2,0.021978022
ODP122-760A,,-16.922,115.5413333,1970,,No,No,0.39,27
ODP122-760A,,-16.922,115.5413333,1970,,No,Yes,0.39,2
ODP122-760A,,-16.922,115.5413333,1970,,Yes,No,0.39,136
ODP122-760A,,-16.922,115.5413333,1970,,Yes,Yes,0.39,161
ODP122-762B,,-19.88733333,112.254,1360,,No,No,0.8,22
ODP122-762B,,-19.88733333,112.254,1360,,No,Yes,0.8,7
ODP122-762B,,-19.88733333,112.254,1360,,Yes,No,0.8,115
ODP122-762B,,-19.88733333,112.254,1360,,Yes,Yes,0.8,122
P69,,-40.39666667,177.9966667,2195,,No,No,3.9,160
P69,,-40.39666667,177.9966667,2195,,No,Yes,3.9,62
P69,,-40.39666667,177.9966667,2195,,Yes,No,3.9,90
P69,,-40.39666667,177.9966667,2195,,Yes,Yes,3.9,7
Q200,,-45.995,172.025,1370,,No,No,0.59,256
Q200,,-45.995,172.025,1370,,No,Yes,0.59,20
Q200,,-45.995,172.025,1370,,Yes,No,0.59,2
Q200,,-45.995,172.025,1370,,Yes,Yes,0.59,0
Q585,,-49.70333333,182.075,4354,,No,No,0.73,326
Q585,,-49.70333333,182.075,4354,,No,Yes,0.73,15
Q585,,-49.70333333,182.075,4354,,Yes,No,0.73,3
Q585,,-49.70333333,182.075,4354,,Yes,Yes,0.73,0
R657 (S),,-42.53333333,181.5083333,1408,,No,No,0.5,231
R657 (S),,-42.53333333,181.5083333,1408,,No,Yes,0.5,60
R657 (S),,-42.53333333,181.5083333,1408,,Yes,No,0.5,158
R657 (S),,-42.53333333,181.5083333,1408,,Yes,Yes,0.5,2
R657 (W),,-42.53333333,181.5083333,1408,,No,No,0.5,169
R657 (W),,-42.53333333,181.5083333,1408,,No,Yes,0.5,47
R657 (W),,-42.53333333,181.5083333,1408,,Yes,No,0.5,98
R657 (W),,-42.53333333,181.5083333,1408,,Yes,Yes,0.5,1
RC08-039,,-42.88333333,42.35,4330,,No,No,0.7,272
RC08-039,,-42.88333333,42.35,4330,,No,Yes,0.7,18
RC08-039,,-42.88333333,42.35,4330,,Yes,No,0.7,10
RC08-039,,-42.88333333,42.35,4330,,Yes,Yes,0.7,0
RC08-078,,-44.78333333,184.2333333,1756,,No,No,0.5,95
RC08-078,,-44.78333333,184.2333333,1756,,No,Yes,0.5,68
RC08-078,,-44.78333333,184.2333333,1756,,Yes,No,0.5,106
RC08-078,,-44.78333333,184.2333333,1756,,Yes,Yes,0.5,12
RC09-148,,-29.68,113.7,2056,,No,No,0.19,8
RC09-148,,-29.68,113.7,2056,,No,Yes,0.19,14
RC09-148,,-29.68,113.7,2056,,Yes,No,0.19,209
RC09-148,,-29.68,113.7,2056,,Yes,Yes,0.19,117
RC09-150 (P),,-31.28333333,114.5516667,2703,,No,No,0.8,35
RC09-150 (P),,-31.28333333,114.5516667,2703,,No,Yes,0.8,25
RC09-150 (P),,-31.28333333,114.5516667,2703,,Yes,No,0.8,181
RC09-150 (P),,-31.28333333,114.5516667,2703,,Yes,Yes,0.8,57
RC09-150 (W),,-31.28333333,114.5516667,2703,,No,No,0.9,19
RC09-150 (W),,-31.28333333,114.5516667,2703,,No,Yes,0.9,29
RC09-150 (W),,-31.28333333,114.5516667,2703,,Yes,No,0.9,218
RC09-150 (W),,-31.28333333,114.5516667,2703,,Yes,Yes,0.9,23
RC09-161,,19.56833333,59.595,3332,,No,No,1.6,13
RC09-161,,19.56833333,59.595,3332,,No,Yes,1.6,87
RC09-161,,19.56833333,59.595,3332,,Yes,No,1.6,105
RC09-161,,19.56833333,59.595,3332,,Yes,Yes,1.6,94
RC09-162,,19.07666667,60.42166667,3092,,No,No,0.5,10
RC09-162,,19.07666667,60.42166667,3092,,No,Yes,0.5,66
RC09-162,,19.07666667,60.42166667,3092,,Yes,No,0.5,122
RC09-162,,19.07666667,60.42166667,3092,,Yes,Yes,0.5,104
RC10-11,,-11.183,-162.917,237,Pacific,No,No,20,0
RC10-11,,-11.183,-162.917,237,Pacific,No,Yes,20,8
RC10-11,,-11.183,-162.917,237,Pacific,Yes,No,20,341
RC10-11,,-11.183,-162.917,237,Pacific,Yes,Yes,20,223
RC10-131,,-14.53,157.97,2933,,No,No,0.3,2
RC10-131,,-14.53,157.97,2933,,No,Yes,0.3,15
RC10-131,,-14.53,157.97,2933,,Yes,No,0.3,95
RC10-131,,-14.53,157.97,2933,,Yes,Yes,0.3,165
RC10-16,,33.083,158,238,Pacific,No,No,9,75
RC10-16,,33.083,158,238,Pacific,No,Yes,9,49
RC10-16,,33.083,158,238,Pacific,Yes,No,9,259
RC10-16,,33.083,158,238,Pacific,Yes,Yes,9,14
RC10-62,,3.333,-101.717,301,Pacific,No,No,51,12
RC10-62,,3.333,-101.717,301,Pacific,No,Yes,51,10
RC10-62,,3.333,-101.717,301,Pacific,Yes,No,51,133
RC10-62,,3.333,-101.717,301,Pacific,Yes,Yes,51,16
RC10-97,,0.917,-134.317,236,Pacific,No,No,44,129
RC10-97,,0.917,-134.317,236,Pacific,No,Yes,44,19
RC10-97,,0.917,-134.317,236,Pacific,Yes,No,44,391
RC10-97,,0.917,-134.317,236,Pacific,Yes,Yes,44,21
RC11-120,,-43.51666667,79.86666667,3193,,No,No,0.74,215
RC11-120,,-43.51666667,79.86666667,3193,,No,Yes,0.74,76
RC11-120,,-43.51666667,79.86666667,3193,,Yes,No,0.74,8
RC11-120,,-43.51666667,79.86666667,3193,,Yes,Yes,0.74,1
RC11-121,,-39.71666667,82.25,3426,,No,No,0.4,122
RC11-121,,-39.71666667,82.25,3426,,No,Yes,0.4,96
RC11-121,,-39.71666667,82.25,3426,,Yes,No,0.4,44
RC11-121,,-39.71666667,82.25,3426,,Yes,Yes,0.4,39
RC11-126,,-30.06666667,94.41666667,2336,,No,No,0.2,76
RC11-126,,-30.06666667,94.41666667,2336,,No,Yes,0.2,80
RC11-126,,-30.06666667,94.41666667,2336,,Yes,No,0.2,64
RC11-126,,-30.06666667,94.41666667,2336,,Yes,Yes,0.2,76
RC11-134,,-33.06666667,110.55,2345,,No,No,0.1,50
RC11-134,,-33.06666667,110.55,2345,,No,Yes,0.1,85
RC11-134,,-33.06666667,110.55,2345,,Yes,No,0.1,106
RC11-134,,-33.06666667,110.55,2345,,Yes,Yes,0.1,61
RC11-145,,-25.48333333,110.0166667,3911,,No,No,0.29,10
RC11-145,,-25.48333333,110.0166667,3911,,No,Yes,0.29,6
RC11-145,,-25.48333333,110.0166667,3911,,Yes,No,0.29,234
RC11-145,,-25.48333333,110.0166667,3911,,Yes,Yes,0.29,85
RC11-147,,-19.05833333,112.75,1953,,No,No,0.6,27
RC11-147,,-19.05833333,112.75,1953,,No,Yes,0.6,14
RC11-147,,-19.05833333,112.75,1953,,Yes,No,0.6,119
RC11-147,,-19.05833333,112.75,1953,,Yes,Yes,0.6,141
RC11-21,,-6.133,-140.85,240,Pacific,No,No,15,63
RC11-21,,-6.133,-140.85,240,Pacific,No,Yes,15,58
RC11-21,,-6.133,-140.85,240,Pacific,Yes,No,15,271
RC11-21,,-6.133,-140.85,240,Pacific,Yes,Yes,15,144
RC11-21,,1.817,-140.05,239,Pacific,No,No,40,58
RC11-21,,1.817,-140.05,239,Pacific,No,Yes,40,9
RC11-21,,1.817,-140.05,239,Pacific,Yes,No,40,105
RC11-21,,1.817,-140.05,239,Pacific,Yes,Yes,40,15
RC11-22,,-14.817,-139.967,241,Pacific,No,No,30,13
RC11-22,,-14.817,-139.967,241,Pacific,No,Yes,30,17
RC11-22,,-14.817,-139.967,241,Pacific,Yes,No,30,290
RC11-22,,-14.817,-139.967,241,Pacific,Yes,Yes,30,205
RC11-23,,-8.8,-110.8,242,Pacific,No,No,45,103
RC11-23,,-8.8,-110.8,242,Pacific,No,Yes,45,50
RC11-23,,-8.8,-110.8,242,Pacific,Yes,No,45,296
RC11-23,,-8.8,-110.8,242,Pacific,Yes,Yes,45,83
RC12-10,,-26,169.2,243,Pacific,No,No,40,122
RC12-10,,-26,169.2,243,Pacific,No,Yes,40,102
RC12-10,,-26,169.2,243,Pacific,Yes,No,40,333
RC12-10,,-26,169.2,243,Pacific,Yes,Yes,40,397
RC12-109,,-25.88333333,157.8666667,2930,,No,No,0.4,18
RC12-109,,-25.88333333,157.8666667,2930,,No,Yes,0.4,34
RC12-109,,-25.88333333,157.8666667,2930,,Yes,No,0.4,150
RC12-109,,-25.88333333,157.8666667,2930,,Yes,Yes,0.4,243
RC12-113 (A),,-24.88,163.52,2454,,No,No,0.5,24
RC12-113 (A),,-24.88,163.52,2454,,No,Yes,0.5,17
RC12-113 (A),,-24.88,163.52,2454,,Yes,No,0.5,69
RC12-113 (A),,-24.88,163.52,2454,,Yes,Yes,0.5,217
RC12-339,,9.133333333,90.03333333,3010,,No,No,0.7,9
RC12-339,,9.133333333,90.03333333,3010,,No,Yes,0.7,33
RC12-339,,9.133333333,90.03333333,3010,,Yes,No,0.7,175
RC12-339,,9.133333333,90.03333333,3010,,Yes,Yes,0.7,80
RC12-36,,15.1,124.133,244,Pacific,No,No,20,4
RC12-36,,15.1,124.133,244,Pacific,No,Yes,20,35
RC12-36,,15.1,124.133,244,Pacific,Yes,No,20,64
RC12-36,,15.1,124.133,244,Pacific,Yes,Yes,20,255
RC13-038,,-14.51666667,177.1,2867,,No,No,0.4,13
RC13-038,,-14.51666667,177.1,2867,,No,Yes,0.4,13
RC13-038,,-14.51666667,177.1,2867,,Yes,No,0.4,169
RC13-038,,-14.51666667,177.1,2867,,Yes,Yes,0.4,325
RC13-11,,-1.65,-103.633,247,Pacific,No,No,50,285
RC13-11,,-1.65,-103.633,247,Pacific,No,Yes,50,31
RC13-11,,-1.65,-103.633,247,Pacific,Yes,No,50,192
RC13-11,,-1.65,-103.633,247,Pacific,Yes,Yes,50,13
RC13-17,,19.083,-170.067,245,Pacific,No,No,30,11
RC13-17,,19.083,-170.067,245,Pacific,No,Yes,30,6
RC13-17,,19.083,-170.067,245,Pacific,Yes,No,30,13
RC13-17,,19.083,-170.067,245,Pacific,Yes,Yes,30,84
RC13-81,,-19.017,-124.233,246,Pacific,No,No,10,62
RC13-81,,-19.017,-124.233,246,Pacific,No,Yes,10,40
RC13-81,,-19.017,-124.233,246,Pacific,Yes,No,10,639
RC13-81,,-19.017,-124.233,246,Pacific,Yes,Yes,10,456
RC13110,,0.1,-95.65,302,Pacific,No,No,54,38
RC13110,,0.1,-95.65,302,Pacific,No,Yes,54,31
RC13110,,0.1,-95.65,302,Pacific,Yes,No,54,239
RC13110,,0.1,-95.65,302,Pacific,Yes,Yes,54,4
RC13115,,-1.633,-104.833,303,Pacific,No,No,61,26
RC13115,,-1.633,-104.833,303,Pacific,No,Yes,61,26
RC13115,,-1.633,-104.833,303,Pacific,Yes,No,61,215
RC13115,,-1.633,-104.833,303,Pacific,Yes,Yes,61,13
RC14-007,,-35.51666667,44.75,3288,,No,No,0.25,87
RC14-007,,-35.51666667,44.75,3288,,No,Yes,0.25,48
RC14-007,,-35.51666667,44.75,3288,,Yes,No,0.25,123
RC14-007,,-35.51666667,44.75,3288,,Yes,Yes,0.25,44
RC14-009,,-39.01666667,47.88333333,2692,,No,No,0.7,172
RC14-009,,-39.01666667,47.88333333,2692,,No,Yes,0.7,77
RC14-009,,-39.01666667,47.88333333,2692,,Yes,No,0.7,44
RC14-009,,-39.01666667,47.88333333,2692,,Yes,Yes,0.7,8
RC14-029,,-10.92333333,88.315,2869,,No,No,0.2,18
RC14-029,,-10.92333333,88.315,2869,,No,Yes,0.2,9
RC14-029,,-10.92333333,88.315,2869,,Yes,No,0.2,125
RC14-029,,-10.92333333,88.315,2869,,Yes,Yes,0.2,150
RC14-035,,-0.833333333,89.95,3021,,No,No,0.4,27
RC14-035,,-0.833333333,89.95,3021,,No,Yes,0.4,21
RC14-035,,-0.833333333,89.95,3021,,Yes,No,0.4,126
RC14-035,,-0.833333333,89.95,3021,,Yes,Yes,0.4,126
RC14-037,,1.466666667,90.16666667,2226,,No,No,0.4,18
RC14-037,,1.466666667,90.16666667,2226,,No,Yes,0.4,20
RC14-037,,1.466666667,90.16666667,2226,,Yes,No,0.4,126
RC14-037,,1.466666667,90.16666667,2226,,Yes,Yes,0.4,137
RC17-069,,-31.5,32.6,3380,,No,No,0.6,24
RC17-069,,-31.5,32.6,3380,,No,Yes,0.6,27
RC17-069,,-31.5,32.6,3380,,Yes,No,0.6,161
RC17-069,,-31.5,32.6,3380,,Yes,Yes,0.6,84
RC17-073,,-32.11666667,36.01666667,2021,,No,No,0.3,36
RC17-073,,-32.11666667,36.01666667,2021,,No,Yes,0.3,42
RC17-073,,-32.11666667,36.01666667,2021,,Yes,No,0.3,130
RC17-073,,-32.11666667,36.01666667,2021,,Yes,Yes,0.3,92
RC17-098,,-13.21666667,65.61666667,3409,,No,No,0.53,33
RC17-098,,-13.21666667,65.61666667,3409,,No,Yes,0.53,10
RC17-098,,-13.21666667,65.61666667,3409,,Yes,No,0.53,114
RC17-098,,-13.21666667,65.61666667,3409,,Yes,Yes,0.53,143
RC17-108,,-10.508,57.72,4051,,No,No,0.4,19
RC17-108,,-10.508,57.72,4051,,No,Yes,0.4,51
RC17-108,,-10.508,57.72,4051,,Yes,No,0.4,80
RC17-108,,-10.508,57.72,4051,,Yes,Yes,0.4,154
RC17-113,,15.033,66.097,3874,,No,No,0.3,15
RC17-113,,15.033,66.097,3874,,No,Yes,0.3,14
RC17-113,,15.033,66.097,3874,,Yes,No,0.3,155
RC17-113,,15.033,66.097,3874,,Yes,Yes,0.3,114
RC8-94,,-27.283,-102.083,233,Pacific,No,No,16,77
RC8-94,,-27.283,-102.083,233,Pacific,No,Yes,16,61
RC8-94,,-27.283,-102.083,233,Pacific,Yes,No,16,325
RC8-94,,-27.283,-102.083,233,Pacific,Yes,Yes,16,633
RC9-124,,-28.75,172.6,234,Pacific,No,No,40,230
RC9-124,,-28.75,172.6,234,Pacific,No,Yes,40,132
RC9-124,,-28.75,172.6,234,Pacific,Yes,No,40,251
RC9-124,,-28.75,172.6,234,Pacific,Yes,Yes,40,345
RC9-126,,-33.233,168.733,235,Pacific,No,No,30,319
RC9-126,,-33.233,168.733,235,Pacific,No,Yes,30,246
RC9-126,,-33.233,168.733,235,Pacific,Yes,No,30,412
RC9-126,,-33.233,168.733,235,Pacific,Yes,Yes,30,191
RC9-178,Piston,33.733,27.917,2628,Mediterranean,No,No,0.591666666666667,141.333333333333
RC9-178,Piston,33.733,27.917,2628,Mediterranean,No,Yes,0.591666666666667,53
RC9-178,Piston,33.733,27.917,2628,Mediterranean,Yes,No,0.591666666666667,24
RC9-178,Piston,33.733,27.917,2628,Mediterranean,Yes,Yes,0.591666666666667,79.3333333333333
RC9191,Piston,38.2,18.033,2345,Mediterranean,No,No,1.462,211.8
RC9191,Piston,38.2,18.033,2345,Mediterranean,No,Yes,1.462,94.2
RC9191,Piston,38.2,18.033,2345,Mediterranean,Yes,No,1.462,50
RC9191,Piston,38.2,18.033,2345,Mediterranean,Yes,Yes,1.462,1.4
RR9702A-63TC,,-18.085,-79.04,311,Pacific,No,No,16,83
RR9702A-63TC,,-18.085,-79.04,311,Pacific,No,Yes,16,95
RR9702A-63TC,,-18.085,-79.04,311,Pacific,Yes,No,16,272
RR9702A-63TC,,-18.085,-79.04,311,Pacific,Yes,Yes,16,12
RR9702A-69TC,,-16.007,-76.378,315,Pacific,No,No,70,152
RR9702A-69TC,,-16.007,-76.378,315,Pacific,No,Yes,70,112
RR9702A-69TC,,-16.007,-76.378,315,Pacific,Yes,No,70,127
RR9702A-69TC,,-16.007,-76.378,315,Pacific,Yes,Yes,70,11
RR9702A-69TC,,-16.007,-76.378,316,Pacific,No,No,80,162
RR9702A-69TC,,-16.007,-76.378,316,Pacific,No,Yes,80,35
RR9702A-69TC,,-16.007,-76.378,316,Pacific,Yes,No,80,144
RR9702A-69TC,,-16.007,-76.378,316,Pacific,Yes,Yes,80,8
RS067-GC10,,-38.86166667,140.1,3332,,No,No,0.505,133
RS067-GC10,,-38.86166667,140.1,3332,,No,Yes,0.505,138
RS067-GC10,,-38.86166667,140.1,3332,,Yes,No,0.505,45
RS067-GC10,,-38.86166667,140.1,3332,,Yes,Yes,0.505,1
RS096-GC21,,-23.77216667,108.5006667,2100,,No,No,0.29,14
RS096-GC21,,-23.77216667,108.5006667,2100,,No,Yes,0.29,9
RS096-GC21,,-23.77216667,108.5006667,2100,,Yes,No,0.29,127
RS096-GC21,,-23.77216667,108.5006667,2100,,Yes,Yes,0.29,92
RS147-GC07,,-45.15,146.28,3307,,No,No,0.985,212
RS147-GC07,,-45.15,146.28,3307,,No,Yes,0.985,207
RS147-GC07,,-45.15,146.28,3307,,Yes,No,0.985,85
RS147-GC07,,-45.15,146.28,3307,,Yes,Yes,0.985,118
RS147-GC14,,-46.45,145.24,3360,,No,No,0.25,169
RS147-GC14,,-46.45,145.24,3360,,No,Yes,0.25,96
RS147-GC14,,-46.45,145.24,3360,,Yes,No,0.25,45
RS147-GC14,,-46.45,145.24,3360,,Yes,Yes,0.25,5
RS147-GC31,,-44.53,149.05,3402,,No,No,0.69,157
RS147-GC31,,-44.53,149.05,3402,,No,Yes,0.69,108
RS147-GC31,,-44.53,149.05,3402,,Yes,No,0.69,50
RS147-GC31,,-44.53,149.05,3402,,Yes,Yes,0.69,0
S794,,-35.31,177.9966667,2195,,No,No,1.39,211
S794,,-35.31,177.9966667,2195,,No,Yes,1.39,46
S794,,-35.31,177.9966667,2195,,Yes,No,1.39,122
S794,,-35.31,177.9966667,2195,,Yes,Yes,1.39,19
SHI9006,,-4.33223,117.59584,1999,,No,No,5.99,13
SHI9006,,-4.33223,117.59584,1999,,No,Yes,5.99,53
SHI9006,,-4.33223,117.59584,1999,,Yes,No,5.99,216
SHI9006,,-4.33223,117.59584,1999,,Yes,Yes,5.99,173
SHI9016,,-8.455833333,128.238,1805,,No,No,0.52,44
SHI9016,,-8.455833333,128.238,1805,,No,Yes,0.52,24
SHI9016,,-8.455833333,128.238,1805,,Yes,No,0.52,198
SHI9016,,-8.455833333,128.238,1805,,Yes,Yes,0.52,208
SHI9022,,-11.35444,122.03799,2313,,No,No,5.79,37
SHI9022,,-11.35444,122.03799,2313,,No,Yes,5.79,14
SHI9022,,-11.35444,122.03799,2313,,Yes,No,5.79,154
SHI9022,,-11.35444,122.03799,2313,,Yes,Yes,5.79,147
SHI9034,,-9.09764,111.00721,3330,,No,No,8.3,115
SHI9034,,-9.09764,111.00721,3330,,No,Yes,8.3,61
SHI9034,,-9.09764,111.00721,3330,,Yes,No,8.3,187
SHI9034,,-9.09764,111.00721,3330,,Yes,Yes,8.3,57
SO36-07,,-42.25,144.75,1085,,No,No,0.73,181
SO36-07,,-42.25,144.75,1085,,No,Yes,0.73,109
SO36-07,,-42.25,144.75,1085,,Yes,No,0.73,63
SO36-07,,-42.25,144.75,1085,,Yes,Yes,0.73,19
SO36-21,,-43.8,145.5,2829,,No,No,0.2,79
SO36-21,,-43.8,145.5,2829,,No,Yes,0.2,140
SO36-21,,-43.8,145.5,2829,,Yes,No,0.2,75
SO36-21,,-43.8,145.5,2829,,Yes,Yes,0.2,5
SO36-39,,-45.87,145.99,2497,,No,No,0.3,122
SO36-39,,-45.87,145.99,2497,,No,Yes,0.3,116
SO36-39,,-45.87,145.99,2497,,Yes,No,0.3,55
SO36-39,,-45.87,145.99,2497,,Yes,Yes,0.3,0
SO36-47,,-46.87,145.98,2497,,No,No,0.5,124
SO36-47,,-46.87,145.98,2497,,No,Yes,0.5,121
SO36-47,,-46.87,145.98,2497,,Yes,No,0.5,60
SO36-47,,-46.87,145.98,2497,,Yes,Yes,0.5,0
SU8107,Piston,35.57,-3.48,1375,Mediterranean,No,No,2.8,332.285714285714
SU8107,Piston,35.57,-3.48,1375,Mediterranean,No,Yes,2.8,37
SU8107,Piston,35.57,-3.48,1375,Mediterranean,Yes,No,2.8,21.5714285714286
SU8107,Piston,35.57,-3.48,1375,Mediterranean,Yes,Yes,2.8,1.85714285714286
T87/2/20G,Piston,34.97,23.75,707,Mediterranean,No,No,0.455,88.6666666666667
T87/2/20G,Piston,34.97,23.75,707,Mediterranean,No,Yes,0.455,26
T87/2/20G,Piston,34.97,23.75,707,Mediterranean,Yes,No,0.455,24.6666666666667
T87/2/20G,Piston,34.97,23.75,707,Mediterranean,Yes,Yes,0.455,66.6666666666667
U938,,-45.075,179.4983333,2700,,No,No,1.3,208
U938,,-45.075,179.4983333,2700,,No,Yes,1.3,19
U938,,-45.075,179.4983333,2700,,Yes,No,1.3,100
U938,,-45.075,179.4983333,2700,,Yes,Yes,1.3,0
V  28294,,28.433,139.967,266,Pacific,No,No,4,365
V  28294,,28.433,139.967,266,Pacific,No,Yes,4,272
V  28294,,28.433,139.967,266,Pacific,Yes,No,4,486
V  28294,,28.433,139.967,266,Pacific,Yes,Yes,4,520
V  28304,,28.533,134.133,267,Pacific,No,No,45,184
V  28304,,28.533,134.133,267,Pacific,No,Yes,45,167
V  28304,,28.533,134.133,267,Pacific,Yes,No,45,349
V  28304,,28.533,134.133,267,Pacific,Yes,Yes,45,245
V  32139,,31.567,151.1,271,Pacific,No,No,1,50
V  32139,,31.567,151.1,271,Pacific,No,Yes,1,30
V  32139,,31.567,151.1,271,Pacific,Yes,No,1,258
V  32139,,31.567,151.1,271,Pacific,Yes,Yes,1,20
V 18-31,,-2.85,-126.2,248,Pacific,No,No,25,51
V 18-31,,-2.85,-126.2,248,Pacific,No,Yes,25,11
V 18-31,,-2.85,-126.2,248,Pacific,Yes,No,25,116
V 18-31,,-2.85,-126.2,248,Pacific,Yes,Yes,25,4
V 18-31,,3.167,-118.467,249,Pacific,No,No,15,14
V 18-31,,3.167,-118.467,249,Pacific,No,Yes,15,2
V 18-31,,3.167,-118.467,249,Pacific,Yes,No,15,173
V 18-31,,3.167,-118.467,249,Pacific,Yes,Yes,15,13
V 19-29,,-3.583,-83.933,250,Pacific,No,No,120,391
V 19-29,,-3.583,-83.933,250,Pacific,No,Yes,120,330
V 19-29,,-3.583,-83.933,250,Pacific,Yes,No,120,464
V 19-29,,-3.583,-83.933,250,Pacific,Yes,Yes,120,6
V 19-53,,-17.017,-113.517,251,Pacific,No,No,45,74
V 19-53,,-17.017,-113.517,251,Pacific,No,Yes,45,3
V 19-53,,-17.017,-113.517,251,Pacific,Yes,No,45,154
V 19-53,,-17.017,-113.517,251,Pacific,Yes,Yes,45,70
V 19-55,,-17,-114.183,252,Pacific,No,No,23,91
V 19-55,,-17,-114.183,252,Pacific,No,Yes,23,68
V 19-55,,-17,-114.183,252,Pacific,Yes,No,23,751
V 19-55,,-17,-114.183,252,Pacific,Yes,Yes,23,263
V 19-64,,-16.933,-121.2,253,Pacific,No,No,15,26
V 19-64,,-16.933,-121.2,253,Pacific,No,Yes,15,24
V 19-64,,-16.933,-121.2,253,Pacific,Yes,No,15,357
V 19-64,,-16.933,-121.2,253,Pacific,Yes,Yes,15,172
V 19-65,,-16.65,-124.383,254,Pacific,No,No,15,66
V 19-65,,-16.65,-124.383,254,Pacific,No,Yes,15,19
V 19-65,,-16.65,-124.383,254,Pacific,Yes,No,15,577
V 19-65,,-16.65,-124.383,254,Pacific,Yes,Yes,15,238
V 19-96,,0.867,172,255,Pacific,No,No,15,8
V 19-96,,0.867,172,255,Pacific,No,Yes,15,33
V 19-96,,0.867,172,255,Pacific,Yes,No,15,162
V 19-96,,0.867,172,255,Pacific,Yes,Yes,15,52
V 20-11,,47.95,168.783,256,Pacific,No,No,20,413
V 20-11,,47.95,168.783,256,Pacific,No,Yes,20,14
V 20-11,,47.95,168.783,256,Pacific,Yes,No,20,0
V 20-11,,47.95,168.783,256,Pacific,Yes,Yes,20,0
V 21-14,,37.683,163.033,259,Pacific,No,No,70,88
V 21-14,,37.683,163.033,259,Pacific,No,Yes,70,27
V 21-14,,37.683,163.033,259,Pacific,Yes,No,70,275
V 21-14,,37.683,163.033,259,Pacific,Yes,Yes,70,1
V 21-30,,-1.217,-89.683,257,Pacific,No,No,250,327
V 21-30,,-1.217,-89.683,257,Pacific,No,Yes,250,663
V 21-30,,-1.217,-89.683,257,Pacific,Yes,No,250,482
V 21-30,,-1.217,-89.683,257,Pacific,Yes,Yes,250,20
V 21-33,,-3.8,-92.083,258,Pacific,No,No,45,130
V 21-33,,-3.8,-92.083,258,Pacific,No,Yes,45,74
V 21-33,,-3.8,-92.083,258,Pacific,Yes,No,45,370
V 21-33,,-3.8,-92.083,258,Pacific,Yes,Yes,45,4
V 28-20,,0.95,-179.417,261,Pacific,No,No,40,36
V 28-20,,0.95,-179.417,261,Pacific,No,Yes,40,94
V 28-20,,0.95,-179.417,261,Pacific,Yes,No,40,390
V 28-20,,0.95,-179.417,261,Pacific,Yes,Yes,40,170
V 28-20,,2.767,-173.933,260,Pacific,No,No,20,9
V 28-20,,2.767,-173.933,260,Pacific,No,Yes,20,125
V 28-20,,2.767,-173.933,260,Pacific,Yes,No,20,297
V 28-20,,2.767,-173.933,260,Pacific,Yes,Yes,20,185
V 28-23,,-5.5,166.75,262,Pacific,No,No,20,10
V 28-23,,-5.5,166.75,262,Pacific,No,Yes,20,70
V 28-23,,-5.5,166.75,262,Pacific,Yes,No,20,312
V 28-23,,-5.5,166.75,262,Pacific,Yes,Yes,20,146
V 28-23,,1.017,160.483,263,Pacific,No,No,35,7
V 28-23,,1.017,160.483,263,Pacific,No,Yes,35,39
V 28-23,,1.017,160.483,263,Pacific,Yes,No,35,121
V 28-23,,1.017,160.483,263,Pacific,Yes,Yes,35,67
V 28-23,,3.25,159.183,264,Pacific,No,No,30,11
V 28-23,,3.25,159.183,264,Pacific,No,Yes,30,30
V 28-23,,3.25,159.183,264,Pacific,Yes,No,30,138
V 28-23,,3.25,159.183,264,Pacific,Yes,Yes,30,53
V 28-24,,11.067,138.533,265,Pacific,No,No,20,10
V 28-24,,11.067,138.533,265,Pacific,No,Yes,20,100
V 28-24,,11.067,138.533,265,Pacific,Yes,No,20,193
V 28-24,,11.067,138.533,265,Pacific,Yes,Yes,20,351
V 32126,,35.317,177.9,269,Pacific,No,No,25,223
V 32126,,35.317,177.9,269,Pacific,No,Yes,25,182
V 32126,,35.317,177.9,269,Pacific,Yes,No,25,213
V 32126,,35.317,177.9,269,Pacific,Yes,Yes,25,13
V10-49,Piston,36.083,26.833,1170,Mediterranean,No,No,1.17,231
V10-49,Piston,36.083,26.833,1170,Mediterranean,No,Yes,1.17,32
V10-49,Piston,36.083,26.833,1170,Mediterranean,Yes,No,1.17,82
V10-49,Piston,36.083,26.833,1170,Mediterranean,Yes,Yes,1.17,3
V10-51,Piston,35.917,27.3,791,Mediterranean,No,No,1.41,185.666666666667
V10-51,Piston,35.917,27.3,791,Mediterranean,No,Yes,1.41,42
V10-51,Piston,35.917,27.3,791,Mediterranean,Yes,No,1.41,42
V10-51,Piston,35.917,27.3,791,Mediterranean,Yes,Yes,1.41,2.33333333333333
V14-077,,-29.64166667,32.85833333,1818,,No,No,0.29,27
V14-077,,-29.64166667,32.85833333,1818,,No,Yes,0.29,8
V14-077,,-29.64166667,32.85833333,1818,,Yes,No,0.29,153
V14-077,,-29.64166667,32.85833333,1818,,Yes,Yes,0.29,113
V14-081,,-28.425,43.78333333,3634,,No,No,0.35,37
V14-081,,-28.425,43.78333333,3634,,No,Yes,0.35,23
V14-081,,-28.425,43.78333333,3634,,Yes,No,0.35,115
V14-081,,-28.425,43.78333333,3634,,Yes,Yes,0.35,124
V14-101,,8.65,58.56666667,2849,,No,No,0.7,51
V14-101,,8.65,58.56666667,2849,,No,Yes,0.7,28
V14-101,,8.65,58.56666667,2849,,Yes,No,0.7,148
V14-101,,8.65,58.56666667,2849,,Yes,Yes,0.7,75
V14-102,,10.25,57.18333333,3915,,No,No,0.4,69
V14-102,,10.25,57.18333333,3915,,No,Yes,0.4,28
V14-102,,10.25,57.18333333,3915,,Yes,No,0.4,149
V14-102,,10.25,57.18333333,3915,,Yes,Yes,0.4,52
V16-089,,-33.01666667,85.78333333,3416,,No,No,0.4,96
V16-089,,-33.01666667,85.78333333,3416,,No,Yes,0.4,88
V16-089,,-33.01666667,85.78333333,3416,,Yes,No,0.4,92
V16-089,,-33.01666667,85.78333333,3416,,Yes,Yes,0.4,22
V18-191,,-32.433,46.567,2946,,No,No,0.3,79
V18-191,,-32.433,46.567,2946,,No,Yes,0.3,43
V18-191,,-32.433,46.567,2946,,Yes,No,0.3,119
V18-191,,-32.433,46.567,2946,,Yes,Yes,0.3,59
V18-207,,-25.63333333,87.11666667,2434,,No,No,0.4,30
V18-207,,-25.63333333,87.11666667,2434,,No,Yes,0.4,7
V18-207,,-25.63333333,87.11666667,2434,,Yes,No,0.4,66
V18-207,,-25.63333333,87.11666667,2434,,Yes,Yes,0.4,199
V19-178,,8.116666667,73.25,2188,,No,No,0.8,21
V19-178,,8.116666667,73.25,2188,,No,Yes,0.8,18
V19-178,,8.116666667,73.25,2188,,Yes,No,0.8,130
V19-178,,8.116666667,73.25,2188,,Yes,Yes,0.8,129
V19-185,,6.7,59.33333333,2867,,No,No,0.3,52
V19-185,,6.7,59.33333333,2867,,No,Yes,0.3,35
V19-185,,6.7,59.33333333,2867,,Yes,No,0.3,121
V19-185,,6.7,59.33333333,2867,,Yes,Yes,0.3,93
V19-188,,6.866666667,60.66666667,3356,,No,No,0.6,58
V19-188,,6.866666667,60.66666667,3356,,No,Yes,0.6,30
V19-188,,6.866666667,60.66666667,3356,,Yes,No,0.6,126
V19-188,,6.866666667,60.66666667,3356,,Yes,Yes,0.6,83
V19-201,,-5.333333333,40.43333333,1846,,No,No,0.7,30
V19-201,,-5.333333333,40.43333333,1846,,No,Yes,0.7,16
V19-201,,-5.333333333,40.43333333,1846,,Yes,No,0.7,130
V19-201,,-5.333333333,40.43333333,1846,,Yes,Yes,0.7,125
V19-202,,-6.983333333,41.18333333,2589,,No,No,0.4,29
V19-202,,-6.983333333,41.18333333,2589,,No,Yes,0.4,19
V19-202,,-6.983333333,41.18333333,2589,,Yes,No,0.4,120
V19-202,,-6.983333333,41.18333333,2589,,Yes,Yes,0.4,133
V19-204,,-10.23333333,43.81666667,3524,,No,No,0.3,31
V19-204,,-10.23333333,43.81666667,3524,,No,Yes,0.3,21
V19-204,,-10.23333333,43.81666667,3524,,Yes,No,0.3,127
V19-204,,-10.23333333,43.81666667,3524,,Yes,Yes,0.3,124
V19-29,,-3.583,-83.933,304,Pacific,No,No,120,234
V19-29,,-3.583,-83.933,304,Pacific,No,Yes,120,286
V19-29,,-3.583,-83.933,304,Pacific,Yes,No,120,631
V19-29,,-3.583,-83.933,304,Pacific,Yes,Yes,120,29
V20-170,,-21.8,69.23333333,2479,,No,No,0.3,26
V20-170,,-21.8,69.23333333,2479,,No,Yes,0.3,5
V20-170,,-21.8,69.23333333,2479,,Yes,No,0.3,64
V20-170,,-21.8,69.23333333,2479,,Yes,Yes,0.3,206
V20-175,,-22.3,68,3526,,No,No,0.3,25
V20-175,,-22.3,68,3526,,No,Yes,0.3,7
V20-175,,-22.3,68,3526,,Yes,No,0.3,60
V20-175,,-22.3,68,3526,,Yes,Yes,0.3,204
V24-157,,-14.95,147.92,1212,,No,No,0.3,5
V24-157,,-14.95,147.92,1212,,No,Yes,0.3,11
V24-157,,-14.95,147.92,1212,,Yes,No,0.3,112
V24-157,,-14.95,147.92,1212,,Yes,Yes,0.3,280
V24-161,,-18.2,151.45,1670,,No,No,0.5,12
V24-161,,-18.2,151.45,1670,,No,Yes,0.5,12
V24-161,,-18.2,151.45,1670,,Yes,No,0.5,63
V24-161,,-18.2,151.45,1670,,Yes,Yes,0.5,198
V24-170,,-13.52,146.88,2243,,No,No,0.4,16
V24-170,,-13.52,146.88,2243,,No,Yes,0.4,11
V24-170,,-13.52,146.88,2243,,Yes,No,0.4,96
V24-170,,-13.52,146.88,2243,,Yes,Yes,0.4,279
V24-184,,-12.87,146.2,2708,,No,No,0.3,14
V24-184,,-12.87,146.2,2708,,No,Yes,0.3,3
V24-184,,-12.87,146.2,2708,,Yes,No,0.3,101
V24-184,,-12.87,146.2,2708,,Yes,Yes,0.3,221
V28-238,,1.016666667,160.4833333,3120,,No,No,0.39,57
V28-238,,1.016666667,160.4833333,3120,,No,Yes,0.39,6
V28-238,,1.016666667,160.4833333,3120,,Yes,No,0.39,472
V28-238,,1.016666667,160.4833333,3120,,Yes,Yes,0.39,515
V28-239,,3.25,159.1833333,3490,,No,No,0.52,53
V28-239,,3.25,159.1833333,3490,,No,Yes,0.52,1
V28-239,,3.25,159.1833333,3490,,Yes,No,0.52,340
V28-239,,3.25,159.1833333,3490,,Yes,Yes,0.52,208
V28-310,,25.417,125.633,268,Pacific,No,No,40,6
V28-310,,25.417,125.633,268,Pacific,No,Yes,40,71
V28-310,,25.417,125.633,268,Pacific,Yes,No,40,430
V28-310,,25.417,125.633,268,Pacific,Yes,Yes,40,206
V28-342 (W),,-14.1,120.5,2730,,No,No,0.89,30
V28-342 (W),,-14.1,120.5,2730,,No,Yes,0.89,0
V28-342 (W),,-14.1,120.5,2730,,Yes,No,0.89,102
V28-342 (W),,-14.1,120.5,2730,,Yes,Yes,0.89,138
V29-029,,5.116666667,77.58333333,2673,,No,No,0.8,12
V29-029,,5.116666667,77.58333333,2673,,No,Yes,0.8,47
V29-029,,5.116666667,77.58333333,2673,,Yes,No,0.8,180
V29-029,,5.116666667,77.58333333,2673,,Yes,Yes,0.8,62
V29-030,,3.083333333,76.25,3651,,No,No,0.8,26
V29-030,,3.083333333,76.25,3651,,No,Yes,0.8,18
V29-030,,3.083333333,76.25,3651,,Yes,No,0.8,191
V29-030,,3.083333333,76.25,3651,,Yes,Yes,0.8,66
V29-045,,-6,69.817,2860,,No,No,0.4,30
V29-045,,-6,69.817,2860,,No,Yes,0.4,19
V29-045,,-6,69.817,2860,,Yes,No,0.4,137
V29-045,,-6,69.817,2860,,Yes,Yes,0.4,114
V29-048,,-6.266666667,63.43333333,3882,,No,No,0.2,29
V29-048,,-6.266666667,63.43333333,3882,,No,Yes,0.2,9
V29-048,,-6.266666667,63.43333333,3882,,Yes,No,0.2,126
V29-048,,-6.266666667,63.43333333,3882,,Yes,Yes,0.2,133
V29-064,,-27.283,74.867,3404,,No,No,0.3,54
V29-064,,-27.283,74.867,3404,,No,Yes,0.3,14
V29-064,,-27.283,74.867,3404,,Yes,No,0.3,49
V29-064,,-27.283,74.867,3404,,Yes,Yes,0.3,178
V32-128,,36.467,177.167,270,Pacific,No,No,32,519
V32-128,,36.467,177.167,270,Pacific,No,Yes,32,174
V32-128,,36.467,177.167,270,Pacific,Yes,No,32,260
V32-128,,36.467,177.167,270,Pacific,Yes,Yes,32,12
V33-065,,-22.73333333,112.5833333,1692,,No,No,0.4,16
V33-065,,-22.73333333,112.5833333,1692,,No,Yes,0.4,6
V33-065,,-22.73333333,112.5833333,1692,,Yes,No,0.4,187
V33-065,,-22.73333333,112.5833333,1692,,Yes,Yes,0.4,89
VNTRO1-8,,0.033,-110.483,305,Pacific,No,No,41,98
VNTRO1-8,,0.033,-110.483,305,Pacific,No,Yes,41,25
VNTRO1-8,,0.033,-110.483,305,Pacific,Yes,No,41,270
VNTRO1-8,,0.033,-110.483,305,Pacific,Yes,Yes,41,20
Y69-106p,,2.983,-86.55,306,Pacific,No,No,30,37
Y69-106p,,2.983,-86.55,306,Pacific,No,Yes,30,35
Y69-106p,,2.983,-86.55,306,Pacific,Yes,No,30,145
Y69-106p,,2.983,-86.55,306,Pacific,Yes,Yes,30,17
Y69-71P,,0.1,-86.483,307,Pacific,No,No,180,27
Y69-71P,,0.1,-86.483,307,Pacific,No,Yes,180,66
Y69-71P,,0.1,-86.483,307,Pacific,Yes,No,180,197
Y69-71P,,0.1,-86.483,307,Pacific,Yes,Yes,180,6
Y71-3-2,,7.167,-85.15,308,Pacific,No,No,20,4
Y71-3-2,,7.167,-85.15,308,Pacific,No,Yes,20,35
Y71-3-2,,7.167,-85.15,308,Pacific,Yes,No,20,156
Y71-3-2,,7.167,-85.15,308,Pacific,Yes,Yes,20,11
Y71-6-12,,-16.443,-77.563,312,Pacific,No,No,46,83
Y71-6-12,,-16.443,-77.563,312,Pacific,No,Yes,46,110
Y71-6-12,,-16.443,-77.563,312,Pacific,Yes,No,46,182
Y71-6-12,,-16.443,-77.563,312,Pacific,Yes,Yes,46,15
Y71-6-12,,-16.443,-77.563,313,Pacific,No,No,50,214
Y71-6-12,,-16.443,-77.563,313,Pacific,No,Yes,50,90
Y71-6-12,,-16.443,-77.563,313,Pacific,Yes,No,50,296
Y71-6-12,,-16.443,-77.563,313,Pacific,Yes,Yes,50,6
Y71-6-12,,-16.443,-77.563,314,Pacific,No,No,56,67
Y71-6-12,,-16.443,-77.563,314,Pacific,No,Yes,56,43
Y71-6-12,,-16.443,-77.563,314,Pacific,Yes,No,56,192
Y71-6-12,,-16.443,-77.563,314,Pacific,Yes,Yes,56,17
Y71-6-12,,-16.44,-77.56,310,Pacific,No,No,49,213
Y71-6-12,,-16.44,-77.56,310,Pacific,No,Yes,49,90
Y71-6-12,,-16.44,-77.56,310,Pacific,Yes,No,49,342
Y71-6-12,,-16.44,-77.56,310,Pacific,Yes,Yes,49,6
Z2108,,-33.3765,161.6125,1448,,No,No,0.75,180
Z2108,,-33.3765,161.6125,1448,,No,Yes,0.75,49
Z2108,,-33.3765,161.6125,1448,,Yes,No,0.75,177
Z2108,,-33.3765,161.6125,1448,,Yes,Yes,0.75,66
Z2112,,-33.53,166.53,2858,,No,No,0.935,227
Z2112,,-33.53,166.53,2858,,No,Yes,0.935,69
Z2112,,-33.53,166.53,2858,,Yes,No,0.935,154
Z2112,,-33.53,166.53,2858,,Yes,Yes,0.935,66
y71-9-101,,-6.383,-106.933,309,Pacific,No,No,63,6
y71-9-101,,-6.383,-106.933,309,Pacific,No,Yes,63,15
y71-9-101,,-6.383,-106.933,309,Pacific,Yes,No,63,198
y71-9-101,,-6.383,-106.933,309,Pacific,Yes,Yes,63,22
