Latitude,Longitude,Event,Elevation,Symbiosis,Spinose,Depth,Absolute Abundance
-55.33,65.467,RC08-46,-2761,No,No,45,321
-55.33,65.467,RC08-46,-2761,No,Yes,45,6
-55.33,65.467,RC08-46,-2761,Yes,No,45,2
-55.33,65.467,RC08-46,-2761,Yes,Yes,45,1
-53.038,119.735,ELT44.027-PC,-3542,No,No,27,236
-53.038,119.735,ELT44.027-PC,-3542,No,Yes,27,113
-53.038,119.735,ELT44.027-PC,-3542,Yes,No,27,54
-53.038,119.735,ELT44.027-PC,-3542,Yes,Yes,27,0
-51.08,129.97,RC08-63,-3442,No,No,51,140
-51.08,129.97,RC08-63,-3442,No,Yes,51,109
-51.08,129.97,RC08-63,-3442,Yes,No,51,39
-51.08,129.97,RC08-63,-3442,Yes,Yes,51,3
-50.87,-9.867,RC11-78,-3115,No,No,82,355
-50.87,-9.867,RC11-78,-3115,No,Yes,82,4
-50.87,-9.867,RC11-78,-3115,Yes,No,82,0
-50.87,-9.867,RC11-78,-3115,Yes,Yes,82,1
-50.7167,13.4333,RC13-275,-1984,No,No,96,306
-50.7167,13.4333,RC13-275,-1984,No,Yes,96,10
-50.7167,13.4333,RC13-275,-1984,Yes,No,96,3
-50.7167,13.4333,RC13-275,-1984,Yes,Yes,96,0
-49.92,-15.57,RC15-91,-3775,No,No,97,393
-49.92,-15.57,RC15-91,-3775,No,Yes,97,55
-49.92,-15.57,RC15-91,-3775,Yes,No,97,214
-49.92,-15.57,RC15-91,-3775,Yes,Yes,97,0
-49.378,94.832,ELT49.025-PC,-3366,No,No,39,91
-49.378,94.832,ELT49.025-PC,-3366,No,Yes,39,128
-49.378,94.832,ELT49.025-PC,-3366,Yes,No,39,69
-49.378,94.832,ELT49.025-PC,-3366,Yes,Yes,39,0
-49.33,127.12,RC08-62,-3875,No,No,50,64
-49.33,127.12,RC08-62,-3875,No,Yes,50,125
-49.33,127.12,RC08-62,-3875,Yes,No,50,65
-49.33,127.12,RC08-62,-3875,Yes,Yes,50,8
-49,-4.6,RC11-79,-3385,No,No,83,374
-49,-4.6,RC11-79,-3385,No,Yes,83,4
-49,-4.6,RC11-79,-3385,Yes,No,83,3
-49,-4.6,RC11-79,-3385,Yes,Yes,83,0
-48.008,114.478,ELT45.070-PC,-3726,No,No,29,125
-48.008,114.478,ELT45.070-PC,-3726,No,Yes,29,286
-48.008,114.478,ELT45.070-PC,-3726,Yes,No,29,115
-48.008,114.478,ELT45.070-PC,-3726,Yes,Yes,29,0
-47.988,95.037,ELT49.024-PC,-3240,No,No,38,90
-47.988,95.037,ELT49.024-PC,-3240,No,Yes,38,133
-47.988,95.037,ELT49.024-PC,-3240,Yes,No,38,68
-47.988,95.037,ELT49.024-PC,-3240,Yes,Yes,38,0
-47.77,123.1,RC09-139,-4158,No,No,52,39
-47.77,123.1,RC09-139,-4158,No,Yes,52,238
-47.77,123.1,RC09-139,-4158,Yes,No,52,87
-47.77,123.1,RC09-139,-4158,Yes,Yes,52,2
-47.533,114.423,ELT45.073-PC,-3768,No,No,30,142
-47.533,114.423,ELT45.073-PC,-3768,No,Yes,30,230
-47.533,114.423,ELT45.073-PC,-3768,Yes,No,30,87
-47.533,114.423,ELT45.073-PC,-3768,Yes,Yes,30,2
-47.128,95.08,ELT49.023-PC,-3285,No,No,37,91
-47.128,95.08,ELT49.023-PC,-3285,No,Yes,37,160
-47.128,95.08,ELT49.023-PC,-3285,Yes,No,37,82
-47.128,95.08,ELT49.023-PC,-3285,Yes,Yes,37,0
-46.75,-0.05,RC11-80,-3656,No,No,84,101
-46.75,-0.05,RC11-80,-3656,No,Yes,84,92
-46.75,-0.05,RC11-80,-3656,Yes,No,84,164
-46.75,-0.05,RC11-80,-3656,Yes,Yes,84,1
-46.6,7.625,RC13-253,-2494,No,No,95,121
-46.6,7.625,RC13-253,-2494,No,Yes,95,108
-46.6,7.625,RC13-253,-2494,Yes,No,95,35
-46.6,7.625,RC13-253,-2494,Yes,Yes,95,1
-46.53,125.57,RC08-61,-4254,No,No,49,73
-46.53,125.57,RC08-61,-4254,No,Yes,49,185
-46.53,125.57,RC08-61,-4254,Yes,No,49,101
-46.53,125.57,RC08-61,-4254,Yes,Yes,49,11
-46.448,114.417,ELT45.077-PC,-3854,No,No,31,87
-46.448,114.417,ELT45.077-PC,-3854,No,Yes,31,251
-46.448,114.417,ELT45.077-PC,-3854,Yes,No,31,106
-46.448,114.417,ELT45.077-PC,-3854,Yes,Yes,31,7
-46.13,-10.9,V22-106,-3037,No,No,211,385
-46.13,-10.9,V22-106,-3037,No,Yes,211,123
-46.13,-10.9,V22-106,-3037,Yes,No,211,77
-46.13,-10.9,V22-106,-3037,Yes,Yes,211,3
-46.1,-13.23,RC15-93,-2714,No,No,98,163
-46.1,-13.23,RC15-93,-2714,No,Yes,98,133
-46.1,-13.23,RC15-93,-2714,Yes,No,98,57
-46.1,-13.23,RC15-93,-2714,Yes,Yes,98,4
-46.02,44.367,V16-64,-2202,No,No,161,123
-46.02,44.367,V16-64,-2202,No,Yes,161,150
-46.02,44.367,V16-64,-2202,Yes,No,161,98
-46.02,44.367,V16-64,-2202,Yes,Yes,161,0
-45.42,121.12,RC09-140,-4400,No,No,53,32
-45.42,121.12,RC09-140,-4400,No,Yes,53,229
-45.42,121.12,RC09-140,-4400,Yes,No,53,71
-45.42,121.12,RC09-140,-4400,Yes,Yes,53,11
-45.037,114.348,ELT45.078-PC,-4084,No,No,32,59
-45.037,114.348,ELT45.078-PC,-4084,No,Yes,32,172
-45.037,114.348,ELT45.078-PC,-4084,Yes,No,32,63
-45.037,114.348,ELT45.078-PC,-4084,Yes,Yes,32,2
-45.022,95.082,ELT49.022-PC,-2734,No,No,36,110
-45.022,95.082,ELT49.022-PC,-2734,No,Yes,36,133
-45.022,95.082,ELT49.022-PC,-2734,Yes,No,36,117
-45.022,95.082,ELT49.022-PC,-2734,Yes,Yes,36,0
-45,45.767,V16-65,-1618,No,No,162,127
-45,45.767,V16-65,-1618,No,Yes,162,133
-45,45.767,V16-65,-1618,Yes,No,162,100
-45,45.767,V16-65,-1618,Yes,Yes,162,0
-44.77,92.417,RC08-50,-3219,No,No,46,96
-44.77,92.417,RC08-50,-3219,No,Yes,46,152
-44.77,92.417,RC08-50,-3219,Yes,No,46,103
-44.77,92.417,RC08-50,-3219,Yes,Yes,46,4
-44.47,-6.633,V22-107,-3898,No,No,212,60
-44.47,-6.633,V22-107,-3898,No,Yes,212,203
-44.47,-6.633,V22-107,-3898,Yes,No,212,79
-44.47,-6.633,V22-107,-3898,Yes,Yes,212,5
-43.953,114.368,ELT45.081-PC,-4318,No,No,33,90
-43.953,114.368,ELT45.081-PC,-4318,No,Yes,33,199
-43.953,114.368,ELT45.081-PC,-4318,Yes,No,33,161
-43.953,114.368,ELT45.081-PC,-4318,Yes,Yes,33,23
-43.78,46.2,RC08-40,-2540,No,No,43,94
-43.78,46.2,RC08-40,-2540,No,Yes,43,88
-43.78,46.2,RC08-40,-2540,Yes,No,43,41
-43.78,46.2,RC08-40,-2540,Yes,Yes,43,1
-43.63,51.267,RC08-41,-2897,No,No,44,166
-43.63,51.267,RC08-41,-2897,No,Yes,44,122
-43.63,51.267,RC08-41,-2897,Yes,No,44,96
-43.63,51.267,RC08-41,-2897,Yes,Yes,44,0
-43.308,105.548,ELT45.027-PC,-3823,No,No,28,68
-43.308,105.548,ELT45.027-PC,-3823,No,Yes,28,169
-43.308,105.548,ELT45.027-PC,-3823,Yes,No,28,49
-43.308,105.548,ELT45.027-PC,-3823,Yes,Yes,28,0
-43.18,-3.25,V22-108,-4171,No,No,213,33
-43.18,-3.25,V22-108,-4171,No,Yes,213,291
-43.18,-3.25,V22-108,-4171,Yes,No,213,127
-43.18,-3.25,V22-108,-4171,Yes,Yes,213,1
-43.03,57.35,RC11-103,-4673,No,No,68,81
-43.03,57.35,RC11-103,-4673,No,Yes,68,54
-43.03,57.35,RC11-103,-4673,Yes,No,68,228
-43.03,57.35,RC11-103,-4673,Yes,Yes,68,0
-42.58,-17.8,RC12-291,-3508,No,No,85,49
-42.58,-17.8,RC12-291,-3508,No,Yes,85,166
-42.58,-17.8,RC12-291,-3508,Yes,No,85,61
-42.58,-17.8,RC12-291,-3508,Yes,Yes,85,8
-41.37,114.13,RC09-143,-4396,No,No,54,13
-41.37,114.13,RC09-143,-4396,No,Yes,54,117
-41.37,114.13,RC09-143,-4396,Yes,No,54,84
-41.37,114.13,RC09-143,-4396,Yes,Yes,54,3
-41.02,100.012,ELT48.003-PC,-3982,No,No,34,35
-41.02,100.012,ELT48.003-PC,-3982,No,Yes,34,198
-41.02,100.012,ELT48.003-PC,-3982,Yes,No,34,59
-41.02,100.012,ELT48.003-PC,-3982,Yes,Yes,34,4
-39.515,83.723,ELT48.023-PC,-3551,No,No,35,77
-39.515,83.723,ELT48.023-PC,-3551,No,Yes,35,162
-39.515,83.723,ELT48.023-PC,-3551,Yes,No,35,46
-39.515,83.723,ELT48.023-PC,-3551,Yes,Yes,35,3
-39.38,104.37,RC08-53,-4429,No,No,47,38
-39.38,104.37,RC08-53,-4429,No,Yes,47,66
-39.38,104.37,RC08-53,-4429,Yes,No,47,85
-39.38,104.37,RC08-53,-4429,Yes,Yes,47,26
-39.2,13.5,V14-67,-3016,No,No,147,65
-39.2,13.5,V14-67,-3016,No,Yes,147,71
-39.2,13.5,V14-67,-3016,Yes,No,147,124
-39.2,13.5,V14-67,-3016,Yes,Yes,147,55
-38.98,29.933,V18-186,-4205,No,No,182,119
-38.98,29.933,V18-186,-4205,No,Yes,182,17
-38.98,29.933,V18-186,-4205,Yes,No,182,160
-38.98,29.933,V18-186,-4205,Yes,Yes,182,4
-38.57,140.62,V18-222,-1904,No,No,188,37
-38.57,140.62,V18-222,-1904,No,Yes,188,52
-38.57,140.62,V18-222,-1904,Yes,No,188,89
-38.57,140.62,V18-222,-1904,Yes,Yes,188,28
-38.03,83.483,RC11-122,-3490,No,No,75,70
-38.03,83.483,RC11-122,-3490,No,Yes,75,75
-38.03,83.483,RC11-122,-3490,Yes,No,75,59
-38.03,83.483,RC11-122,-3490,Yes,Yes,75,51
-37.63,37.867,V18-188,-4960,No,No,183,106
-37.63,37.867,V18-188,-4960,No,Yes,183,29
-37.63,37.867,V18-188,-4960,Yes,No,183,215
-37.63,37.867,V18-188,-4960,Yes,Yes,183,7
-37.15,43.5,V16-67,-3643,No,No,163,97
-37.15,43.5,V16-67,-3643,No,Yes,163,31
-37.15,43.5,V16-67,-3643,Yes,No,163,114
-37.15,43.5,V16-67,-3643,Yes,Yes,163,36
-36.75,120.9,RC08-60,-5351,No,No,48,66
-36.75,120.9,RC08-60,-5351,No,Yes,48,40
-36.75,120.9,RC08-60,-5351,Yes,No,48,122
-36.75,120.9,RC08-60,-5351,Yes,Yes,48,32
-36.48,69.55,RC11-117,-4367,No,No,73,128
-36.48,69.55,RC11-117,-4367,No,Yes,73,34
-36.48,69.55,RC11-117,-4367,Yes,No,73,73
-36.48,69.55,RC11-117,-4367,Yes,Yes,73,12
-36.12,41.85,V18-189,-4923,No,No,184,21
-36.12,41.85,V18-189,-4923,No,Yes,184,5
-36.12,41.85,V18-189,-4923,Yes,No,184,281
-36.12,41.85,V18-189,-4923,Yes,Yes,184,11
-35.88,15.917,V14-69C,-4870,No,No,148,107
-35.88,15.917,V14-69C,-4870,No,Yes,148,22
-35.88,15.917,V14-69C,-4870,Yes,No,148,181
-35.88,15.917,V14-69C,-4870,Yes,Yes,148,2
-34.92,67.583,RC11-116,-4548,No,No,72,89
-34.92,67.583,RC11-116,-4548,No,Yes,72,15
-34.92,67.583,RC11-116,-4548,Yes,No,72,170
-34.92,67.583,RC11-116,-4548,Yes,Yes,72,12
-34.33,54.217,RC11-106,-4212,No,No,69,70
-34.33,54.217,RC11-106,-4212,No,Yes,69,14
-34.33,54.217,RC11-106,-4212,Yes,No,69,269
-34.33,54.217,RC11-106,-4212,Yes,Yes,69,11
-33.8,112.98,RC11-138,-3069,No,No,78,14
-33.8,112.98,RC11-138,-3069,No,Yes,78,33
-33.8,112.98,RC11-138,-3069,Yes,No,78,134
-33.8,112.98,RC11-138,-3069,Yes,Yes,78,80
-33.8,112.98,RC11-139,-3157,No,No,79,6
-33.8,112.98,RC11-139,-3157,No,Yes,79,14
-33.8,112.98,RC11-139,-3157,Yes,No,79,47
-33.8,112.98,RC11-139,-3157,Yes,Yes,79,21
-33.35,16.433,V16-50,-2376,No,No,159.5,59.5
-33.35,16.433,V16-50,-2376,No,Yes,159.5,9.5
-33.35,16.433,V16-50,-2376,Yes,No,159.5,174.5
-33.35,16.433,V16-50,-2376,Yes,Yes,159.5,33
-33.23,15.983,V18-183,-2807,No,No,181,51
-33.23,15.983,V18-183,-2807,No,Yes,181,33
-33.23,15.983,V18-183,-2807,Yes,No,181,152
-33.23,15.983,V18-183,-2807,Yes,Yes,181,30
-33.2,15,V16-48,-3680,No,No,158,86
-33.2,15,V16-48,-3680,No,Yes,158,15
-33.2,15,V16-48,-3680,Yes,No,158,172
-33.2,15,V16-48,-3680,Yes,Yes,158,42
-32.38,84.85,V16-88,-2855,No,No,167,75
-32.38,84.85,V16-88,-2855,No,Yes,167,25
-32.38,84.85,V16-88,-2855,Yes,No,167,105
-32.38,84.85,V16-88,-2855,Yes,Yes,167,62
-31.63,83.8,V16-87,-4316,No,No,166,72
-31.63,83.8,V16-87,-4316,No,Yes,166,31
-31.63,83.8,V16-87,-4316,Yes,No,166,202
-31.63,83.8,V16-87,-4316,Yes,Yes,166,148
-31.57,114.12,RC11-141,-4347,No,No,80,6
-31.57,114.12,RC11-141,-4347,No,Yes,80,6
-31.57,114.12,RC11-141,-4347,Yes,No,80,243
-31.57,114.12,RC11-141,-4347,Yes,Yes,80,19
-31.53,99.25,V16-96,-2417,No,No,171,47
-31.53,99.25,V16-96,-2417,No,Yes,171,65
-31.53,99.25,V16-96,-2417,Yes,No,171,92
-31.53,99.25,V16-96,-2417,Yes,Yes,171,183
-31.05,82.85,V16-86,-4001,No,No,165,62
-31.05,82.85,V16-86,-4001,No,Yes,165,7
-31.05,82.85,V16-86,-4001,Yes,No,165,153
-31.05,82.85,V16-86,-4001,Yes,Yes,165,68
-30.58,13.283,V19-240,-3103,No,No,194,81
-30.58,13.283,V19-240,-3103,No,Yes,194,13
-30.58,13.283,V19-240,-3103,Yes,No,194,168
-30.58,13.283,V19-240,-3103,Yes,Yes,194,55
-30.57,114.45,V18-215,-1161,No,No,187,13
-30.57,114.45,V18-215,-1161,No,Yes,187,18
-30.57,114.45,V18-215,-1161,Yes,No,187,170
-30.57,114.45,V18-215,-1161,Yes,Yes,187,156
-30.2,91.717,V16-93,-2769,No,No,168,46
-30.2,91.717,V16-93,-2769,No,Yes,168,49
-30.2,91.717,V16-93,-2769,Yes,No,168,67
-30.2,91.717,V16-93,-2769,Yes,Yes,168,180
-29.73,79.567,V16-84,-3938,No,No,164,48
-29.73,79.567,V16-84,-3938,No,Yes,164,30
-29.73,79.567,V16-84,-3938,Yes,No,164,136
-29.73,79.567,V16-84,-3938,Yes,Yes,164,193
-29.52,9.583,V19-242,-4881,No,No,195,197
-29.52,9.583,V19-242,-4881,No,Yes,195,2
-29.52,9.583,V19-242,-4881,Yes,No,195,198
-29.52,9.583,V19-242,-4881,Yes,Yes,195,14
-28.883,92.833,V16-94,-3878,No,No,169,30
-28.883,92.833,V16-94,-3878,No,Yes,169,23
-28.883,92.833,V16-94,-3878,Yes,No,169,104
-28.883,92.833,V16-94,-3878,Yes,Yes,169,158
-28.07,95.967,RC11-128,-3926,No,No,76,17
-28.07,95.967,RC11-128,-3926,No,Yes,76,19
-28.07,95.967,RC11-128,-3926,Yes,No,76,89
-28.07,95.967,RC11-128,-3926,Yes,Yes,76,124
-28.017,95.183,V16-95,-4071,No,No,170,23
-28.017,95.183,V16-95,-4071,No,Yes,170,4
-28.017,95.183,V16-95,-4071,Yes,No,170,130
-28.017,95.183,V16-95,-4071,Yes,Yes,170,84
-25.49,11.307,RC13-229,-4191,No,No,94,182
-25.49,11.307,RC13-229,-4191,No,Yes,94,4
-25.49,11.307,RC13-229,-4191,Yes,No,94,74
-25.49,11.307,RC13-229,-4191,Yes,Yes,94,13
-23.05,64.9,V20-177,-4513,No,No,204,4
-23.05,64.9,V20-177,-4513,No,Yes,204,13
-23.05,64.9,V20-177,-4513,Yes,No,204,52
-23.05,64.9,V20-177,-4513,Yes,Yes,204,183
-22.98,7.017,V12-66,-2760,No,No,135,101
-22.98,7.017,V12-66,-2760,No,Yes,135,16
-22.98,7.017,V12-66,-2760,Yes,No,135,99
-22.98,7.017,V12-66,-2760,Yes,Yes,135,98
-22.4,57.633,RC11-111,-4365,No,No,71,6
-22.4,57.633,RC11-111,-4365,No,Yes,71,2
-22.4,57.633,RC11-111,-4365,Yes,No,71,100
-22.4,57.633,RC11-111,-4365,Yes,Yes,71,295
-22.13,68.767,V20-174,-2714,No,No,203,2
-22.13,68.767,V20-174,-2714,No,Yes,203,8
-22.13,68.767,V20-174,-2714,Yes,No,203,31
-22.13,68.767,V20-174,-2714,Yes,Yes,203,137
-21.98,68.483,V20-171,-2833,No,No,202,12
-21.98,68.483,V20-171,-2833,No,Yes,202,2
-21.98,68.483,V20-171,-2833,Yes,No,202,36
-21.98,68.483,V20-171,-2833,Yes,Yes,202,159
-21.83,10.8,V19-256,-3345,No,No,196,675
-21.83,10.8,V19-256,-3345,No,Yes,196,100
-21.83,10.8,V19-256,-3345,Yes,No,196,127
-21.83,10.8,V19-256,-3345,Yes,Yes,196,58
-21.42,112.8,RC11-146,-2371,No,No,81,8
-21.42,112.8,RC11-146,-2371,No,Yes,81,39
-21.42,112.8,RC11-146,-2371,Yes,No,81,107
-21.42,112.8,RC11-146,-2371,Yes,Yes,81,176
-20.58,63.533,V18-200,-3305,No,No,185,9
-20.58,63.533,V18-200,-3305,No,Yes,185,13
-20.58,63.533,V18-200,-3305,Yes,No,185,48
-20.58,63.533,V18-200,-3305,Yes,Yes,185,78
-19.92,41.6,V19-209,-2924,No,No,193,43
-19.92,41.6,V19-209,-2924,No,Yes,193,8
-19.92,41.6,V19-209,-2924,Yes,No,193,102
-19.92,41.6,V19-209,-2924,Yes,Yes,193,217
-16.23,58.633,RC17-105,-2500,No,No,103,11
-16.23,58.633,RC17-105,-2500,No,Yes,103,18
-16.23,58.633,RC17-105,-2500,Yes,No,103,86
-16.23,58.633,RC17-105,-2500,Yes,Yes,103,259
-15.59,58.852,RC17-104,-3834,No,No,102,9
-15.59,58.852,RC17-104,-3834,No,Yes,102,16
-15.59,58.852,RC17-104,-3834,Yes,No,102,115
-15.59,58.852,RC17-104,-3834,Yes,Yes,102,194
-13.61,59.638,RC17-103,-3912,No,No,101,21
-13.61,59.638,RC17-103,-3912,No,Yes,101,16
-13.61,59.638,RC17-103,-3912,Yes,No,101,105
-13.61,59.638,RC17-103,-3912,Yes,Yes,101,185
-13.22,65.617,RC17-98,-3409,No,No,111,32
-13.22,65.617,RC17-98,-3409,No,Yes,111,13
-13.22,65.617,RC17-98,-3409,Yes,No,111,114
-13.22,65.617,RC17-98,-3409,Yes,Yes,111,62
-12.85,59.872,RC17-102,-3470,No,No,100,20
-12.85,59.872,RC17-102,-3470,No,Yes,100,12
-12.85,59.872,RC17-102,-3470,Yes,No,100,115
-12.85,59.872,RC17-102,-3470,Yes,Yes,100,224
-12.38,61.617,RC17-101,-2665,No,No,99,18
-12.38,61.617,RC17-101,-2665,No,Yes,99,10
-12.38,61.617,RC17-101,-2665,Yes,No,99,97
-12.38,61.617,RC17-101,-2665,Yes,Yes,99,188
-4.3,64.817,V14-95,-4513,No,No,149,16
-4.3,64.817,V14-95,-4513,No,Yes,149,3
-4.3,64.817,V14-95,-4513,Yes,No,149,127
-4.3,64.817,V14-95,-4513,Yes,Yes,149,33
-4.217,41.55,V19-200,-2692,No,No,192,27
-4.217,41.55,V19-200,-2692,No,Yes,192,41
-4.217,41.55,V19-200,-2692,Yes,No,192,114
-4.217,41.55,V19-200,-2692,Yes,Yes,192,202
-2.833,66.3,V14-96,-4135,No,No,150,41
-2.833,66.3,V14-96,-4135,No,Yes,150,1
-2.833,66.3,V14-96,-4135,Yes,No,150,206
-2.833,66.3,V14-96,-4135,Yes,Yes,150,29
-2.807,61.203,RC17-110,-4395,No,No,104,41
-2.807,61.203,RC17-110,-4395,No,Yes,104,5
-2.807,61.203,RC17-110,-4395,Yes,No,104,146
-2.807,61.203,RC17-110,-4395,Yes,Yes,104,143
-0.7667,-26.0333,A180-76,-3512,No,No,24,99
-0.7667,-26.0333,A180-76,-3512,No,Yes,24,16
-0.7667,-26.0333,A180-76,-3512,Yes,No,24,117
-0.7667,-26.0333,A180-76,-3512,Yes,Yes,24,133
-0.633,69.45,V14-98,-3893,No,No,151,22
-0.633,69.45,V14-98,-3893,No,Yes,151,6
-0.633,69.45,V14-98,-3893,Yes,No,151,140
-0.633,69.45,V14-98,-3893,Yes,Yes,151,53
-0.05,-24.1667,A180-74,-3329,No,No,23,106
-0.05,-24.1667,A180-74,-3329,No,Yes,23,24
-0.05,-24.1667,A180-74,-3329,Yes,No,23,218
-0.05,-24.1667,A180-74,-3329,Yes,Yes,23,107
0.3,-14.8,V26-53,-4323,No,No,252,25
0.3,-14.8,V26-53,-4323,No,Yes,252,0
0.3,-14.8,V26-53,-4323,Yes,No,252,134
0.3,-14.8,V26-53,-4323,Yes,Yes,252,144
0.85,-32.85,V14-5,-3255,No,No,146,6
0.85,-32.85,V14-5,-3255,No,Yes,146,5
0.85,-32.85,V14-5,-3255,Yes,No,146,66
0.85,-32.85,V14-5,-3255,Yes,Yes,146,280
0.917,-43.77,RC11-12,-4145,No,No,74,4
0.917,-43.77,RC11-12,-4145,No,Yes,74,0
0.917,-43.77,RC11-12,-4145,Yes,No,74,81
0.917,-43.77,RC11-12,-4145,Yes,Yes,74,251
1,1.983,V27-234,-4618,No,No,274,24
1,1.983,V27-234,-4618,No,Yes,274,5
1,1.983,V27-234,-4618,Yes,No,274,217
1,1.983,V27-234,-4618,Yes,Yes,274,106
1.05,-13.63,V27-250,-4942,No,No,278,76
1.05,-13.63,V27-250,-4942,No,Yes,278,2
1.05,-13.63,V27-250,-4942,Yes,No,278,143
1.05,-13.63,V27-250,-4942,Yes,Yes,278,102
1.417,-9.083,V19-296,-5017,No,No,198,116
1.417,-9.083,V19-296,-5017,No,Yes,198,3
1.417,-9.083,V19-296,-5017,Yes,No,198,287
1.417,-9.083,V19-296,-5017,Yes,Yes,198,45
1.683,-41.52,RC11-13,-4378,No,No,77,37
1.683,-41.52,RC11-13,-4378,No,Yes,77,0
1.683,-41.52,RC11-13,-4378,Yes,No,77,114
1.683,-41.52,RC11-13,-4378,Yes,Yes,77,175
1.75,-16.05,V12-80,-4918,No,No,136,41
1.75,-16.05,V12-80,-4918,No,Yes,136,1
1.75,-16.05,V12-80,-4918,Yes,No,136,239
1.75,-16.05,V12-80,-4918,Yes,Yes,136,291
1.967,-37.07,V16-200,-4093,No,No,152,9
1.967,-37.07,V16-200,-4093,No,Yes,152,2
1.967,-37.07,V16-200,-4093,Yes,No,152,77
1.967,-37.07,V16-200,-4093,Yes,Yes,152,362
2,-5.25,V19-291,-4956,No,No,197,87
2,-5.25,V19-291,-4956,No,Yes,197,23
2,-5.25,V19-291,-4956,Yes,No,197,95
2,-5.25,V19-291,-4956,Yes,Yes,197,217
2.1,-35.6,V20-233,-3884,No,No,205,10
2.1,-35.6,V20-233,-3884,No,Yes,205,2
2.1,-35.6,V20-233,-3884,Yes,No,205,54
2.1,-35.6,V20-233,-3884,Yes,Yes,205,248
2.217,-45.4,RC11-11,-3759,No,No,70,10
2.217,-45.4,RC11-11,-3759,No,Yes,70,1
2.217,-45.4,RC11-11,-3759,Yes,No,70,75
2.217,-45.4,RC11-11,-3759,Yes,Yes,70,286
3.05,-11.82,V27-248,-4543,No,No,276,48
3.05,-11.82,V27-248,-4543,No,Yes,276,1
3.05,-11.82,V27-248,-4543,Yes,No,276,51
3.05,-11.82,V27-248,-4543,Yes,Yes,276,83
3.383,-20.12,V22-186,-4471,No,No,214,58
3.383,-20.12,V22-186,-4471,No,Yes,214,0
3.383,-20.12,V22-186,-4471,Yes,No,214,139
3.383,-20.12,V22-186,-4471,Yes,Yes,214,167
3.65,-18.3,A180-70,-4846,No,No,22,186
3.65,-18.3,A180-70,-4846,No,Yes,22,2
3.65,-18.3,A180-70,-4846,Yes,No,22,205
3.65,-18.3,A180-70,-4846,Yes,Yes,22,64
3.65,-15.05,V19-298,-4792,No,No,199,115
3.65,-15.05,V19-298,-4792,No,Yes,199,0
3.65,-15.05,V19-298,-4792,Yes,No,199,198
3.65,-15.05,V19-298,-4792,Yes,Yes,199,43
3.705,-7.722,RC13-196,-3734,No,No,93,1
3.705,-7.722,RC13-196,-3734,No,Yes,93,5
3.705,-7.722,RC13-196,-3734,Yes,No,93,93
3.705,-7.722,RC13-196,-3734,Yes,Yes,93,224
3.867,65.517,V14-100,-3682,No,No,138,20
3.867,65.517,V14-100,-3682,No,Yes,138,8
3.867,65.517,V14-100,-3682,Yes,No,138,82
3.867,65.517,V14-100,-3682,Yes,Yes,138,103
4.233,-47.75,V18-21,-2374,No,No,186,6
4.233,-47.75,V18-21,-2374,No,Yes,186,0
4.233,-47.75,V18-21,-2374,Yes,No,186,73
4.233,-47.75,V18-21,-2374,Yes,Yes,186,297
4.967,-45.97,RC11-10,-3834,No,No,67,6
4.967,-45.97,RC11-10,-3834,No,Yes,67,2
4.967,-45.97,RC11-10,-3834,Yes,No,67,34
4.967,-45.97,RC11-10,-3834,Yes,Yes,67,350
5.2833,-17.0667,A180-69,-5100,No,No,21,203
5.2833,-17.0667,A180-69,-5100,No,Yes,21,4
5.2833,-17.0667,A180-69,-5100,Yes,No,21,64
5.2833,-17.0667,A180-69,-5100,Yes,Yes,21,27
5.317,-33.03,V20-234,-3133,No,No,206,14
5.317,-33.03,V20-234,-3133,No,Yes,206,4
5.317,-33.03,V20-234,-3133,Yes,No,206,74
5.317,-33.03,V20-234,-3133,Yes,Yes,206,245
5.833,-18.08,V26-52,-4903,No,No,251,99
5.833,-18.08,V26-52,-4903,No,Yes,251,0
5.833,-18.08,V26-52,-4903,Yes,No,251,166
5.833,-18.08,V26-52,-4903,Yes,Yes,251,78
6.033,-18.25,V26-51,-4572,No,No,250,39
6.033,-18.25,V26-51,-4572,No,Yes,250,0
6.033,-18.25,V26-51,-4572,Yes,No,250,85
6.033,-18.25,V26-51,-4572,Yes,Yes,250,198
6.267,-17.92,V26-50,-4826,No,No,249,91
6.267,-17.92,V26-50,-4826,No,Yes,249,0
6.267,-17.92,V26-50,-4826,Yes,No,249,138
6.267,-17.92,V26-50,-4826,Yes,Yes,249,49
7.28,72.805,RC17-126,-1743,No,No,110,19
7.28,72.805,RC17-126,-1743,No,Yes,110,53
7.28,72.805,RC17-126,-1743,Yes,No,110,143
7.28,72.805,RC17-126,-1743,Yes,Yes,110,160
7.433,61.067,V19-184,-3471,No,No,191,25
7.433,61.067,V19-184,-3471,No,Yes,191,19
7.433,61.067,V19-184,-3471,Yes,No,191,92
7.433,61.067,V19-184,-3471,Yes,Yes,191,69
8.117,62.783,V19-183,-4451,No,No,190,25
8.117,62.783,V19-183,-4451,No,Yes,190,38
8.117,62.783,V19-183,-4451,Yes,No,190,147
8.117,62.783,V19-183,-4451,Yes,Yes,190,176
8.233,-37.87,V09-31,-4204,No,No,128,2
8.233,-37.87,V09-31,-4204,No,Yes,128,2
8.233,-37.87,V09-31,-4204,Yes,No,128,50
8.233,-37.87,V09-31,-4204,Yes,Yes,128,315
8.467,-30.13,V20-235,-5242,No,No,207,251
8.467,-30.13,V20-235,-5242,No,Yes,207,4
8.467,-30.13,V20-235,-5242,Yes,No,207,257
8.467,-30.13,V20-235,-5242,Yes,Yes,207,92
8.983,51.733,A15-559FF,-3797,No,No,3,9
8.983,51.733,A15-559FF,-3797,No,Yes,3,70
8.983,51.733,A15-559FF,-3797,Yes,No,3,173
8.983,51.733,A15-559FF,-3797,Yes,Yes,3,102
9.317,-43,V25-46,-4310,No,No,246,8
9.317,-43,V25-46,-4310,No,Yes,246,0
9.317,-43,V25-46,-4310,Yes,No,246,50
9.317,-43,V25-46,-4310,Yes,Yes,246,185
9.567,-18.18,V26-46,-2898,No,No,248,124
9.567,-18.18,V26-46,-2898,No,Yes,248,63
9.567,-18.18,V26-46,-2898,Yes,No,248,156
9.567,-18.18,V26-46,-2898,Yes,Yes,248,239
9.582,72.763,RC17-125,-1734,No,No,109,21
9.582,72.763,RC17-125,-1734,No,Yes,109,55
9.582,72.763,RC17-125,-1734,Yes,No,109,105
9.582,72.763,RC17-125,-1734,Yes,Yes,109,190
10.032,-76.96,RC13-156TW,-3103,No,No,90,69
10.032,-76.96,RC13-156TW,-3103,No,Yes,90,1
10.032,-76.96,RC13-156TW,-3103,Yes,No,90,70
10.032,-76.96,RC13-156TW,-3103,Yes,Yes,90,148
10.183,-77.22,RC09-61,-3191,No,No,60.5,13.5
10.183,-77.22,RC09-61,-3191,No,Yes,60.5,2
10.183,-77.22,RC09-61,-3191,Yes,No,60.5,87
10.183,-77.22,RC09-61,-3191,Yes,Yes,60.5,293.5
10.55,-57.3167,A181-7,-3766,No,No,25,8
10.55,-57.3167,A181-7,-3766,No,Yes,25,0
10.55,-57.3167,A181-7,-3766,Yes,No,25,72
10.55,-57.3167,A181-7,-3766,Yes,Yes,25,420
10.7,-65.2,V12-99,-1020,No,No,137,31
10.7,-65.2,V12-99,-1020,No,Yes,137,132
10.7,-65.2,V12-99,-1020,Yes,No,137,116
10.7,-65.2,V12-99,-1020,Yes,Yes,137,119
10.983,-81.15,V28-126,-3162,No,No,300,14
10.983,-81.15,V28-126,-3162,No,Yes,300,0
10.983,-81.15,V28-126,-3162,Yes,No,300,87
10.983,-81.15,V28-126,-3162,Yes,Yes,300,128
11.117,-80.4,V28-129,-3400,No,No,301,3
11.117,-80.4,V28-129,-3400,No,Yes,301,16
11.117,-80.4,V28-129,-3400,Yes,No,301,61
11.117,-80.4,V28-129,-3400,Yes,Yes,301,211
11.25,-78.15,RC13-157,-3588,No,No,91,21
11.25,-78.15,RC13-157,-3588,No,Yes,91,1
11.25,-78.15,RC13-157,-3588,Yes,No,91,88
11.25,-78.15,RC13-157,-3588,Yes,Yes,91,130
11.433,56.233,V14-103,-4232,No,No,139,34
11.433,56.233,V14-103,-4232,No,Yes,139,11
11.433,56.233,V14-103,-4232,Yes,No,139,98
11.433,56.233,V14-103,-4232,Yes,Yes,139,29
11.533,-60.52,V20-7,-1018,No,No,209,1
11.533,-60.52,V20-7,-1018,No,Yes,209,0
11.533,-60.52,V20-7,-1018,Yes,No,209,41
11.533,-60.52,V20-7,-1018,Yes,Yes,209,251
11.75,-80.43,V17-39,-3435,No,No,179,4
11.75,-80.43,V17-39,-3435,No,Yes,179,11
11.75,-80.43,V17-39,-3435,Yes,No,179,55
11.75,-80.43,V17-39,-3435,Yes,Yes,179,250
11.767,-81.1,RC10-50,-2072,No,No,66,9
11.767,-81.1,RC10-50,-2072,No,Yes,66,1
11.767,-81.1,RC10-50,-2072,Yes,No,66,67
11.767,-81.1,RC10-50,-2072,Yes,Yes,66,222
11.85,46.75,V14-107,-1608,No,No,143,8
11.85,46.75,V14-107,-1608,No,Yes,143,49
11.85,46.75,V14-107,-1608,Yes,No,143,153
11.85,46.75,V14-107,-1608,Yes,Yes,143,59
11.91,-75.04,RC13-146,-3387,No,No,86,100
11.91,-75.04,RC13-146,-3387,No,Yes,86,1
11.91,-75.04,RC13-146,-3387,Yes,No,86,71
11.91,-75.04,RC13-146,-3387,Yes,Yes,86,160
12.05,63.15,RC09-160,-4268,No,No,55,3
12.05,63.15,RC09-160,-4268,No,Yes,55,26
12.05,63.15,RC09-160,-4268,Yes,No,55,165
12.05,63.15,RC09-160,-4268,Yes,Yes,55,125
12.25,-76.63,V24-31,-3623,No,No,243,74
12.25,-76.63,V24-31,-3623,No,Yes,243,1
12.25,-76.63,V24-31,-3623,Yes,No,243,169
12.25,-76.63,V24-31,-3623,Yes,Yes,243,127
12.383,-18.92,V17-158,-4358,No,No,173,106
12.383,-18.92,V17-158,-4358,No,Yes,173,1
12.383,-18.92,V17-158,-4358,Yes,No,173,237
12.383,-18.92,V17-158,-4358,Yes,Yes,173,121
12.4,-77.77,V08-7,-3823,No,No,127,36
12.4,-77.77,V08-7,-3823,No,Yes,127,0
12.4,-77.77,V08-7,-3823,Yes,No,127,97
12.4,-77.77,V08-7,-3823,Yes,Yes,127,216
12.617,45.633,V14-108,-1176,No,No,144,1
12.617,45.633,V14-108,-1176,No,Yes,144,60
12.617,45.633,V14-108,-1176,Yes,No,144,165
12.617,45.633,V14-108,-1176,Yes,Yes,144,63
12.75,-45.63,V22-24,-4321,No,No,222,10
12.75,-45.63,V22-24,-4321,No,Yes,222,0
12.75,-45.63,V22-24,-4321,Yes,No,222,76
12.75,-45.63,V22-24,-4321,Yes,Yes,222,394
12.858,70.255,RC17-123,-3581,No,No,108,6
12.858,70.255,RC17-123,-3581,No,Yes,108,10
12.858,70.255,RC17-123,-3581,Yes,No,108,45
12.858,70.255,RC17-123,-3581,Yes,Yes,108,57
12.867,48.4,V14-106,-2144,No,No,142,2
12.867,48.4,V14-106,-2144,No,Yes,142,49
12.867,48.4,V14-106,-2144,Yes,No,142,171
12.867,48.4,V14-106,-2144,Yes,Yes,142,89
12.88,-74.85,RC13-147,-3941,No,No,87,33
12.88,-74.85,RC13-147,-3941,No,Yes,87,0
12.88,-74.85,RC13-147,-3941,Yes,No,87,165
12.88,-74.85,RC13-147,-3941,Yes,Yes,87,109
13.25,-40.67,V16-23,-4886,No,No,157,21
13.25,-40.67,V16-23,-4886,No,Yes,157,1
13.25,-40.67,V16-23,-4886,Yes,No,157,54
13.25,-40.67,V16-23,-4886,Yes,Yes,157,284
13.367,-74.3,V28-116,-4027,No,No,298,6
13.367,-74.3,V28-116,-4027,No,Yes,298,0
13.367,-74.3,V28-116,-4027,Yes,No,298,23
13.367,-74.3,V28-116,-4027,Yes,Yes,298,9
13.433,53.45,V14-104,-2670,No,No,140,2
13.433,53.45,V14-104,-2670,No,Yes,140,31
13.433,53.45,V14-104,-2670,Yes,No,140,99
13.433,53.45,V14-104,-2670,Yes,Yes,140,45
13.483,-81.63,RC10-256,-1146,No,No,63,9
13.483,-81.63,RC10-256,-1146,No,Yes,63,2
13.483,-81.63,RC10-256,-1146,Yes,No,63,73
13.483,-81.63,RC10-256,-1146,Yes,Yes,63,124
13.733,-51.12,V18-16,-4931,No,No,180,60
13.733,-51.12,V18-16,-4931,No,Yes,180,5
13.733,-51.12,V18-16,-4931,Yes,No,180,158
13.733,-51.12,V18-16,-4931,Yes,Yes,180,175
13.933,-72.37,V28-115,-2109,No,No,297,26
13.933,-72.37,V28-115,-2109,No,Yes,297,2
13.933,-72.37,V28-115,-2109,Yes,No,297,130
13.933,-72.37,V28-115,-2109,Yes,Yes,297,148
14,-74.88,RC08-106,-3904,No,No,42,15
14,-74.88,RC08-106,-3904,No,Yes,42,0
14,-74.88,RC08-106,-3904,Yes,No,42,122
14,-74.88,RC08-106,-3904,Yes,Yes,42,161
14.15,88.083,V29-16,-2950,No,No,321,44
14.15,88.083,V29-16,-2950,No,Yes,321,2
14.15,88.083,V29-16,-2950,Yes,No,321,158
14.15,88.083,V29-16,-2950,Yes,Yes,321,105
14.167,-18.58,V22-197,-3167,No,No,215,62
14.167,-18.58,V22-197,-3167,No,Yes,215,116
14.167,-18.58,V22-197,-3167,Yes,No,215,67
14.167,-18.58,V22-197,-3167,Yes,Yes,215,92
14.267,-75.58,RC07-21,-4094,No,No,41,24
14.267,-75.58,RC07-21,-4094,No,Yes,41,0
14.267,-75.58,RC07-21,-4094,Yes,No,41,156
14.267,-75.58,RC07-21,-4094,Yes,Yes,41,121
14.3,51,V14-105,-2120,No,No,141,5
14.3,51,V14-105,-2120,No,Yes,141,47
14.3,51,V14-105,-2120,Yes,No,141,148
14.3,51,V14-105,-2120,Yes,Yes,141,54
14.4,-21.15,V22-202,-4310,No,No,216,72
14.4,-21.15,V22-202,-4310,No,Yes,216,1
14.4,-21.15,V22-202,-4310,Yes,No,216,285
14.4,-21.15,V22-202,-4310,Yes,Yes,216,84
14.45,-77.23,V21-222,-4060,No,No,210,12
14.45,-77.23,V21-222,-4060,No,Yes,210,1
14.45,-77.23,V21-222,-4060,Yes,No,210,97
14.45,-77.23,V21-222,-4060,Yes,Yes,210,127
14.695,-77.17,RC13-159,-4027,No,No,92,5
14.695,-77.17,RC13-159,-4027,No,Yes,92,13
14.695,-77.17,RC13-159,-4027,Yes,No,92,75
14.695,-77.17,RC13-159,-4027,Yes,Yes,92,270
14.763,70.058,RC17-121,-3481,No,No,107,9
14.763,70.058,RC17-121,-3481,No,Yes,107,7
14.763,70.058,RC17-121,-3481,Yes,No,107,67
14.763,70.058,RC17-121,-3481,Yes,Yes,107,38
14.933,-73.92,V28-111,-4010,No,No,296,14
14.933,-73.92,V28-111,-4010,No,Yes,296,1
14.933,-73.92,V28-111,-4010,Yes,No,296,79
14.933,-73.92,V28-111,-4010,Yes,Yes,296,149
15.017,-23.23,V22-204,-1723,No,No,217,25
15.017,-23.23,V22-204,-1723,No,Yes,217,32
15.017,-23.23,V22-204,-1723,Yes,No,217,94
15.017,-23.23,V22-204,-1723,Yes,Yes,217,220
15.483,-40.52,V14-4,-4473,No,No,145,7
15.483,-40.52,V14-4,-4473,No,Yes,145,5
15.483,-40.52,V14-4,-4473,Yes,No,145,36
15.483,-40.52,V14-4,-4473,Yes,Yes,145,245
15.617,-71.67,RC13-150,-3788,No,No,88,7
15.617,-71.67,RC13-150,-3788,No,Yes,88,3
15.617,-71.67,RC13-150,-3788,Yes,No,88,67
15.617,-71.67,RC13-150,-3788,Yes,Yes,88,231
15.857,-74.79,RC13-151,-2792,No,No,89,9
15.857,-74.79,RC13-151,-2792,No,Yes,89,9
15.857,-74.79,RC13-151,-2792,Yes,No,89,89
15.857,-74.79,RC13-151,-2792,Yes,Yes,89,224
16.383,-17.92,V29-167,-2822,No,No,322,113
16.383,-17.92,V29-167,-2822,No,Yes,322,79
16.383,-17.92,V29-167,-2822,Yes,No,322,147
16.383,-17.92,V29-167,-2822,Yes,Yes,322,105
16.533,-28.85,V27-172,-4938,No,No,269,45
16.533,-28.85,V27-172,-4938,No,Yes,269,10
16.533,-28.85,V27-172,-4938,Yes,No,269,105
16.533,-28.85,V27-172,-4938,Yes,Yes,269,240
16.567,-79.53,RC10-49,-1238,No,No,64.5,9
16.567,-79.53,RC10-49,-1238,No,Yes,64.5,4.5
16.567,-79.53,RC10-49,-1238,Yes,No,64.5,78.5
16.567,-79.53,RC10-49,-1238,Yes,Yes,64.5,261.5
17,-74.4,V12-122,-2800,No,No,133,17
17,-74.4,V12-122,-2800,No,Yes,133,5
17,-74.4,V12-122,-2800,Yes,No,133,63
17,-74.4,V12-122,-2800,Yes,Yes,133,244
17.033,-76.6,V28-119,-1781,No,No,299,12
17.033,-76.6,V28-119,-1781,No,Yes,299,13
17.033,-76.6,V28-119,-1781,Yes,No,299,67
17.033,-76.6,V28-119,-1781,Yes,Yes,299,265
17.033,-71.23,V26-125,-2210,No,No,247,11
17.033,-71.23,V26-125,-2210,No,Yes,247,4
17.033,-71.23,V26-125,-2210,Yes,No,247,59
17.033,-71.23,V26-125,-2210,Yes,Yes,247,234
17.2,-35.83,V23-105,-5009,No,No,224,23
17.2,-35.83,V23-105,-5009,No,Yes,224,2
17.2,-35.83,V23-105,-5009,Yes,No,224,88
17.2,-35.83,V23-105,-5009,Yes,Yes,224,277
17.267,-48.42,V16-21,-3975,No,No,155,3
17.267,-48.42,V16-21,-3975,No,Yes,155,9
17.267,-48.42,V16-21,-3975,Yes,No,155,49
17.267,-48.42,V16-21,-3975,Yes,Yes,155,296
17.483,-40.67,V23-107,-5104,No,No,225,22
17.483,-40.67,V23-107,-5104,No,Yes,225,11
17.483,-40.67,V23-107,-5104,Yes,No,225,75
17.483,-40.67,V23-107,-5104,Yes,Yes,225,309
17.567,-63.57,V06-5,-190,No,No,121,0
17.567,-63.57,V06-5,-190,No,Yes,121,8
17.567,-63.57,V06-5,-190,Yes,No,121,41
17.567,-63.57,V06-5,-190,Yes,Yes,121,345
17.883,58.083,RC09-163,-3005,No,No,56,7
17.883,58.083,RC09-163,-3005,No,Yes,56,117
17.883,58.083,RC09-163,-3005,Yes,No,56,115
17.883,58.083,RC09-163,-3005,Yes,Yes,56,64
19.193,66.29,RC17-114,-2967,No,No,105,8
19.193,66.29,RC17-114,-2967,No,Yes,105,11
19.193,66.29,RC17-114,-2967,Yes,No,105,152
19.193,66.29,RC17-114,-2967,Yes,Yes,105,136
19.4,-78.55,A179-6,-4731,No,No,18,11
19.4,-78.55,A179-6,-4731,No,Yes,18,1
19.4,-78.55,A179-6,-4731,Yes,No,18,52
19.4,-78.55,A179-6,-4731,Yes,Yes,18,269
19.883,-25.53,V23-101,-4482,No,No,223,27
19.883,-25.53,V23-101,-4482,No,Yes,223,10
19.883,-25.53,V23-101,-4482,Yes,No,223,90
19.883,-25.53,V23-101,-4482,Yes,Yes,223,197
20.7,-31.45,V22-211,-4402,No,No,218,16
20.7,-31.45,V22-211,-4402,No,Yes,218,4
20.7,-31.45,V22-211,-4402,Yes,No,218,60
20.7,-31.45,V22-211,-4402,Yes,Yes,218,270
20.7332,-59.2,A181-9,-5215,No,No,26,21
20.7332,-59.2,A181-9,-5215,No,Yes,26,1
20.7332,-59.2,A181-9,-5215,Yes,No,26,26
20.7332,-59.2,A181-9,-5215,Yes,Yes,26,334
21.3,-69.67,RC10-22,-3832,No,No,62,4
21.3,-69.67,RC10-22,-3832,No,Yes,62,17
21.3,-69.67,RC10-22,-3832,Yes,No,62,76
21.3,-69.67,RC10-22,-3832,Yes,Yes,62,394
21.472,67.298,RC17-116,-2195,No,No,106,1
21.472,67.298,RC17-116,-2195,No,Yes,106,50
21.472,67.298,RC17-116,-2195,Yes,No,106,125
21.472,67.298,RC17-116,-2195,Yes,Yes,106,126
22.467,-20.07,V29-170,-4455,No,No,323,40
22.467,-20.07,V29-170,-4455,No,Yes,323,15
22.467,-20.07,V29-170,-4455,Yes,No,323,78
22.467,-20.07,V29-170,-4455,Yes,Yes,323,317
22.6,-72.6,V24-8,-4887,No,No,244,2
22.6,-72.6,V24-8,-4887,No,Yes,244,8
22.6,-72.6,V24-8,-4887,Yes,No,244,54
22.6,-72.6,V24-8,-4887,Yes,Yes,244,306
22.967,-38.2,V10-88,-4971,No,No,130,8
22.967,-38.2,V10-88,-4971,No,Yes,130,1
22.967,-38.2,V10-88,-4971,Yes,No,130,31
22.967,-38.2,V10-88,-4971,Yes,Yes,130,443
23.033,-43.8,V10-89,-3523,No,No,131,3
23.033,-43.8,V10-89,-3523,No,Yes,131,27
23.033,-43.8,V10-89,-3523,Yes,No,131,38
23.033,-43.8,V10-89,-3523,Yes,Yes,131,224
23.333,-46.48,V16-206,-3733,No,No,153,1
23.333,-46.48,V16-206,-3733,No,Yes,153,23
23.333,-46.48,V16-206,-3733,Yes,No,153,34
23.333,-46.48,V16-206,-3733,Yes,Yes,153,251
23.767,-92.47,V03-128,-3590,No,No,116,5
23.767,-92.47,V03-128,-3590,No,Yes,116,7
23.767,-92.47,V03-128,-3590,Yes,No,116,63
23.767,-92.47,V03-128,-3590,Yes,Yes,116,233
23.9333,-75.75,A179-13,-1847,No,No,14,1
23.9333,-75.75,A179-13,-1847,No,Yes,14,33
23.9333,-75.75,A179-13,-1847,Yes,No,14,38
23.9333,-75.75,A179-13,-1847,Yes,Yes,14,259
24.283,-53.07,V12-4,-5009,No,No,134,2
24.283,-53.07,V12-4,-5009,No,Yes,134,5
24.283,-53.07,V12-4,-5009,Yes,No,134,18
24.283,-53.07,V12-4,-5009,Yes,Yes,134,446
24.5,-16.95,KM1-41,-1530,No,No,40,183
24.5,-16.95,KM1-41,-1530,No,Yes,40,67
24.5,-16.95,KM1-41,-1530,Yes,No,40,117
24.5,-16.95,KM1-41,-1530,Yes,Yes,40,125
24.8,-75.9333,A179-15,-3109,No,No,15,1
24.8,-75.9333,A179-15,-3109,No,Yes,15,41
24.8,-75.9333,A179-15,-3109,Yes,No,15,45
24.8,-75.9333,A179-15,-3109,Yes,Yes,15,242
24.967,-28.933,V17-162,-5480,No,No,174,56
24.967,-28.933,V17-162,-5480,No,Yes,174,3
24.967,-28.933,V17-162,-5480,Yes,No,174,148
24.967,-28.933,V17-162,-5480,Yes,Yes,174,243
25.933,-26.58,V27-167,-5099,No,No,267,19
25.933,-26.58,V27-167,-5099,No,Yes,267,0
25.933,-26.58,V27-167,-5099,Yes,No,267,80
25.933,-26.58,V27-167,-5099,Yes,Yes,267,165
26.783,-50.83,V28-98,-4083,No,No,320,4
26.783,-50.83,V28-98,-4083,No,Yes,320,14
26.783,-50.83,V28-98,-4083,Yes,No,320,27
26.783,-50.83,V28-98,-4083,Yes,Yes,320,274
26.783,-46.7,V25-24,-4563,No,No,245,4
26.783,-46.7,V25-24,-4563,No,Yes,245,15
26.783,-46.7,V25-24,-4563,Yes,No,245,36
26.783,-46.7,V25-24,-4563,Yes,Yes,245,255
27.917,-43.63,V22-219,-2582,No,No,219,16
27.917,-43.63,V22-219,-2582,No,Yes,219,23
27.917,-43.63,V22-219,-2582,Yes,No,219,47
27.917,-43.63,V22-219,-2582,Yes,Yes,219,254
27.967,-34.133,V17-163,-5132,No,No,175,8
27.967,-34.133,V17-163,-5132,No,Yes,175,3
27.967,-34.133,V17-163,-5132,Yes,No,175,54
27.967,-34.133,V17-163,-5132,Yes,Yes,175,327
28,-38.783,A153-154,-4020,No,No,2,13
28,-38.783,A153-154,-4020,No,Yes,2,25
28,-38.783,A153-154,-4020,Yes,No,2,83
28,-38.783,A153-154,-4020,Yes,Yes,2,237
28.483,-65.05,V17-1,-5024,No,No,172,13
28.483,-65.05,V17-1,-5024,No,Yes,172,6
28.483,-65.05,V17-1,-5024,Yes,No,172,50
28.483,-65.05,V17-1,-5024,Yes,Yes,172,380
29.017,-41.4,V19-308,-3197,No,No,200,11
29.017,-41.4,V19-308,-3197,No,Yes,200,20
29.017,-41.4,V19-308,-3197,Yes,No,200,62
29.017,-41.4,V19-308,-3197,Yes,Yes,200,318
29.283,-79.92,V07-13,-452,No,No,122,5
29.283,-79.92,V07-13,-452,No,Yes,122,12
29.283,-79.92,V07-13,-452,Yes,No,122,192
29.283,-79.92,V07-13,-452,Yes,Yes,122,302
29.483,-19.62,V27-164,-4623,No,No,266,54
29.483,-19.62,V27-164,-4623,No,Yes,266,6
29.483,-19.62,V27-164,-4623,Yes,No,266,35
29.483,-19.62,V27-164,-4623,Yes,Yes,266,221
29.617,-36.92,V17-164,-4433,No,No,176,19
29.617,-36.92,V17-164,-4433,No,Yes,176,4
29.617,-36.92,V17-164,-4433,Yes,No,176,109
29.617,-36.92,V17-164,-4433,Yes,Yes,176,267
29.7667,-76.8,A167-18TW,-1015,No,No,12,5
29.7667,-76.8,A167-18TW,-1015,No,Yes,12,10
29.7667,-76.8,A167-18TW,-1015,Yes,No,12,114
29.7667,-76.8,A167-18TW,-1015,Yes,Yes,12,164
29.8,-15.1,V23-96,-3471,No,No,242,30
29.8,-15.1,V23-96,-3471,No,Yes,242,10
29.8,-15.1,V23-96,-3471,Yes,No,242,58
29.8,-15.1,V23-96,-3471,Yes,Yes,242,281
30,-51.87,V16-209,-4673,No,No,154,20
30,-51.87,V16-209,-4673,No,Yes,154,13
30,-51.87,V16-209,-4673,Yes,No,154,72
30,-51.87,V16-209,-4673,Yes,Yes,154,338
30.7833,-67.6667,A179-20,-4993,No,No,16,16
30.7833,-67.6667,A179-20,-4993,No,Yes,16,56
30.7833,-67.6667,A179-20,-4993,Yes,No,16,49
30.7833,-67.6667,A179-20,-4993,Yes,Yes,16,234
31.383,-11.62,V10-80,-2550,No,No,129,73
31.383,-11.62,V10-80,-2550,No,Yes,129,77
31.383,-11.62,V10-80,-2550,Yes,No,129,67
31.383,-11.62,V10-80,-2550,Yes,Yes,129,257
31.433,-64.17,V10-98,-4299,No,No,132,34
31.433,-64.17,V10-98,-4299,No,Yes,132,34
31.433,-64.17,V10-98,-4299,Yes,No,132,94
31.433,-64.17,V10-98,-4299,Yes,Yes,132,174
31.65,-75.35,A167-13,-2880,No,No,11,29
31.65,-75.35,A167-13,-2880,No,Yes,11,23
31.65,-75.35,A167-13,-2880,Yes,No,11,128
31.65,-75.35,A167-13,-2880,Yes,Yes,11,503
31.8333,-74.35,A167-12,-4700,No,No,10,42
31.8333,-74.35,A167-12,-4700,No,Yes,10,34
31.8333,-74.35,A167-12,-4700,Yes,No,10,135
31.8333,-74.35,A167-12,-4700,Yes,Yes,10,239
32.217,-64.72,V05-40,-1953,No,No,120,20
32.217,-64.72,V05-40,-1953,No,Yes,120,36
32.217,-64.72,V05-40,-1953,Yes,No,120,42
32.217,-64.72,V05-40,-1953,Yes,Yes,120,229
32.283,-65.12,V05-31,-1597,No,No,119,15
32.283,-65.12,V05-31,-1597,No,Yes,119,15
32.283,-65.12,V05-31,-1597,Yes,No,119,59
32.283,-65.12,V05-31,-1597,Yes,Yes,119,190
32.6,-69.5,V05-1,-5323,No,No,118,37
32.6,-69.5,V05-1,-5323,No,Yes,118,67
32.6,-69.5,V05-1,-5323,Yes,No,118,99
32.6,-69.5,V05-1,-5323,Yes,Yes,118,131
32.65,-52.3,V22-230,-5048,No,No,220,205
32.65,-52.3,V22-230,-5048,No,Yes,220,37
32.65,-52.3,V22-230,-5048,Yes,No,220,117
32.65,-52.3,V22-230,-5048,Yes,Yes,220,91
33.3,-48.27,V19-310,-4607,No,No,201,49
33.3,-48.27,V19-310,-4607,No,Yes,201,42
33.3,-48.27,V19-310,-4607,Yes,No,201,202
33.3,-48.27,V19-310,-4607,Yes,Yes,201,269
33.333,-27.367,A180-20,-4040,No,No,20,50
33.333,-27.367,A180-20,-4040,No,Yes,20,65
33.333,-27.367,A180-20,-4040,Yes,No,20,88
33.333,-27.367,A180-20,-4040,Yes,Yes,20,222
34.2,-16.87,V27-162,-4281,No,No,265,39
34.2,-16.87,V27-162,-4281,No,Yes,265,15
34.2,-16.87,V27-162,-4281,Yes,No,265,62
34.2,-16.87,V27-162,-4281,Yes,Yes,265,158
34.667,-61.45,V07-67,-4308,No,No,125,43
34.667,-61.45,V07-67,-4308,No,Yes,125,56
34.667,-61.45,V07-67,-4308,Yes,No,125,97
34.667,-61.45,V07-67,-4308,Yes,Yes,125,160
34.75,-57.25,V22-232,-4685,No,No,221,39
34.75,-57.25,V22-232,-4685,No,Yes,221,7
34.75,-57.25,V22-232,-4685,Yes,No,221,154
34.75,-57.25,V22-232,-4685,Yes,Yes,221,124
35.583,-43.9,V27-266,-4804,No,No,279,59
35.583,-43.9,V27-266,-4804,No,Yes,279,26
35.583,-43.9,V27-266,-4804,Yes,No,279,112
35.583,-43.9,V27-266,-4804,Yes,Yes,279,162
35.7167,-67.3333,A164-13,-5103,No,No,5,56
35.7167,-67.3333,A164-13,-5103,No,Yes,5,106
35.7167,-67.3333,A164-13,-5103,Yes,No,5,123
35.7167,-67.3333,A164-13,-5103,Yes,Yes,5,133
35.7667,-69.0833,A179-24,-4663,No,No,17,41
35.7667,-69.0833,A179-24,-4663,No,Yes,17,32
35.7667,-69.0833,A179-24,-4663,Yes,No,17,219
35.7667,-69.0833,A179-24,-4663,Yes,Yes,17,224
35.7833,-68.9333,A164-17,-4824,No,No,8,65
35.7833,-68.9333,A164-17,-4824,No,Yes,8,69
35.7833,-68.9333,A164-17,-4824,Yes,No,8,117
35.7833,-68.9333,A164-17,-4824,Yes,Yes,8,112
36.1333,-68.9167,A164-15,-4624,No,No,6,64
36.1333,-68.9167,A164-15,-4624,No,Yes,6,65
36.1333,-68.9167,A164-15,-4624,Yes,No,6,135
36.1333,-68.9167,A164-15,-4624,Yes,Yes,6,89
36.15,-69.15,A164-16,-4624,No,No,7,40
36.15,-69.15,A164-16,-4624,No,Yes,7,59
36.15,-69.15,A164-16,-4624,Yes,No,7,118
36.15,-69.15,A164-16,-4624,Yes,Yes,7,189
36.2167,-69.4,A164-23,-4512,No,No,9,62
36.2167,-69.4,A164-23,-4512,No,Yes,9,67
36.2167,-69.4,A164-23,-4512,Yes,No,9,116
36.2167,-69.4,A164-23,-4512,Yes,Yes,9,145
36.8498,-21.017,V04-12,-4500,No,No,117,67
36.8498,-21.017,V04-12,-4500,No,Yes,117,58
36.8498,-21.017,V04-12,-4500,Yes,No,117,119
36.8498,-21.017,V04-12,-4500,Yes,Yes,117,229
36.9,-54.03,V07-53,-5427,No,No,124,59
36.9,-54.03,V07-53,-5427,No,Yes,124,52
36.9,-54.03,V07-53,-5427,Yes,No,124,194
36.9,-54.03,V07-53,-5427,Yes,Yes,124,54
37.65,-72.95,A167-1TW,-2706,No,No,13,192
37.65,-72.95,A167-1TW,-2706,No,Yes,13,14
37.65,-72.95,A167-1TW,-2706,Yes,No,13,215
37.65,-72.95,A167-1TW,-2706,Yes,Yes,13,29
38.283,-68.53,V20-253,-4889,No,No,208,282
38.283,-68.53,V20-253,-4889,No,Yes,208,22
38.283,-68.53,V20-253,-4889,Yes,No,208,244
38.283,-68.53,V20-253,-4889,Yes,Yes,208,31
38.75,-67.55,V18-373,-4202,No,No,189,51
38.75,-67.55,V18-373,-4202,No,Yes,189,6
38.75,-67.55,V18-373,-4202,Yes,No,189,232
38.75,-67.55,V18-373,-4202,Yes,Yes,189,64
38.917,-57.13,V07-42,-5260,No,No,123,159
38.917,-57.13,V07-42,-5260,No,Yes,123,6
38.917,-57.13,V07-42,-5260,Yes,No,123,141
38.917,-57.13,V07-42,-5260,Yes,Yes,123,42
39.1332,-42.65,A180-13,-4880,No,No,19,137
39.1332,-42.65,A180-13,-4880,No,Yes,19,36
39.1332,-42.65,A180-13,-4880,Yes,No,19,202
39.1332,-42.65,A180-13,-4880,Yes,Yes,19,80
39.617,-13.55,V27-144,-4894,No,No,262,148
39.617,-13.55,V27-144,-4894,No,Yes,262,61
39.617,-13.55,V27-144,-4894,Yes,No,262,77
39.617,-13.55,V27-144,-4894,Yes,Yes,262,43
39.717,-20.15,V27-143,-4932,No,No,261,83
39.717,-20.15,V27-143,-4932,No,Yes,261,35
39.717,-20.15,V27-143,-4932,Yes,No,261,102
39.717,-20.15,V27-143,-4932,Yes,Yes,261,152
40.55,-26,V29-176,-3064,No,No,324,180
40.55,-26,V29-176,-3064,No,Yes,324,162
40.55,-26,V29-176,-3064,Yes,No,324,149
40.55,-26,V29-176,-3064,Yes,Yes,324,178
40.767,-64.6,V07-68,-4133,No,No,126,231
40.767,-64.6,V07-68,-4133,No,Yes,126,6
40.767,-64.6,V07-68,-4133,Yes,No,126,158
40.767,-64.6,V07-68,-4133,Yes,Yes,126,16
41.517,-45.13,V23-13,-4845,No,No,226,136
41.517,-45.13,V23-13,-4845,No,Yes,226,76
41.517,-45.13,V23-13,-4845,Yes,No,226,193
41.517,-45.13,V23-13,-4845,Yes,Yes,226,116
41.533,-25.72,V29-177,-3391,No,No,325,88
41.533,-25.72,V29-177,-3391,No,Yes,325,104
41.533,-25.72,V29-177,-3391,Yes,No,325,98
41.533,-25.72,V29-177,-3391,Yes,Yes,325,80
42.267,-60.5,V27-10,-3895,No,No,253,176
42.267,-60.5,V27-10,-3895,No,Yes,253,41
42.267,-60.5,V27-10,-3895,Yes,No,253,93
42.267,-60.5,V27-10,-3895,Yes,Yes,253,3
42.467,-54.9,V02-9,-4702,No,No,115,263
42.467,-54.9,V02-9,-4702,No,Yes,115,28
42.467,-54.9,V02-9,-4702,Yes,No,115,115
42.467,-54.9,V02-9,-4702,Yes,Yes,115,15
42.7,-17.07,V27-137,-4883,No,No,260,151
42.7,-17.07,V27-137,-4883,No,Yes,260,26
42.7,-17.07,V27-137,-4883,Yes,No,260,123
42.7,-17.07,V27-137,-4883,Yes,Yes,260,56
42.75,-43.23,V27-15,-4856,No,No,263,154
42.75,-43.23,V27-15,-4856,No,Yes,263,75
42.75,-43.23,V27-15,-4856,Yes,No,263,93
42.75,-43.23,V27-15,-4856,Yes,Yes,263,52
42.85,-25.15,V29-178,-3448,No,No,326,133
42.85,-25.15,V29-178,-3448,No,Yes,326,110
42.85,-25.15,V29-178,-3448,Yes,No,326,122
42.85,-25.15,V29-178,-3448,Yes,Yes,326,129
43.8,-14.68,V27-126,-5201,No,No,259,89
43.8,-14.68,V27-126,-5201,No,Yes,259,1
43.8,-14.68,V27-126,-5201,Yes,No,259,78
43.8,-14.68,V27-126,-5201,Yes,Yes,259,37
44.017,-24.53,V29-179,-3331,No,No,327,175
44.017,-24.53,V29-179,-3331,No,Yes,327,147
44.017,-24.53,V29-179,-3331,Yes,No,327,117
44.017,-24.53,V29-179,-3331,Yes,Yes,327,95
44.167,-39.87,V27-16,-4797,No,No,264,148
44.167,-39.87,V27-16,-4797,No,Yes,264,46
44.167,-39.87,V27-16,-4797,Yes,No,264,177
44.167,-39.87,V27-16,-4797,Yes,Yes,264,41
44.2,-14.9,RC09-212,-5083,No,No,57,234
44.2,-14.9,RC09-212,-5083,No,Yes,57,20
44.2,-14.9,RC09-212,-5083,Yes,No,57,95
44.2,-14.9,RC09-212,-5083,Yes,Yes,57,100
44.3498,-30.267,A152-84,-2750,No,No,1,149
44.3498,-30.267,A152-84,-2750,No,Yes,1,75
44.3498,-30.267,A152-84,-2750,Yes,No,1,107
44.3498,-30.267,A152-84,-2750,Yes,Yes,1,118
45.1,-10.57,RC09-222,-4903,No,No,58,139
45.1,-10.57,RC09-222,-4903,No,Yes,58,25
45.1,-10.57,RC09-222,-4903,Yes,No,58,87
45.1,-10.57,RC09-222,-4903,Yes,Yes,58,71
45.3,-23.87,V29-180,-3179,No,No,328,256
45.3,-23.87,V29-180,-3179,No,Yes,328,158
45.3,-23.87,V29-180,-3179,Yes,No,328,158
45.3,-23.87,V29-180,-3179,Yes,Yes,328,112
46,-45.05,V23-16,-2813,No,No,227,151
46,-45.05,V23-16,-2813,No,Yes,227,205
46,-45.05,V23-16,-2813,Yes,No,227,28
46,-45.05,V23-16,-2813,Yes,Yes,227,12
46,-16.92,V23-84,-4513,No,No,241,153
46,-16.92,V23-84,-4513,No,Yes,241,64
46,-16.92,V23-84,-4513,Yes,No,241,109
46,-16.92,V23-84,-4513,Yes,Yes,241,51
48.3,-16.97,V27-122,-4696,No,No,258,233
48.3,-16.97,V27-122,-4696,No,Yes,258,69
48.3,-16.97,V27-122,-4696,Yes,No,258,145
48.3,-16.97,V27-122,-4696,Yes,Yes,258,16
49.133,-25.5,V29-183,-3643,No,No,329,211
49.133,-25.5,V29-183,-3643,No,Yes,329,110
49.133,-25.5,V29-183,-3643,Yes,No,329,130
49.133,-25.5,V29-183,-3643,Yes,Yes,329,15
49.133,-25.5,V29-184,-3645,No,No,330,226
49.133,-25.5,V29-184,-3645,No,Yes,330,115
49.133,-25.5,V29-184,-3645,Yes,No,330,142
49.133,-25.5,V29-184,-3645,Yes,Yes,330,28
49.867,-24.25,V23-83,-3871,No,No,240,172
49.867,-24.25,V23-83,-3871,No,Yes,240,89
49.867,-24.25,V23-83,-3871,Yes,No,240,123
49.867,-24.25,V23-83,-3871,Yes,Yes,240,4
50.1,-37.3,V27-17,-2165,No,No,268,95
50.1,-37.3,V27-17,-2165,No,Yes,268,130
50.1,-37.3,V27-17,-2165,Yes,No,268,38
50.1,-37.3,V27-17,-2165,Yes,Yes,268,11
50.9332,-41.75,A157-3,-4025,No,No,4,331
50.9332,-41.75,A157-3,-4025,No,Yes,4,154
50.9332,-41.75,A157-3,-4025,Yes,No,4,185
50.9332,-41.75,A157-3,-4025,Yes,Yes,4,9
52.367,-17.53,V29-189,-4093,No,No,331,336
52.367,-17.53,V29-189,-4093,No,Yes,331,146
52.367,-17.53,V29-189,-4093,Yes,No,331,164
52.367,-17.53,V29-189,-4093,Yes,Yes,331,22
52.583,-21.93,V23-82,-3974,No,No,239,246
52.583,-21.93,V23-82,-3974,No,Yes,239,95
52.583,-21.93,V23-82,-3974,Yes,No,239,124
52.583,-21.93,V23-82,-3974,Yes,Yes,239,3
52.667,-15.17,V29-190,-1458,No,No,332,401
52.667,-15.17,V29-190,-1458,No,Yes,332,231
52.667,-15.17,V29-190,-1458,Yes,No,332,188
52.667,-15.17,V29-190,-1458,Yes,Yes,332,20
53.867,-21.1328,SP009-003,-2743,No,No,113,338
53.867,-21.1328,SP009-003,-2743,No,Yes,113,137
53.867,-21.1328,SP009-003,-2743,Yes,No,113,118
53.867,-21.1328,SP009-003,-2743,Yes,Yes,113,2
54,-46.2,V27-20,-3510,No,No,270,132
54,-46.2,V27-20,-3510,No,Yes,270,177
54,-46.2,V27-20,-3510,Yes,No,270,27
54,-46.2,V27-20,-3510,Yes,Yes,270,3
54.033,-46.87,V27-21,-3636,No,No,271,173
54.033,-46.87,V27-21,-3636,No,Yes,271,226
54.033,-46.87,V27-21,-3636,Yes,No,271,19
54.033,-46.87,V27-21,-3636,Yes,Yes,271,1
54.2,-45.97,V23-22,-3669,No,No,228,150
54.2,-45.97,V23-22,-3669,No,Yes,228,294
54.2,-45.97,V23-22,-3669,Yes,No,228,15
54.2,-45.97,V23-22,-3669,Yes,Yes,228,1
54.25,-16.83,V23-81,-2393,No,No,238,216
54.25,-16.83,V23-81,-2393,No,Yes,238,90
54.25,-16.83,V23-81,-2393,Yes,No,238,124
54.25,-16.83,V23-81,-2393,Yes,Yes,238,7
54.467,-50.8,V27-22,-3188,No,No,272,535
54.467,-50.8,V27-22,-3188,No,Yes,272,31
54.467,-50.8,V27-22,-3188,Yes,No,272,0
54.467,-50.8,V27-22,-3188,Yes,Yes,272,0
54.733,-53.12,V27-23,-830,No,No,273,261
54.733,-53.12,V27-23,-830,No,Yes,273,1
54.733,-53.12,V27-23,-830,Yes,No,273,0
54.733,-53.12,V27-23,-830,Yes,Yes,273,0
54.983,-15.4,RC09-225,-2334,No,No,59,139
54.983,-15.4,RC09-225,-2334,No,Yes,59,82
54.983,-15.4,RC09-225,-2334,Yes,No,59,89
54.983,-15.4,RC09-225,-2334,Yes,Yes,59,4
55.05,-33.07,V27-114,-2532,No,No,257,140
55.05,-33.07,V27-114,-2532,No,Yes,257,145
55.05,-33.07,V27-114,-2532,Yes,No,257,98
55.05,-33.07,V27-114,-2532,Yes,Yes,257,0
55.4,-18.73,V29-193,-1326,No,No,333,428
55.4,-18.73,V29-193,-1326,No,Yes,333,259
55.4,-18.73,V29-193,-1326,Yes,No,333,150
55.4,-18.73,V29-193,-1326,Yes,Yes,333,7
55.967,-56.07,V27-24,-2628,No,No,275,339
55.967,-56.07,V27-24,-2628,No,Yes,275,0
55.967,-56.07,V27-24,-2628,Yes,No,275,0
55.967,-56.07,V27-24,-2628,Yes,Yes,275,0
56.067,-24.08,V27-111,-2809,No,No,256,421
56.067,-24.08,V27-111,-2809,No,Yes,256,87
56.067,-24.08,V27-111,-2809,Yes,No,256,128
56.067,-24.08,V27-111,-2809,Yes,Yes,256,4
56.733,-54.7,V27-25,-3146,No,No,277,405
56.733,-54.7,V27-25,-3146,No,Yes,277,5
56.733,-54.7,V27-25,-3146,Yes,No,277,0
56.733,-54.7,V27-25,-3146,Yes,Yes,277,0
57,-21.32,V29-194,-2085,No,No,334,296
57,-21.32,V29-194,-2085,No,Yes,334,204
57,-21.32,V29-194,-2085,Yes,No,334,163
57,-21.32,V29-194,-2085,Yes,Yes,334,5
58.183,-44.62,V27-28,-2308,No,No,280,387
58.183,-44.62,V27-28,-2308,No,Yes,280,54
58.183,-44.62,V27-28,-2308,Yes,No,280,1
58.183,-44.62,V27-28,-2308,Yes,Yes,280,1
58.367,-47.733,V17-192,-3160,No,No,177,388
58.367,-47.733,V17-192,-3160,No,Yes,177,4
58.367,-47.733,V17-192,-3160,Yes,No,177,1
58.367,-47.733,V17-192,-3160,Yes,Yes,177,2
58.733,-15.57,V29-198,-1139,No,No,335,272
58.733,-15.57,V29-198,-1139,No,Yes,335,192
58.733,-15.57,V29-198,-1139,Yes,No,335,140
58.733,-15.57,V29-198,-1139,Yes,Yes,335,1
59.15,-41.07,V27-30,-2759,No,No,281,327
59.15,-41.07,V27-30,-2759,No,Yes,281,70
59.15,-41.07,V27-30,-2759,Yes,No,281,9
59.15,-41.07,V27-30,-2759,Yes,Yes,281,0
59.6532,-22.77,RE009-7,-2468,No,No,112,176
59.6532,-22.77,RE009-7,-2468,No,Yes,112,135
59.6532,-22.77,RE009-7,-2468,Yes,No,112,91
59.6532,-22.77,RE009-7,-2468,Yes,Yes,112,2
59.95,-32.85,V23-29,-2186,No,No,229,238
59.95,-32.85,V23-29,-2186,No,Yes,229,309
59.95,-32.85,V23-29,-2186,Yes,No,229,61
59.95,-32.85,V23-29,-2186,Yes,Yes,229,1
59.95,-19.2,V29-200,-2650,No,No,336,161
59.95,-19.2,V29-200,-2650,No,Yes,336,133
59.95,-19.2,V29-200,-2650,Yes,No,336,120
59.95,-19.2,V29-200,-2650,Yes,Yes,336,1
60.033,-50.83,V16-227,-3305,No,No,156,320
60.033,-50.83,V16-227,-3305,No,Yes,156,1
60.033,-50.83,V16-227,-3305,Yes,No,156,1
60.033,-50.83,V16-227,-3305,Yes,Yes,156,2
60.383,-20.97,V29-202,-2658,No,No,337,147
60.383,-20.97,V29-202,-2658,No,Yes,337,77
60.383,-20.97,V29-202,-2658,Yes,No,337,88
60.383,-20.97,V29-202,-2658,Yes,Yes,337,2
60.65,-7.433,V27-98,-980,No,No,295,785
60.65,-7.433,V27-98,-980,No,Yes,295,52
60.65,-7.433,V27-98,-980,Yes,No,295,8
60.65,-7.433,V27-98,-980,Yes,Yes,295,0
60.7033,-37.275,V27-32,-2953,No,No,282,207
60.7033,-37.275,V27-32,-2953,No,Yes,282,169
60.7033,-37.275,V27-32,-2953,Yes,No,282,32
60.7033,-37.275,V27-32,-2953,Yes,Yes,282,0
60.733,-57.83,V17-196,-2818,No,No,178,379
60.733,-57.83,V17-196,-2818,No,Yes,178,1
60.733,-57.83,V17-196,-2818,Yes,No,178,0
60.733,-57.83,V17-196,-2818,Yes,Yes,178,0
60.8,-22.45,V29-203,-2085,No,No,338,179
60.8,-22.45,V29-203,-2085,No,Yes,338,104
60.8,-22.45,V29-203,-2085,Yes,No,338,85
60.8,-22.45,V29-203,-2085,Yes,Yes,338,4
60.933,-17.57,V23-79,-2478,No,No,237,641
60.933,-17.57,V23-79,-2478,No,Yes,237,32
60.933,-17.57,V23-79,-2478,Yes,No,237,441
60.933,-17.57,V23-79,-2478,Yes,Yes,237,2
61.183,-23.02,V29-204,-1849,No,No,339,160
61.183,-23.02,V29-204,-1849,No,Yes,339,103
61.183,-23.02,V29-204,-1849,Yes,No,339,98
61.183,-23.02,V29-204,-1849,Yes,Yes,339,0
61.367,-11.5,V27-38,-1317,No,No,284,274
61.367,-11.5,V27-38,-1317,No,Yes,284,65
61.367,-11.5,V27-38,-1317,Yes,No,284,30
61.367,-11.5,V27-38,-1317,Yes,Yes,284,2
61.55,-25.12,V29-205,-1450,No,No,340,151
61.55,-25.12,V29-205,-1450,No,Yes,340,117
61.55,-25.12,V29-205,-1450,Yes,No,340,123
61.55,-25.12,V29-205,-1450,Yes,Yes,340,1
61.917,-24.05,V29-223,-1555,No,No,349,150
61.917,-24.05,V29-223,-1555,No,Yes,349,114
61.917,-24.05,V29-223,-1555,Yes,No,349,72
61.917,-24.05,V29-223,-1555,Yes,Yes,349,7
61.933,-33.27,V27-33,-2946,No,No,283,215
61.933,-33.27,V27-33,-2946,No,Yes,283,135
61.933,-33.27,V27-33,-2946,Yes,No,283,22
61.933,-33.27,V27-33,-2946,Yes,Yes,283,0
62.133,-14.2,V27-102,-1641,No,No,254,821
62.133,-14.2,V27-102,-1641,No,Yes,254,124
62.133,-14.2,V27-102,-1641,Yes,No,254,97
62.133,-14.2,V27-102,-1641,Yes,Yes,254,4
62.667,-27.53,V23-38,-1426,No,No,230,179
62.667,-27.53,V23-38,-1426,No,Yes,230,203
62.667,-27.53,V23-38,-1426,Yes,No,230,51
62.667,-27.53,V23-38,-1426,Yes,Yes,230,9
62.85,-14.53,V29-222,-1694,No,No,348,149
62.85,-14.53,V29-222,-1694,No,Yes,348,149
62.85,-14.53,V29-222,-1694,Yes,No,348,57
62.85,-14.53,V29-222,-1694,Yes,Yes,348,1
62.867,-17.93,V27-104,-1057,No,No,255,318
62.867,-17.93,V27-104,-1057,No,Yes,255,14
62.867,-17.93,V27-104,-1057,Yes,No,255,86
62.867,-17.93,V27-104,-1057,Yes,Yes,255,4
62.9,0.583,V28-33,-1170,No,No,309,387
62.9,0.583,V28-33,-1170,No,Yes,309,15
62.9,0.583,V28-33,-1170,Yes,No,309,17
62.9,0.583,V28-33,-1170,Yes,Yes,309,0
63.45,-6.133,V27-40,-1652,No,No,285,260
63.45,-6.133,V27-40,-1652,No,Yes,285,64
63.45,-6.133,V27-40,-1652,Yes,No,285,103
63.45,-6.133,V27-40,-1652,Yes,Yes,285,10
63.4832,-0.0667,SP010-005,-2012,No,No,114,261
63.4832,-0.0667,SP010-005,-2012,No,Yes,114,8
63.4832,-0.0667,SP010-005,-2012,Yes,No,114,6
63.4832,-0.0667,SP010-005,-2012,Yes,Yes,114,1
64.0833,-4.0167,V28-60,-3244,No,No,319,461
64.0833,-4.0167,V28-60,-3244,No,Yes,319,121
64.0833,-4.0167,V28-60,-3244,Yes,No,319,6
64.0833,-4.0167,V28-60,-3244,Yes,Yes,319,0
64.833,-3.583,V28-34,-3217,No,No,310.5,426
64.833,-3.583,V28-34,-3217,No,Yes,310.5,78.5
64.833,-3.583,V28-34,-3217,Yes,No,310.5,1.5
64.833,-3.583,V28-34,-3217,Yes,Yes,310.5,0
65.017,-6.217,V27-44,-2772,No,No,286,636
65.017,-6.217,V27-44,-2772,No,Yes,286,170
65.017,-6.217,V27-44,-2772,Yes,No,286,2
65.017,-6.217,V27-44,-2772,Yes,Yes,286,0
65.167,-0.067,V29-220,-2873,No,No,347,277
65.167,-0.067,V29-220,-2873,No,Yes,347,133
65.167,-0.067,V29-220,-2873,Yes,No,347,10
65.167,-0.067,V29-220,-2873,Yes,Yes,347,0
65.6,-6.483,V29-209,-2698,No,No,341,320
65.6,-6.483,V29-209,-2698,No,Yes,341,160
65.6,-6.483,V29-209,-2698,Yes,No,341,0
65.6,-6.483,V29-209,-2698,Yes,Yes,341,0
66.733,-6.733,V29-210,-2460,No,No,342,504
66.733,-6.733,V29-210,-2460,No,Yes,342,248
66.733,-6.733,V29-210,-2460,Yes,No,342,0
66.733,-6.733,V29-210,-2460,Yes,Yes,342,0
67.683,0.233,V28-41,-3545,No,No,316.5,436
67.683,0.233,V28-41,-3545,No,Yes,316.5,90.5
67.683,0.233,V28-41,-3545,Yes,No,316.5,3
67.683,0.233,V28-41,-3545,Yes,Yes,316.5,0
67.783,-6.667,V29-211,-2553,No,No,343,420
67.783,-6.667,V29-211,-2553,No,Yes,343,169
67.783,-6.667,V29-211,-2553,Yes,No,343,1
67.783,-6.667,V29-211,-2553,Yes,Yes,343,0
68.0333,0.0167,V23-59,-3083,No,No,231,592
68.0333,0.0167,V23-59,-3083,No,Yes,231,335
68.0333,0.0167,V23-59,-3083,Yes,No,231,12
68.0333,0.0167,V23-59,-3083,Yes,Yes,231,0
68.383,-5.417,V29-218,-3411,No,No,346,386
68.383,-5.417,V29-218,-3411,No,Yes,346,62
68.383,-5.417,V29-218,-3411,Yes,No,346,2
68.383,-5.417,V29-218,-3411,Yes,Yes,346,0
68.55,2.717,V23-73,-2970,No,No,236,607
68.55,2.717,V23-73,-2970,No,Yes,236,154
68.55,2.717,V23-73,-2970,Yes,No,236,16
68.55,2.717,V23-73,-2970,Yes,Yes,236,0
68.717,-12.72,V28-36,-1816,No,No,312.5,532.5
68.717,-12.72,V28-36,-1816,No,Yes,312.5,1.5
68.717,-12.72,V28-36,-1816,Yes,No,312.5,0
68.717,-12.72,V28-36,-1816,Yes,Yes,312.5,0
69.383,-4.4,V28-38,-3411,No,No,315,589
69.383,-4.4,V28-38,-3411,No,Yes,315,21
69.383,-4.4,V28-38,-3411,Yes,No,315,2
69.383,-4.4,V28-38,-3411,Yes,Yes,315,0
70.05,8.317,V23-60,-2974,No,No,232,321
70.05,8.317,V23-60,-2974,No,Yes,232,58
70.05,8.317,V23-60,-2974,Yes,No,232,5
70.05,8.317,V23-60,-2974,Yes,Yes,232,0
70.983,6.683,V23-70,-3047,No,No,235,304
70.983,6.683,V23-70,-3047,No,Yes,235,9
70.983,6.683,V23-70,-3047,Yes,No,235,0
70.983,6.683,V23-70,-3047,Yes,Yes,235,0
71.167,-1.617,V28-30,-2915,No,No,307.5,477.5
71.167,-1.617,V28-30,-2915,No,Yes,307.5,31
71.167,-1.617,V28-30,-2915,Yes,No,307.5,0.5
71.167,-1.617,V28-30,-2915,Yes,Yes,307.5,0
72.0667,-9.0667,V28-37,-2395,No,No,314,481
72.0667,-9.0667,V28-37,-2395,No,Yes,314,2
72.0667,-9.0667,V28-37,-2395,Yes,No,314,0
72.0667,-9.0667,V28-37,-2395,Yes,Yes,314,0
72.183,5.267,V28-29,-2547,No,No,305.5,382.5
72.183,5.267,V28-29,-2547,No,Yes,305.5,131
72.183,5.267,V28-29,-2547,Yes,No,305.5,3.5
72.183,5.267,V28-29,-2547,Yes,Yes,305.5,0
72.433,-13.65,V28-22,-1284,No,No,302,468
72.433,-13.65,V28-22,-1284,No,Yes,302,1
72.433,-13.65,V28-22,-1284,Yes,No,302,0
72.433,-13.65,V28-22,-1284,Yes,Yes,302,0
72.967,-6.983,V29-214,-2608,No,No,344,321
72.967,-6.983,V29-214,-2608,No,Yes,344,3
72.967,-6.983,V29-214,-2608,Yes,No,344,0
72.967,-6.983,V29-214,-2608,Yes,Yes,344,0
73.483,-0.833,V28-28,-2288,No,No,303.5,480
73.483,-0.833,V28-28,-2288,No,Yes,303.5,0
73.483,-0.833,V28-28,-2288,Yes,No,303.5,0.5
73.483,-0.833,V28-28,-2288,Yes,Yes,303.5,1
73.533,2.667,V27-58,-2754,No,No,288,634
73.533,2.667,V27-58,-2754,No,Yes,288,9
73.533,2.667,V27-58,-2754,Yes,No,288,0
73.533,2.667,V27-58,-2754,Yes,Yes,288,0
74.483,11.667,V28-49,-2327,No,No,318,388
74.483,11.667,V28-49,-2327,No,Yes,318,8
74.483,11.667,V28-49,-2327,Yes,No,318,0
74.483,11.667,V28-49,-2327,Yes,Yes,318,0
75,-10.8,V27-82,-2895,No,No,294,489
75,-10.8,V27-82,-2895,No,Yes,294,4
75,-10.8,V27-82,-2895,Yes,No,294,0
75,-10.8,V27-82,-2895,Yes,Yes,294,0
75.933,-5.117,V29-215,-3139,No,No,345,650
75.933,-5.117,V29-215,-3139,No,Yes,345,8
75.933,-5.117,V29-215,-3139,Yes,No,345,0
75.933,-5.117,V29-215,-3139,Yes,Yes,345,0
76.167,-5.4,V27-56,-2736,No,No,287,660
76.167,-5.4,V27-56,-2736,No,Yes,287,1
76.167,-5.4,V27-56,-2736,Yes,No,287,0
76.167,-5.4,V27-56,-2736,Yes,Yes,287,0
76.467,6.917,V27-74,-2778,No,No,291,548
76.467,6.917,V27-74,-2778,No,Yes,291,6
76.467,6.917,V27-74,-2778,Yes,No,291,0
76.467,6.917,V27-74,-2778,Yes,Yes,291,0
77.867,7.267,V23-64,-2529,No,No,234,94
77.867,7.267,V23-64,-2529,No,Yes,234,0
77.867,7.267,V23-64,-2529,Yes,No,234,0
77.867,7.267,V23-64,-2529,Yes,Yes,234,0
77.95,0.2,V23-63,-3050,No,No,233,602
77.95,0.2,V23-63,-3050,No,Yes,233,17
77.95,0.2,V23-63,-3050,Yes,No,233,0
77.95,0.2,V23-63,-3050,Yes,Yes,233,0
78.117,3.617,V27-79,-2308,No,No,292,591
78.117,3.617,V27-79,-2308,No,Yes,292,15
78.117,3.617,V27-79,-2308,Yes,No,292,0
78.117,3.617,V27-79,-2308,Yes,Yes,292,0
78.4,7.417,V27-80,-2915,No,No,293,300
78.4,7.417,V27-80,-2915,No,Yes,293,4
78.4,7.417,V27-80,-2915,Yes,No,293,0
78.4,7.417,V27-80,-2915,Yes,Yes,293,0
78.833,4.633,V27-71,-2439,No,No,290,643
78.833,4.633,V27-71,-2439,No,Yes,290,6
78.833,4.633,V27-71,-2439,Yes,No,290,0
78.833,4.633,V27-71,-2439,Yes,Yes,290,0
78.9,7.05,V27-70,-1300,No,No,289,51
78.9,7.05,V27-70,-1300,No,Yes,289,0
78.9,7.05,V27-70,-1300,Yes,No,289,0
78.9,7.05,V27-70,-1300,Yes,Yes,289,0
